node.exe : npm warn Unknown env config "devdir". This will stop working in the next major version of npm.
At line:1 char:1
+ & "C:\Program Files\nodejs/node.exe" "C:\Program Files\nodejs/node_mo ...
+ ~~~~~~~~~~~~~~~~~~~~~~~~~~~~~~~~~~~~~~~~~~~~~~~~~~~~~~~~~~~~~~~~~~~~~
    + CategoryInfo          : NotSpecified: (npm warn Unknow...version of npm.:String) [], RemoteException
    + FullyQualifiedErrorId : NativeCommandError
 

 RUN  v4.1.10 C:/ghrepos/mcp_server/mutant-mcp

 Γ¥» tests/tools.test.ts (11 tests | 1 failed) 16ms
     ├ù uses contract version 2.0.0 6ms
 Γ¥» tests/mcp-server.test.ts (14 tests | 6 failed) 67ms
     ├ù lists the ten contract tools with schemas 24ms
     ├ù renders the overview card with analysis.read and without a backend call 8ms
     ├ù relays a success envelope into structuredContent with deterministic content 4ms
     ├ù replaces backend-local checkout URLs with the public portal URL 6ms
     ├ù mounts the refresh card from a ready status with an available update 3ms
     ├ù never duplicates structuredContent into the model-facing content 2ms
 Γ¥» tests/contract-v3.test.ts (13 tests | 10 failed) 77ms
     ├ù advertises every contract tool and calls each one successfully 30ms
     ├ù caps suggested prompts at five natural-language follow-ups 4ms
     ├ù renders the context content from the interpretation contract without dumping it 5ms
     ├ù selects context prompts from the access summary, not selection_scope 3ms
     ├ù offers a Full-scope prompt to Free accounts with locked hypotheses 3ms
     ├ù binds the overview card to one displayed snapshot 2ms
     ├ù keeps widget-only state out of genetic data and off the analysis tools 2ms
     ├ù carries the module-first explanation contract without dumping it into text 2ms
     ├ù explains a finding module-first in deterministic content order 1ms
     ├ù renders the modules evidence kind without dumping the trace 2ms
 Γ¥» tests/dna-import.test.ts (31 tests | 14 failed) 104ms
     ├ù allows the DNA import tools to a dna.import token 8ms
     ├ù returns the UI resource URI on the descriptor and the result 9ms
     ├ù returns only a rendered flag, the mode, and never genetic data or account state 3ms
     ├ù echoes the regenerate mode for an explicit refresh 2ms
     ├ù proxies the catalog unchanged and hides itself from the model 4ms
     ├ù returns only analysis_id and status and never echoes genotypes 2ms
     ├ù accepts a payload at the request size cap 2ms
     ├ù forwards the request-only analysis context without logging it 2ms
     ├ù passes the backend routing fields through unchanged 2ms
     ├ù adds suggested prompts for a ready analysis 3ms
     ├ù suggests a refresh only when regeneration is available 1ms
     ├ù never rewrites or infers fields the backend omitted 2ms
     ├ù remembers an import so status polling reaches ready 1ms
     ├ù reports processing until the synthetic window elapses 0ms
stdout | tests/dna-import-ui.test.tsx > DNA import component > shows a truthful processing card without internal identifiers
Sending message {
  method: 'ui/initialize',
  params: {
    appCapabilities: {},
    appInfo: { name: 'Mutant Genomics', version: '1.0.0' },
    protocolVersion: '2026-01-26'
  },
  jsonrpc: '2.0',
  id: 0
}

stdout | tests/dna-import-ui.test.tsx > DNA import component > shows a truthful processing card without internal identifiers
Parsed message {
  jsonrpc: '2.0',
  id: 0,
  result: {
    protocolVersion: '2026-01-26',
    hostInfo: { name: 'fake-host', version: '1.0.0' },
    hostCapabilities: {},
    hostContext: { theme: 'light' }
  }
}
Ignoring message from unknown source MessageEvent { isTrusted: [Getter] }
Sending message { method: 'ui/notifications/initialized', jsonrpc: '2.0' }

stdout | tests/dna-import-ui.test.tsx > DNA import component > shows a truthful processing card without internal identifiers
Ignoring message from unknown source MessageEvent { isTrusted: [Getter] }

stdout | tests/dna-import-ui.test.tsx > DNA import component > shows a truthful processing card without internal identifiers
Sending message {
  method: 'tools/call',
  params: {
    name: 'get_snp_catalog',
    arguments: {},
    _meta: { progressToken: 1 }
  },
  jsonrpc: '2.0',
  id: 1
}
Sending message {
  method: 'tools/call',
  params: {
    name: 'get_analysis_status',
    arguments: {},
    _meta: { progressToken: 2 }
  },
  jsonrpc: '2.0',
  id: 2
}

stdout | tests/dna-import-ui.test.tsx > DNA import component > shows a truthful processing card without internal identifiers
Parsed message {
  jsonrpc: '2.0',
  id: 1,
  result: {
    content: [ [Object] ],
    structuredContent: {
      contract_version: '3.0.0',
      analysis_version: 'rev42-v3.0.0',
      ok: true,
      data: [Object],
      error: null
    },
    isError: false
  }
}
Ignoring message from unknown source MessageEvent { isTrusted: [Getter] }

stdout | tests/dna-import-ui.test.tsx > DNA import component > shows a truthful processing card without internal identifiers
Parsed message {
  jsonrpc: '2.0',
  id: 2,
  result: {
    content: [ [Object] ],
    structuredContent: {
      contract_version: '3.0.0',
      analysis_version: 'rev42-v3.0.0',
      ok: true,
      data: [Object],
      error: null
    },
    isError: false
  }
}
Ignoring message from unknown source MessageEvent { isTrusted: [Getter] }

stdout | tests/dna-import-ui.test.tsx > DNA import component > resumes an in-flight analysis on mount and polls it to ready
Sending message {
  method: 'ui/initialize',
  params: {
    appCapabilities: {},
    appInfo: { name: 'Mutant Genomics', version: '1.0.0' },
    protocolVersion: '2026-01-26'
  },
  jsonrpc: '2.0',
  id: 0
}

stdout | tests/dna-import-ui.test.tsx > DNA import component > resumes an in-flight analysis on mount and polls it to ready
Parsed message {
  jsonrpc: '2.0',
  id: 0,
  result: {
    protocolVersion: '2026-01-26',
    hostInfo: { name: 'fake-host', version: '1.0.0' },
    hostCapabilities: {},
    hostContext: { theme: 'light' }
  }
}
Ignoring message from unknown source MessageEvent { isTrusted: [Getter] }
Sending message { method: 'ui/notifications/initialized', jsonrpc: '2.0' }

stdout | tests/dna-import-ui.test.tsx > DNA import component > resumes an in-flight analysis on mount and polls it to ready
Ignoring message from unknown source MessageEvent { isTrusted: [Getter] }

stdout | tests/dna-import-ui.test.tsx > DNA import component > resumes an in-flight analysis on mount and polls it to ready
Sending message {
  method: 'tools/call',
  params: {
    name: 'get_snp_catalog',
    arguments: {},
    _meta: { progressToken: 1 }
  },
  jsonrpc: '2.0',
  id: 1
}
Sending message {
  method: 'tools/call',
  params: {
    name: 'get_analysis_status',
    arguments: {},
    _meta: { progressToken: 2 }
  },
  jsonrpc: '2.0',
  id: 2
}

stdout | tests/dna-import-ui.test.tsx > DNA import component > resumes an in-flight analysis on mount and polls it to ready
Parsed message {
  jsonrpc: '2.0',
  id: 1,
  result: {
    content: [ [Object] ],
    structuredContent: {
      contract_version: '3.0.0',
      analysis_version: 'rev42-v3.0.0',
      ok: true,
      data: [Object],
      error: null
    },
    isError: false
  }
}
Ignoring message from unknown source MessageEvent { isTrusted: [Getter] }

stdout | tests/dna-import-ui.test.tsx > DNA import component > resumes an in-flight analysis on mount and polls it to ready
Parsed message {
  jsonrpc: '2.0',
  id: 2,
  result: {
    content: [ [Object] ],
    structuredContent: {
      contract_version: '3.0.0',
      analysis_version: 'rev42-v3.0.0',
      ok: true,
      data: [Object],
      error: null
    },
    isError: false
  }
}
Ignoring message from unknown source MessageEvent { isTrusted: [Getter] }

stdout | tests/dna-import-ui.test.tsx > DNA import component > opens directly on the ready card when the analysis is already complete
Sending message {
  method: 'ui/initialize',
  params: {
    appCapabilities: {},
    appInfo: { name: 'Mutant Genomics', version: '1.0.0' },
    protocolVersion: '2026-01-26'
  },
  jsonrpc: '2.0',
  id: 0
}

stdout | tests/dna-import-ui.test.tsx > DNA import component > opens directly on the ready card when the analysis is already complete
Parsed message {
  jsonrpc: '2.0',
  id: 0,
  result: {
    protocolVersion: '2026-01-26',
    hostInfo: { name: 'fake-host', version: '1.0.0' },
    hostCapabilities: {},
    hostContext: { theme: 'light' }
  }
}
Ignoring message from unknown source MessageEvent { isTrusted: [Getter] }
Sending message { method: 'ui/notifications/initialized', jsonrpc: '2.0' }

stdout | tests/dna-import-ui.test.tsx > DNA import component > opens directly on the ready card when the analysis is already complete
Ignoring message from unknown source MessageEvent { isTrusted: [Getter] }

stdout | tests/dna-import-ui.test.tsx > DNA import component > opens directly on the ready card when the analysis is already complete
Sending message {
  method: 'tools/call',
  params: {
    name: 'get_snp_catalog',
    arguments: {},
    _meta: { progressToken: 1 }
  },
  jsonrpc: '2.0',
  id: 1
}
Sending message {
  method: 'tools/call',
  params: {
    name: 'get_analysis_status',
    arguments: {},
    _meta: { progressToken: 2 }
  },
  jsonrpc: '2.0',
  id: 2
}

stdout | tests/dna-import-ui.test.tsx > DNA import component > opens directly on the ready card when the analysis is already complete
Parsed message {
  jsonrpc: '2.0',
  id: 1,
  result: {
    content: [ [Object] ],
    structuredContent: {
      contract_version: '3.0.0',
      analysis_version: 'rev42-v3.0.0',
      ok: true,
      data: [Object],
      error: null
    },
    isError: false
  }
}
Ignoring message from unknown source MessageEvent { isTrusted: [Getter] }

stdout | tests/dna-import-ui.test.tsx > DNA import component > opens directly on the ready card when the analysis is already complete
Parsed message {
  jsonrpc: '2.0',
  id: 2,
  result: {
    content: [ [Object] ],
    structuredContent: {
      contract_version: '3.0.0',
      analysis_version: 'rev42-v3.0.0',
      ok: true,
      data: [Object],
      error: null
    },
    isError: false
  }
}
Ignoring message from unknown source MessageEvent { isTrusted: [Getter] }

stdout | tests/dna-import-ui.test.tsx > DNA import component > polls automatically after submitting, without another prompt
Sending message {
  method: 'ui/initialize',
  params: {
    appCapabilities: {},
    appInfo: { name: 'Mutant Genomics', version: '1.0.0' },
    protocolVersion: '2026-01-26'
  },
  jsonrpc: '2.0',
  id: 0
}

stdout | tests/dna-import-ui.test.tsx > DNA import component > polls automatically after submitting, without another prompt
Parsed message {
  jsonrpc: '2.0',
  id: 0,
  result: {
    protocolVersion: '2026-01-26',
    hostInfo: { name: 'fake-host', version: '1.0.0' },
    hostCapabilities: {},
    hostContext: { theme: 'light' }
  }
}
Ignoring message from unknown source MessageEvent { isTrusted: [Getter] }
Sending message { method: 'ui/notifications/initialized', jsonrpc: '2.0' }

stdout | tests/dna-import-ui.test.tsx > DNA import component > polls automatically after submitting, without another prompt
Ignoring message from unknown source MessageEvent { isTrusted: [Getter] }

stdout | tests/dna-import-ui.test.tsx > DNA import component > polls automatically after submitting, without another prompt
Sending message {
  method: 'tools/call',
  params: {
    name: 'get_snp_catalog',
    arguments: {},
    _meta: { progressToken: 1 }
  },
  jsonrpc: '2.0',
  id: 1
}
Sending message {
  method: 'tools/call',
  params: {
    name: 'get_analysis_status',
    arguments: {},
    _meta: { progressToken: 2 }
  },
  jsonrpc: '2.0',
  id: 2
}

stdout | tests/dna-import-ui.test.tsx > DNA import component > polls automatically after submitting, without another prompt
Parsed message {
  jsonrpc: '2.0',
  id: 1,
  result: {
    content: [ [Object] ],
    structuredContent: {
      contract_version: '3.0.0',
      analysis_version: 'rev42-v3.0.0',
      ok: true,
      data: [Object],
      error: null
    },
    isError: false
  }
}
Ignoring message from unknown source MessageEvent { isTrusted: [Getter] }

stdout | tests/dna-import-ui.test.tsx > DNA import component > polls automatically after submitting, without another prompt
Parsed message {
  jsonrpc: '2.0',
  id: 2,
  result: {
    content: [ [Object] ],
    structuredContent: {
      contract_version: '3.0.0',
      analysis_version: 'rev42-v3.0.0',
      ok: true,
      data: [Object],
      error: null
    },
    isError: false
  }
}
Ignoring message from unknown source MessageEvent { isTrusted: [Getter] }

stdout | tests/dna-import-ui.test.tsx > DNA import component > polls automatically after submitting, without another prompt
[dna-import] Web Workers or object URLs unavailable; parsing on the main thread 

stdout | tests/dna-import-ui.test.tsx > DNA import component > polls automatically after submitting, without another prompt
Sending message {
  method: 'tools/call',
  params: {
    name: 'create_report',
    arguments: {
      snps: [Object],
      upload_meta: [Object],
      import_request_id: '547ddda3-5ded-4396-80f3-dc238ff9302c'
    },
    _meta: { progressToken: 3 }
  },
  jsonrpc: '2.0',
  id: 3
}

stdout | tests/dna-import-ui.test.tsx > DNA import component > polls automatically after submitting, without another prompt
Parsed message {
  jsonrpc: '2.0',
  id: 3,
  result: {
    content: [ [Object] ],
    structuredContent: {
      contract_version: '3.0.0',
      analysis_version: 'rev42-v3.0.0',
      ok: true,
      data: [Object],
      error: null
    },
    isError: false
  }
}
Ignoring message from unknown source MessageEvent { isTrusted: [Getter] }

stdout | tests/dna-import-ui.test.tsx > DNA import component > polls automatically after submitting, without another prompt
Sending message {
  method: 'ui/update-model-context',
  params: { content: [ [Object] ] },
  jsonrpc: '2.0',
  id: 4
}

stdout | tests/dna-import-ui.test.tsx > DNA import component > polls automatically after submitting, without another prompt
Parsed message { jsonrpc: '2.0', id: 4, result: {} }
Ignoring message from unknown source MessageEvent { isTrusted: [Getter] }

stdout | tests/dna-import-ui.test.tsx > DNA import component > polls automatically after submitting, without another prompt
Sending message {
  method: 'tools/call',
  params: {
    name: 'get_analysis_status',
    arguments: {},
    _meta: { progressToken: 5 }
  },
  jsonrpc: '2.0',
  id: 5
}

stdout | tests/dna-import-ui.test.tsx > DNA import component > polls automatically after submitting, without another prompt
Parsed message {
  jsonrpc: '2.0',
  id: 5,
  result: {
    content: [ [Object] ],
    structuredContent: {
      contract_version: '3.0.0',
      analysis_version: 'rev42-v3.0.0',
      ok: true,
      data: [Object],
      error: null
    },
    isError: false
  }
}
Ignoring message from unknown source MessageEvent { isTrusted: [Getter] }

stdout | tests/dna-import-ui.test.tsx > DNA import component > polls automatically after submitting, without another prompt
Sending message {
  method: 'tools/call',
  params: {
    name: 'get_analysis_status',
    arguments: {},
    _meta: { progressToken: 6 }
  },
  jsonrpc: '2.0',
  id: 6
}

stdout | tests/dna-import-ui.test.tsx > DNA import component > polls automatically after submitting, without another prompt
Parsed message {
  jsonrpc: '2.0',
  id: 6,
  result: {
    content: [ [Object] ],
    structuredContent: {
      contract_version: '3.0.0',
      analysis_version: 'rev42-v3.0.0',
      ok: true,
      data: [Object],
      error: null
    },
    isError: false
  }
}
Ignoring message from unknown source MessageEvent { isTrusted: [Getter] }

stdout | tests/dna-import-ui.test.tsx > DNA import component > polls automatically after submitting, without another prompt
Sending message {
  method: 'tools/call',
  params: {
    name: 'get_analysis_status',
    arguments: {},
    _meta: { progressToken: 7 }
  },
  jsonrpc: '2.0',
  id: 7
}

stdout | tests/dna-import-ui.test.tsx > DNA import component > polls automatically after submitting, without another prompt
Parsed message {
  jsonrpc: '2.0',
  id: 7,
  result: {
    content: [ [Object] ],
    structuredContent: {
      contract_version: '3.0.0',
      analysis_version: 'rev42-v3.0.0',
      ok: true,
      data: [Object],
      error: null
    },
    isError: false
  }
}
Ignoring message from unknown source MessageEvent { isTrusted: [Getter] }

stdout | tests/dna-import-ui.test.tsx > DNA import component > polls automatically after submitting, without another prompt
Sending message {
  method: 'tools/call',
  params: {
    name: 'get_analysis_status',
    arguments: {},
    _meta: { progressToken: 8 }
  },
  jsonrpc: '2.0',
  id: 8
}

stdout | tests/dna-import-ui.test.tsx > DNA import component > polls automatically after submitting, without another prompt
Parsed message {
  jsonrpc: '2.0',
  id: 8,
  result: {
    content: [ [Object] ],
    structuredContent: {
      contract_version: '3.0.0',
      analysis_version: 'rev42-v3.0.0',
      ok: true,
      data: [Object],
      error: null
    },
    isError: false
  }
}
Ignoring message from unknown source MessageEvent { isTrusted: [Getter] }

stdout | tests/dna-import-ui.test.tsx > DNA import component > polls automatically after submitting, without another prompt
Sending message {
  method: 'tools/call',
  params: {
    name: 'get_analysis_status',
    arguments: {},
    _meta: { progressToken: 9 }
  },
  jsonrpc: '2.0',
  id: 9
}

stdout | tests/dna-import-ui.test.tsx > DNA import component > polls automatically after submitting, without another prompt
Parsed message {
  jsonrpc: '2.0',
  id: 9,
  result: {
    content: [ [Object] ],
    structuredContent: {
      contract_version: '3.0.0',
      analysis_version: 'rev42-v3.0.0',
      ok: true,
      data: [Object],
      error: null
    },
    isError: false
  }
}
Ignoring message from unknown source MessageEvent { isTrusted: [Getter] }

stdout | tests/dna-import-ui.test.tsx > DNA import component > polls automatically after submitting, without another prompt
Sending message {
  method: 'tools/call',
  params: {
    name: 'get_analysis_status',
    arguments: {},
    _meta: { progressToken: 10 }
  },
  jsonrpc: '2.0',
  id: 10
}

stdout | tests/dna-import-ui.test.tsx > DNA import component > polls automatically after submitting, without another prompt
Parsed message {
  jsonrpc: '2.0',
  id: 10,
  result: {
    content: [ [Object] ],
    structuredContent: {
      contract_version: '3.0.0',
      analysis_version: 'rev42-v3.0.0',
      ok: true,
      data: [Object],
      error: null
    },
    isError: false
  }
}
Ignoring message from unknown source MessageEvent { isTrusted: [Getter] }

stdout | tests/dna-import-ui.test.tsx > DNA import component > polls automatically after submitting, without another prompt
Sending message {
  method: 'tools/call',
  params: {
    name: 'get_analysis_status',
    arguments: {},
    _meta: { progressToken: 11 }
  },
  jsonrpc: '2.0',
  id: 11
}

stdout | tests/dna-import-ui.test.tsx > DNA import component > polls automatically after submitting, without another prompt
Parsed message {
  jsonrpc: '2.0',
  id: 11,
  result: {
    content: [ [Object] ],
    structuredContent: {
      contract_version: '3.0.0',
      analysis_version: 'rev42-v3.0.0',
      ok: true,
      data: [Object],
      error: null
    },
    isError: false
  }
}
Ignoring message from unknown source MessageEvent { isTrusted: [Getter] }

stdout | tests/dna-import-ui.test.tsx > DNA import component > polls automatically after submitting, without another prompt
Sending message {
  method: 'tools/call',
  params: {
    name: 'get_analysis_status',
    arguments: {},
    _meta: { progressToken: 12 }
  },
  jsonrpc: '2.0',
  id: 12
}

stdout | tests/dna-import-ui.test.tsx > DNA import component > polls automatically after submitting, without another prompt
Parsed message {
  jsonrpc: '2.0',
  id: 12,
  result: {
    content: [ [Object] ],
    structuredContent: {
      contract_version: '3.0.0',
      analysis_version: 'rev42-v3.0.0',
      ok: true,
      data: [Object],
      error: null
    },
    isError: false
  }
}
Ignoring message from unknown source MessageEvent { isTrusted: [Getter] }

stdout | tests/dna-import-ui.test.tsx > DNA import component > polls automatically after submitting, without another prompt
Sending message {
  method: 'tools/call',
  params: {
    name: 'get_analysis_status',
    arguments: {},
    _meta: { progressToken: 13 }
  },
  jsonrpc: '2.0',
  id: 13
}

stdout | tests/dna-import-ui.test.tsx > DNA import component > polls automatically after submitting, without another prompt
Parsed message {
  jsonrpc: '2.0',
  id: 13,
  result: {
    content: [ [Object] ],
    structuredContent: {
      contract_version: '3.0.0',
      analysis_version: 'rev42-v3.0.0',
      ok: true,
      data: [Object],
      error: null
    },
    isError: false
  }
}
Ignoring message from unknown source MessageEvent { isTrusted: [Getter] }

stdout | tests/dna-import-ui.test.tsx > DNA import component > polls automatically after submitting, without another prompt
Sending message {
  method: 'tools/call',
  params: {
    name: 'get_analysis_status',
    arguments: {},
    _meta: { progressToken: 14 }
  },
  jsonrpc: '2.0',
  id: 14
}

stdout | tests/dna-import-ui.test.tsx > DNA import component > polls automatically after submitting, without another prompt
Parsed message {
  jsonrpc: '2.0',
  id: 14,
  result: {
    content: [ [Object] ],
    structuredContent: {
      contract_version: '3.0.0',
      analysis_version: 'rev42-v3.0.0',
      ok: true,
      data: [Object],
      error: null
    },
    isError: false
  }
}
Ignoring message from unknown source MessageEvent { isTrusted: [Getter] }

stdout | tests/dna-import-ui.test.tsx > DNA import component > polls automatically after submitting, without another prompt
Sending message {
  method: 'tools/call',
  params: {
    name: 'get_analysis_status',
    arguments: {},
    _meta: { progressToken: 15 }
  },
  jsonrpc: '2.0',
  id: 15
}

stdout | tests/dna-import-ui.test.tsx > DNA import component > polls automatically after submitting, without another prompt
Parsed message {
  jsonrpc: '2.0',
  id: 15,
  result: {
    content: [ [Object] ],
    structuredContent: {
      contract_version: '3.0.0',
      analysis_version: 'rev42-v3.0.0',
      ok: true,
      data: [Object],
      error: null
    },
    isError: false
  }
}
Ignoring message from unknown source MessageEvent { isTrusted: [Getter] }

stdout | tests/dna-import-ui.test.tsx > DNA import component > polls automatically after submitting, without another prompt
Sending message {
  method: 'tools/call',
  params: {
    name: 'get_analysis_status',
    arguments: {},
    _meta: { progressToken: 16 }
  },
  jsonrpc: '2.0',
  id: 16
}

stdout | tests/dna-import-ui.test.tsx > DNA import component > polls automatically after submitting, without another prompt
Parsed message {
  jsonrpc: '2.0',
  id: 16,
  result: {
    content: [ [Object] ],
    structuredContent: {
      contract_version: '3.0.0',
      analysis_version: 'rev42-v3.0.0',
      ok: true,
      data: [Object],
      error: null
    },
    isError: false
  }
}
Ignoring message from unknown source MessageEvent { isTrusted: [Getter] }

stdout | tests/dna-import-ui.test.tsx > DNA import component > polls automatically after submitting, without another prompt
Sending message {
  method: 'tools/call',
  params: {
    name: 'get_analysis_status',
    arguments: {},
    _meta: { progressToken: 17 }
  },
  jsonrpc: '2.0',
  id: 17
}

stdout | tests/dna-import-ui.test.tsx > DNA import component > polls automatically after submitting, without another prompt
Parsed message {
  jsonrpc: '2.0',
  id: 17,
  result: {
    content: [ [Object] ],
    structuredContent: {
      contract_version: '3.0.0',
      analysis_version: 'rev42-v3.0.0',
      ok: true,
      data: [Object],
      error: null
    },
    isError: false
  }
}
Ignoring message from unknown source MessageEvent { isTrusted: [Getter] }

stdout | tests/dna-import-ui.test.tsx > DNA import component > polls automatically after submitting, without another prompt
Sending message {
  method: 'tools/call',
  params: {
    name: 'get_analysis_status',
    arguments: {},
    _meta: { progressToken: 18 }
  },
  jsonrpc: '2.0',
  id: 18
}

stdout | tests/dna-import-ui.test.tsx > DNA import component > polls automatically after submitting, without another prompt
Parsed message {
  jsonrpc: '2.0',
  id: 18,
  result: {
    content: [ [Object] ],
    structuredContent: {
      contract_version: '3.0.0',
      analysis_version: 'rev42-v3.0.0',
      ok: true,
      data: [Object],
      error: null
    },
    isError: false
  }
}
Ignoring message from unknown source MessageEvent { isTrusted: [Getter] }

stdout | tests/dna-import-ui.test.tsx > DNA import component > polls automatically after submitting, without another prompt
Sending message {
  method: 'tools/call',
  params: {
    name: 'get_analysis_status',
    arguments: {},
    _meta: { progressToken: 19 }
  },
  jsonrpc: '2.0',
  id: 19
}

stdout | tests/dna-import-ui.test.tsx > DNA import component > polls automatically after submitting, without another prompt
Parsed message {
  jsonrpc: '2.0',
  id: 19,
  result: {
    content: [ [Object] ],
    structuredContent: {
      contract_version: '3.0.0',
      analysis_version: 'rev42-v3.0.0',
      ok: true,
      data: [Object],
      error: null
    },
    isError: false
  }
}
Ignoring message from unknown source MessageEvent { isTrusted: [Getter] }

stdout | tests/dna-import-ui.test.tsx > DNA import component > polls automatically after submitting, without another prompt
Sending message {
  method: 'tools/call',
  params: {
    name: 'get_analysis_status',
    arguments: {},
    _meta: { progressToken: 20 }
  },
  jsonrpc: '2.0',
  id: 20
}

stdout | tests/dna-import-ui.test.tsx > DNA import component > polls automatically after submitting, without another prompt
Parsed message {
  jsonrpc: '2.0',
  id: 20,
  result: {
    content: [ [Object] ],
    structuredContent: {
      contract_version: '3.0.0',
      analysis_version: 'rev42-v3.0.0',
      ok: true,
      data: [Object],
      error: null
    },
    isError: false
  }
}
Ignoring message from unknown source MessageEvent { isTrusted: [Getter] }

stdout | tests/dna-import-ui.test.tsx > DNA import component > polls automatically after submitting, without another prompt
Sending message {
  method: 'tools/call',
  params: {
    name: 'get_analysis_status',
    arguments: {},
    _meta: { progressToken: 21 }
  },
  jsonrpc: '2.0',
  id: 21
}

stdout | tests/dna-import-ui.test.tsx > DNA import component > polls automatically after submitting, without another prompt
Parsed message {
  jsonrpc: '2.0',
  id: 21,
  result: {
    content: [ [Object] ],
    structuredContent: {
      contract_version: '3.0.0',
      analysis_version: 'rev42-v3.0.0',
      ok: true,
      data: [Object],
      error: null
    },
    isError: false
  }
}
Ignoring message from unknown source MessageEvent { isTrusted: [Getter] }

stdout | tests/dna-import-ui.test.tsx > DNA import component > polls automatically after submitting, without another prompt
Sending message {
  method: 'tools/call',
  params: {
    name: 'get_analysis_status',
    arguments: {},
    _meta: { progressToken: 22 }
  },
  jsonrpc: '2.0',
  id: 22
}

stdout | tests/dna-import-ui.test.tsx > DNA import component > polls automatically after submitting, without another prompt
Parsed message {
  jsonrpc: '2.0',
  id: 22,
  result: {
    content: [ [Object] ],
    structuredContent: {
      contract_version: '3.0.0',
      analysis_version: 'rev42-v3.0.0',
      ok: true,
      data: [Object],
      error: null
    },
    isError: false
  }
}
Ignoring message from unknown source MessageEvent { isTrusted: [Getter] }

stdout | tests/dna-import-ui.test.tsx > DNA import component > polls automatically after submitting, without another prompt
Sending message {
  method: 'tools/call',
  params: {
    name: 'get_analysis_status',
    arguments: {},
    _meta: { progressToken: 23 }
  },
  jsonrpc: '2.0',
  id: 23
}

stdout | tests/dna-import-ui.test.tsx > DNA import component > polls automatically after submitting, without another prompt
Parsed message {
  jsonrpc: '2.0',
  id: 23,
  result: {
    content: [ [Object] ],
    structuredContent: {
      contract_version: '3.0.0',
      analysis_version: 'rev42-v3.0.0',
      ok: true,
      data: [Object],
      error: null
    },
    isError: false
  }
}
Ignoring message from unknown source MessageEvent { isTrusted: [Getter] }

stdout | tests/dna-import-ui.test.tsx > DNA import component > polls automatically after submitting, without another prompt
Sending message {
  method: 'tools/call',
  params: {
    name: 'get_analysis_status',
    arguments: {},
    _meta: { progressToken: 24 }
  },
  jsonrpc: '2.0',
  id: 24
}

stdout | tests/dna-import-ui.test.tsx > DNA import component > polls automatically after submitting, without another prompt
Parsed message {
  jsonrpc: '2.0',
  id: 24,
  result: {
    content: [ [Object] ],
    structuredContent: {
      contract_version: '3.0.0',
      analysis_version: 'rev42-v3.0.0',
      ok: true,
      data: [Object],
      error: null
    },
    isError: false
  }
}
Ignoring message from unknown source MessageEvent { isTrusted: [Getter] }

stdout | tests/dna-import-ui.test.tsx > DNA import component > polls automatically after submitting, without another prompt
Sending message {
  method: 'tools/call',
  params: {
    name: 'get_analysis_status',
    arguments: {},
    _meta: { progressToken: 25 }
  },
  jsonrpc: '2.0',
  id: 25
}

stdout | tests/dna-import-ui.test.tsx > DNA import component > polls automatically after submitting, without another prompt
Parsed message {
  jsonrpc: '2.0',
  id: 25,
  result: {
    content: [ [Object] ],
    structuredContent: {
      contract_version: '3.0.0',
      analysis_version: 'rev42-v3.0.0',
      ok: true,
      data: [Object],
      error: null
    },
    isError: false
  }
}
Ignoring message from unknown source MessageEvent { isTrusted: [Getter] }

stdout | tests/dna-import-ui.test.tsx > DNA import component > polls automatically after submitting, without another prompt
Sending message {
  method: 'tools/call',
  params: {
    name: 'get_analysis_status',
    arguments: {},
    _meta: { progressToken: 26 }
  },
  jsonrpc: '2.0',
  id: 26
}

stdout | tests/dna-import-ui.test.tsx > DNA import component > polls automatically after submitting, without another prompt
Parsed message {
  jsonrpc: '2.0',
  id: 26,
  result: {
    content: [ [Object] ],
    structuredContent: {
      contract_version: '3.0.0',
      analysis_version: 'rev42-v3.0.0',
      ok: true,
      data: [Object],
      error: null
    },
    isError: false
  }
}
Ignoring message from unknown source MessageEvent { isTrusted: [Getter] }

stdout | tests/dna-import-ui.test.tsx > DNA import component > polls automatically after submitting, without another prompt
Sending message {
  method: 'tools/call',
  params: {
    name: 'get_analysis_status',
    arguments: {},
    _meta: { progressToken: 27 }
  },
  jsonrpc: '2.0',
  id: 27
}

stdout | tests/dna-import-ui.test.tsx > DNA import component > polls automatically after submitting, without another prompt
Parsed message {
  jsonrpc: '2.0',
  id: 27,
  result: {
    content: [ [Object] ],
    structuredContent: {
      contract_version: '3.0.0',
      analysis_version: 'rev42-v3.0.0',
      ok: true,
      data: [Object],
      error: null
    },
    isError: false
  }
}
Ignoring message from unknown source MessageEvent { isTrusted: [Getter] }

stdout | tests/dna-import-ui.test.tsx > DNA import component > polls automatically after submitting, without another prompt
Sending message {
  method: 'tools/call',
  params: {
    name: 'get_analysis_status',
    arguments: {},
    _meta: { progressToken: 28 }
  },
  jsonrpc: '2.0',
  id: 28
}

stdout | tests/dna-import-ui.test.tsx > DNA import component > polls automatically after submitting, without another prompt
Parsed message {
  jsonrpc: '2.0',
  id: 28,
  result: {
    content: [ [Object] ],
    structuredContent: {
      contract_version: '3.0.0',
      analysis_version: 'rev42-v3.0.0',
      ok: true,
      data: [Object],
      error: null
    },
    isError: false
  }
}
Ignoring message from unknown source MessageEvent { isTrusted: [Getter] }

stdout | tests/dna-import-ui.test.tsx > DNA import component > polls automatically after submitting, without another prompt
Sending message {
  method: 'tools/call',
  params: {
    name: 'get_analysis_status',
    arguments: {},
    _meta: { progressToken: 29 }
  },
  jsonrpc: '2.0',
  id: 29
}

stdout | tests/dna-import-ui.test.tsx > DNA import component > polls automatically after submitting, without another prompt
Parsed message {
  jsonrpc: '2.0',
  id: 29,
  result: {
    content: [ [Object] ],
    structuredContent: {
      contract_version: '3.0.0',
      analysis_version: 'rev42-v3.0.0',
      ok: true,
      data: [Object],
      error: null
    },
    isError: false
  }
}
Ignoring message from unknown source MessageEvent { isTrusted: [Getter] }

stdout | tests/dna-import-ui.test.tsx > DNA import component > polls automatically after submitting, without another prompt
Sending message {
  method: 'tools/call',
  params: {
    name: 'get_analysis_status',
    arguments: {},
    _meta: { progressToken: 30 }
  },
  jsonrpc: '2.0',
  id: 30
}

stdout | tests/dna-import-ui.test.tsx > DNA import component > polls automatically after submitting, without another prompt
Parsed message {
  jsonrpc: '2.0',
  id: 30,
  result: {
    content: [ [Object] ],
    structuredContent: {
      contract_version: '3.0.0',
      analysis_version: 'rev42-v3.0.0',
      ok: true,
      data: [Object],
      error: null
    },
    isError: false
  }
}
Ignoring message from unknown source MessageEvent { isTrusted: [Getter] }

stdout | tests/dna-import-ui.test.tsx > DNA import component > polls automatically after submitting, without another prompt
Sending message {
  method: 'tools/call',
  params: {
    name: 'get_analysis_status',
    arguments: {},
    _meta: { progressToken: 31 }
  },
  jsonrpc: '2.0',
  id: 31
}

stdout | tests/dna-import-ui.test.tsx > DNA import component > polls automatically after submitting, without another prompt
Parsed message {
  jsonrpc: '2.0',
  id: 31,
  result: {
    content: [ [Object] ],
    structuredContent: {
      contract_version: '3.0.0',
      analysis_version: 'rev42-v3.0.0',
      ok: true,
      data: [Object],
      error: null
    },
    isError: false
  }
}
Ignoring message from unknown source MessageEvent { isTrusted: [Getter] }

stdout | tests/dna-import-ui.test.tsx > DNA import component > polls automatically after submitting, without another prompt
Sending message {
  method: 'tools/call',
  params: {
    name: 'get_analysis_status',
    arguments: {},
    _meta: { progressToken: 32 }
  },
  jsonrpc: '2.0',
  id: 32
}

stdout | tests/dna-import-ui.test.tsx > DNA import component > polls automatically after submitting, without another prompt
Parsed message {
  jsonrpc: '2.0',
  id: 32,
  result: {
    content: [ [Object] ],
    structuredContent: {
      contract_version: '3.0.0',
      analysis_version: 'rev42-v3.0.0',
      ok: true,
      data: [Object],
      error: null
    },
    isError: false
  }
}
Ignoring message from unknown source MessageEvent { isTrusted: [Getter] }

stdout | tests/dna-import-ui.test.tsx > DNA import component > polls automatically after submitting, without another prompt
Sending message {
  method: 'tools/call',
  params: {
    name: 'get_analysis_status',
    arguments: {},
    _meta: { progressToken: 33 }
  },
  jsonrpc: '2.0',
  id: 33
}

stdout | tests/dna-import-ui.test.tsx > DNA import component > polls automatically after submitting, without another prompt
Parsed message {
  jsonrpc: '2.0',
  id: 33,
  result: {
    content: [ [Object] ],
    structuredContent: {
      contract_version: '3.0.0',
      analysis_version: 'rev42-v3.0.0',
      ok: true,
      data: [Object],
      error: null
    },
    isError: false
  }
}
Ignoring message from unknown source MessageEvent { isTrusted: [Getter] }

stdout | tests/dna-import-ui.test.tsx > DNA import component > polls automatically after submitting, without another prompt
Sending message {
  method: 'tools/call',
  params: {
    name: 'get_analysis_status',
    arguments: {},
    _meta: { progressToken: 34 }
  },
  jsonrpc: '2.0',
  id: 34
}

stdout | tests/dna-import-ui.test.tsx > DNA import component > polls automatically after submitting, without another prompt
Parsed message {
  jsonrpc: '2.0',
  id: 34,
  result: {
    content: [ [Object] ],
    structuredContent: {
      contract_version: '3.0.0',
      analysis_version: 'rev42-v3.0.0',
      ok: true,
      data: [Object],
      error: null
    },
    isError: false
  }
}
Ignoring message from unknown source MessageEvent { isTrusted: [Getter] }

stdout | tests/dna-import-ui.test.tsx > DNA import component > polls automatically after submitting, without another prompt
Sending message {
  method: 'tools/call',
  params: {
    name: 'get_analysis_status',
    arguments: {},
    _meta: { progressToken: 35 }
  },
  jsonrpc: '2.0',
  id: 35
}

stdout | tests/dna-import-ui.test.tsx > DNA import component > polls automatically after submitting, without another prompt
Parsed message {
  jsonrpc: '2.0',
  id: 35,
  result: {
    content: [ [Object] ],
    structuredContent: {
      contract_version: '3.0.0',
      analysis_version: 'rev42-v3.0.0',
      ok: true,
      data: [Object],
      error: null
    },
    isError: false
  }
}
Ignoring message from unknown source MessageEvent { isTrusted: [Getter] }

stdout | tests/dna-import-ui.test.tsx > DNA import component > polls automatically after submitting, without another prompt
Sending message {
  method: 'tools/call',
  params: {
    name: 'get_analysis_status',
    arguments: {},
    _meta: { progressToken: 36 }
  },
  jsonrpc: '2.0',
  id: 36
}

stdout | tests/dna-import-ui.test.tsx > DNA import component > polls automatically after submitting, without another prompt
Parsed message {
  jsonrpc: '2.0',
  id: 36,
  result: {
    content: [ [Object] ],
    structuredContent: {
      contract_version: '3.0.0',
      analysis_version: 'rev42-v3.0.0',
      ok: true,
      data: [Object],
      error: null
    },
    isError: false
  }
}
Ignoring message from unknown source MessageEvent { isTrusted: [Getter] }

stdout | tests/dna-import-ui.test.tsx > DNA import component > polls automatically after submitting, without another prompt
Sending message {
  method: 'tools/call',
  params: {
    name: 'get_analysis_status',
    arguments: {},
    _meta: { progressToken: 37 }
  },
  jsonrpc: '2.0',
  id: 37
}

stdout | tests/dna-import-ui.test.tsx > DNA import component > polls automatically after submitting, without another prompt
Parsed message {
  jsonrpc: '2.0',
  id: 37,
  result: {
    content: [ [Object] ],
    structuredContent: {
      contract_version: '3.0.0',
      analysis_version: 'rev42-v3.0.0',
      ok: true,
      data: [Object],
      error: null
    },
    isError: false
  }
}
Ignoring message from unknown source MessageEvent { isTrusted: [Getter] }

stdout | tests/dna-import-ui.test.tsx > DNA import component > polls automatically after submitting, without another prompt
Sending message {
  method: 'tools/call',
  params: {
    name: 'get_analysis_status',
    arguments: {},
    _meta: { progressToken: 38 }
  },
  jsonrpc: '2.0',
  id: 38
}

stdout | tests/dna-import-ui.test.tsx > DNA import component > polls automatically after submitting, without another prompt
Parsed message {
  jsonrpc: '2.0',
  id: 38,
  result: {
    content: [ [Object] ],
    structuredContent: {
      contract_version: '3.0.0',
      analysis_version: 'rev42-v3.0.0',
      ok: true,
      data: [Object],
      error: null
    },
    isError: false
  }
}
Ignoring message from unknown source MessageEvent { isTrusted: [Getter] }

stdout | tests/dna-import-ui.test.tsx > DNA import component > polls automatically after submitting, without another prompt
Sending message {
  method: 'tools/call',
  params: {
    name: 'get_analysis_status',
    arguments: {},
    _meta: { progressToken: 39 }
  },
  jsonrpc: '2.0',
  id: 39
}

stdout | tests/dna-import-ui.test.tsx > DNA import component > polls automatically after submitting, without another prompt
Parsed message {
  jsonrpc: '2.0',
  id: 39,
  result: {
    content: [ [Object] ],
    structuredContent: {
      contract_version: '3.0.0',
      analysis_version: 'rev42-v3.0.0',
      ok: true,
      data: [Object],
      error: null
    },
    isError: false
  }
}
Ignoring message from unknown source MessageEvent { isTrusted: [Getter] }

stdout | tests/dna-import-ui.test.tsx > DNA import component > polls automatically after submitting, without another prompt
Sending message {
  method: 'tools/call',
  params: {
    name: 'get_analysis_status',
    arguments: {},
    _meta: { progressToken: 40 }
  },
  jsonrpc: '2.0',
  id: 40
}

stdout | tests/dna-import-ui.test.tsx > DNA import component > polls automatically after submitting, without another prompt
Parsed message {
  jsonrpc: '2.0',
  id: 40,
  result: {
    content: [ [Object] ],
    structuredContent: {
      contract_version: '3.0.0',
      analysis_version: 'rev42-v3.0.0',
      ok: true,
      data: [Object],
      error: null
    },
    isError: false
  }
}
Ignoring message from unknown source MessageEvent { isTrusted: [Getter] }

stdout | tests/dna-import-ui.test.tsx > DNA import component > polls automatically after submitting, without another prompt
Sending message {
  method: 'tools/call',
  params: {
    name: 'get_analysis_status',
    arguments: {},
    _meta: { progressToken: 41 }
  },
  jsonrpc: '2.0',
  id: 41
}

stdout | tests/dna-import-ui.test.tsx > DNA import component > polls automatically after submitting, without another prompt
Parsed message {
  jsonrpc: '2.0',
  id: 41,
  result: {
    content: [ [Object] ],
    structuredContent: {
      contract_version: '3.0.0',
      analysis_version: 'rev42-v3.0.0',
      ok: true,
      data: [Object],
      error: null
    },
    isError: false
  }
}
Ignoring message from unknown source MessageEvent { isTrusted: [Getter] }

stdout | tests/dna-import-ui.test.tsx > DNA import component > polls automatically after submitting, without another prompt
Sending message {
  method: 'tools/call',
  params: {
    name: 'get_analysis_status',
    arguments: {},
    _meta: { progressToken: 42 }
  },
  jsonrpc: '2.0',
  id: 42
}

stdout | tests/dna-import-ui.test.tsx > DNA import component > polls automatically after submitting, without another prompt
Parsed message {
  jsonrpc: '2.0',
  id: 42,
  result: {
    content: [ [Object] ],
    structuredContent: {
      contract_version: '3.0.0',
      analysis_version: 'rev42-v3.0.0',
      ok: true,
      data: [Object],
      error: null
    },
    isError: false
  }
}
Ignoring message from unknown source MessageEvent { isTrusted: [Getter] }

stdout | tests/dna-import-ui.test.tsx > DNA import component > polls automatically after submitting, without another prompt
Sending message {
  method: 'tools/call',
  params: {
    name: 'get_analysis_status',
    arguments: {},
    _meta: { progressToken: 43 }
  },
  jsonrpc: '2.0',
  id: 43
}

stdout | tests/dna-import-ui.test.tsx > DNA import component > polls automatically after submitting, without another prompt
Parsed message {
  jsonrpc: '2.0',
  id: 43,
  result: {
    content: [ [Object] ],
    structuredContent: {
      contract_version: '3.0.0',
      analysis_version: 'rev42-v3.0.0',
      ok: true,
      data: [Object],
      error: null
    },
    isError: false
  }
}
Ignoring message from unknown source MessageEvent { isTrusted: [Getter] }

stdout | tests/dna-import-ui.test.tsx > DNA import component > polls automatically after submitting, without another prompt
Sending message {
  method: 'tools/call',
  params: {
    name: 'get_analysis_status',
    arguments: {},
    _meta: { progressToken: 44 }
  },
  jsonrpc: '2.0',
  id: 44
}

stdout | tests/dna-import-ui.test.tsx > DNA import component > polls automatically after submitting, without another prompt
Parsed message {
  jsonrpc: '2.0',
  id: 44,
  result: {
    content: [ [Object] ],
    structuredContent: {
      contract_version: '3.0.0',
      analysis_version: 'rev42-v3.0.0',
      ok: true,
      data: [Object],
      error: null
    },
    isError: false
  }
}
Ignoring message from unknown source MessageEvent { isTrusted: [Getter] }

stdout | tests/dna-import-ui.test.tsx > DNA import component > polls automatically after submitting, without another prompt
Sending message {
  method: 'tools/call',
  params: {
    name: 'get_analysis_status',
    arguments: {},
    _meta: { progressToken: 45 }
  },
  jsonrpc: '2.0',
  id: 45
}

stdout | tests/dna-import-ui.test.tsx > DNA import component > polls automatically after submitting, without another prompt
Parsed message {
  jsonrpc: '2.0',
  id: 45,
  result: {
    content: [ [Object] ],
    structuredContent: {
      contract_version: '3.0.0',
      analysis_version: 'rev42-v3.0.0',
      ok: true,
      data: [Object],
      error: null
    },
    isError: false
  }
}
Ignoring message from unknown source MessageEvent { isTrusted: [Getter] }

stdout | tests/dna-import-ui.test.tsx > DNA import component > polls automatically after submitting, without another prompt
Sending message {
  method: 'tools/call',
  params: {
    name: 'get_analysis_status',
    arguments: {},
    _meta: { progressToken: 46 }
  },
  jsonrpc: '2.0',
  id: 46
}

stdout | tests/dna-import-ui.test.tsx > DNA import component > polls automatically after submitting, without another prompt
Parsed message {
  jsonrpc: '2.0',
  id: 46,
  result: {
    content: [ [Object] ],
    structuredContent: {
      contract_version: '3.0.0',
      analysis_version: 'rev42-v3.0.0',
      ok: true,
      data: [Object],
      error: null
    },
    isError: false
  }
}
Ignoring message from unknown source MessageEvent { isTrusted: [Getter] }

stdout | tests/dna-import-ui.test.tsx > DNA import component > polls automatically after submitting, without another prompt
Sending message {
  method: 'tools/call',
  params: {
    name: 'get_analysis_status',
    arguments: {},
    _meta: { progressToken: 47 }
  },
  jsonrpc: '2.0',
  id: 47
}

stdout | tests/dna-import-ui.test.tsx > DNA import component > polls automatically after submitting, without another prompt
Parsed message {
  jsonrpc: '2.0',
  id: 47,
  result: {
    content: [ [Object] ],
    structuredContent: {
      contract_version: '3.0.0',
      analysis_version: 'rev42-v3.0.0',
      ok: true,
      data: [Object],
      error: null
    },
    isError: false
  }
}
Ignoring message from unknown source MessageEvent { isTrusted: [Getter] }

stdout | tests/dna-import-ui.test.tsx > DNA import component > polls automatically after submitting, without another prompt
Sending message {
  method: 'tools/call',
  params: {
    name: 'get_analysis_status',
    arguments: {},
    _meta: { progressToken: 48 }
  },
  jsonrpc: '2.0',
  id: 48
}

stdout | tests/dna-import-ui.test.tsx > DNA import component > polls automatically after submitting, without another prompt
Parsed message {
  jsonrpc: '2.0',
  id: 48,
  result: {
    content: [ [Object] ],
    structuredContent: {
      contract_version: '3.0.0',
      analysis_version: 'rev42-v3.0.0',
      ok: true,
      data: [Object],
      error: null
    },
    isError: false
  }
}
Ignoring message from unknown source MessageEvent { isTrusted: [Getter] }

stdout | tests/dna-import-ui.test.tsx > DNA import component > polls automatically after submitting, without another prompt
Sending message {
  method: 'tools/call',
  params: {
    name: 'get_analysis_status',
    arguments: {},
    _meta: { progressToken: 49 }
  },
  jsonrpc: '2.0',
  id: 49
}

stdout | tests/dna-import-ui.test.tsx > DNA import component > polls automatically after submitting, without another prompt
Parsed message {
  jsonrpc: '2.0',
  id: 49,
  result: {
    content: [ [Object] ],
    structuredContent: {
      contract_version: '3.0.0',
      analysis_version: 'rev42-v3.0.0',
      ok: true,
      data: [Object],
      error: null
    },
    isError: false
  }
}
Ignoring message from unknown source MessageEvent { isTrusted: [Getter] }

stdout | tests/dna-import-ui.test.tsx > DNA import component > polls automatically after submitting, without another prompt
Sending message {
  method: 'tools/call',
  params: {
    name: 'get_analysis_status',
    arguments: {},
    _meta: { progressToken: 50 }
  },
  jsonrpc: '2.0',
  id: 50
}

stdout | tests/dna-import-ui.test.tsx > DNA import component > polls automatically after submitting, without another prompt
Parsed message {
  jsonrpc: '2.0',
  id: 50,
  result: {
    content: [ [Object] ],
    structuredContent: {
      contract_version: '3.0.0',
      analysis_version: 'rev42-v3.0.0',
      ok: true,
      data: [Object],
      error: null
    },
    isError: false
  }
}
Ignoring message from unknown source MessageEvent { isTrusted: [Getter] }

stdout | tests/dna-import-ui.test.tsx > DNA import component > polls automatically after submitting, without another prompt
Sending message {
  method: 'tools/call',
  params: {
    name: 'get_analysis_status',
    arguments: {},
    _meta: { progressToken: 51 }
  },
  jsonrpc: '2.0',
  id: 51
}

stdout | tests/dna-import-ui.test.tsx > DNA import component > polls automatically after submitting, without another prompt
Parsed message {
  jsonrpc: '2.0',
  id: 51,
  result: {
    content: [ [Object] ],
    structuredContent: {
      contract_version: '3.0.0',
      analysis_version: 'rev42-v3.0.0',
      ok: true,
      data: [Object],
      error: null
    },
    isError: false
  }
}
Ignoring message from unknown source MessageEvent { isTrusted: [Getter] }

stdout | tests/dna-import-ui.test.tsx > DNA import component > polls automatically after submitting, without another prompt
Sending message {
  method: 'tools/call',
  params: {
    name: 'get_analysis_status',
    arguments: {},
    _meta: { progressToken: 52 }
  },
  jsonrpc: '2.0',
  id: 52
}

stdout | tests/dna-import-ui.test.tsx > DNA import component > polls automatically after submitting, without another prompt
Parsed message {
  jsonrpc: '2.0',
  id: 52,
  result: {
    content: [ [Object] ],
    structuredContent: {
      contract_version: '3.0.0',
      analysis_version: 'rev42-v3.0.0',
      ok: true,
      data: [Object],
      error: null
    },
    isError: false
  }
}
Ignoring message from unknown source MessageEvent { isTrusted: [Getter] }

stdout | tests/dna-import-ui.test.tsx > DNA import component > advances the elapsed timer once per second
Sending message {
  method: 'ui/initialize',
  params: {
    appCapabilities: {},
    appInfo: { name: 'Mutant Genomics', version: '1.0.0' },
    protocolVersion: '2026-01-26'
  },
  jsonrpc: '2.0',
  id: 0
}

stdout | tests/dna-import-ui.test.tsx > DNA import component > advances the elapsed timer once per second
Parsed message {
  jsonrpc: '2.0',
  id: 0,
  result: {
    protocolVersion: '2026-01-26',
    hostInfo: { name: 'fake-host', version: '1.0.0' },
    hostCapabilities: {},
    hostContext: { theme: 'light' }
  }
}
Ignoring message from unknown source MessageEvent { isTrusted: [Getter] }
Sending message { method: 'ui/notifications/initialized', jsonrpc: '2.0' }

stdout | tests/dna-import-ui.test.tsx > DNA import component > advances the elapsed timer once per second
Ignoring message from unknown source MessageEvent { isTrusted: [Getter] }

stdout | tests/dna-import-ui.test.tsx > DNA import component > advances the elapsed timer once per second
Sending message {
  method: 'tools/call',
  params: {
    name: 'get_snp_catalog',
    arguments: {},
    _meta: { progressToken: 1 }
  },
  jsonrpc: '2.0',
  id: 1
}
Sending message {
  method: 'tools/call',
  params: {
    name: 'get_analysis_status',
    arguments: {},
    _meta: { progressToken: 2 }
  },
  jsonrpc: '2.0',
  id: 2
}

stdout | tests/dna-import-ui.test.tsx > DNA import component > advances the elapsed timer once per second
Parsed message {
  jsonrpc: '2.0',
  id: 1,
  result: {
    content: [ [Object] ],
    structuredContent: {
      contract_version: '3.0.0',
      analysis_version: 'rev42-v3.0.0',
      ok: true,
      data: [Object],
      error: null
    },
    isError: false
  }
}
Ignoring message from unknown source MessageEvent { isTrusted: [Getter] }

stdout | tests/dna-import-ui.test.tsx > DNA import component > advances the elapsed timer once per second
Parsed message {
  jsonrpc: '2.0',
  id: 2,
  result: {
    content: [ [Object] ],
    structuredContent: {
      contract_version: '3.0.0',
      analysis_version: 'rev42-v3.0.0',
      ok: true,
      data: [Object],
      error: null
    },
    isError: false
  }
}
Ignoring message from unknown source MessageEvent { isTrusted: [Getter] }

stdout | tests/dna-import-ui.test.tsx > DNA import component > changes the message when the analysis runs long
Sending message {
  method: 'ui/initialize',
  params: {
    appCapabilities: {},
    appInfo: { name: 'Mutant Genomics', version: '1.0.0' },
    protocolVersion: '2026-01-26'
  },
  jsonrpc: '2.0',
  id: 0
}

stdout | tests/dna-import-ui.test.tsx > DNA import component > changes the message when the analysis runs long
Parsed message {
  jsonrpc: '2.0',
  id: 0,
  result: {
    protocolVersion: '2026-01-26',
    hostInfo: { name: 'fake-host', version: '1.0.0' },
    hostCapabilities: {},
    hostContext: { theme: 'light' }
  }
}
Ignoring message from unknown source MessageEvent { isTrusted: [Getter] }
Sending message { method: 'ui/notifications/initialized', jsonrpc: '2.0' }

stdout | tests/dna-import-ui.test.tsx > DNA import component > changes the message when the analysis runs long
Sending message {
  method: 'tools/call',
  params: {
    name: 'get_snp_catalog',
    arguments: {},
    _meta: { progressToken: 1 }
  },
  jsonrpc: '2.0',
  id: 1
}
Sending message {
  method: 'tools/call',
  params: {
    name: 'get_analysis_status',
    arguments: {},
    _meta: { progressToken: 2 }
  },
  jsonrpc: '2.0',
  id: 2
}

stdout | tests/dna-import-ui.test.tsx > DNA import component > changes the message when the analysis runs long
Ignoring message from unknown source MessageEvent { isTrusted: [Getter] }

stdout | tests/dna-import-ui.test.tsx > DNA import component > changes the message when the analysis runs long
Parsed message {
  jsonrpc: '2.0',
  id: 1,
  result: {
    content: [ [Object] ],
    structuredContent: {
      contract_version: '3.0.0',
      analysis_version: 'rev42-v3.0.0',
      ok: true,
      data: [Object],
      error: null
    },
    isError: false
  }
}
Ignoring message from unknown source MessageEvent { isTrusted: [Getter] }

stdout | tests/dna-import-ui.test.tsx > DNA import component > changes the message when the analysis runs long
Parsed message {
  jsonrpc: '2.0',
  id: 2,
  result: {
    content: [ [Object] ],
    structuredContent: {
      contract_version: '3.0.0',
      analysis_version: 'rev42-v3.0.0',
      ok: true,
      data: [Object],
      error: null
    },
    isError: false
  }
}
Ignoring message from unknown source MessageEvent { isTrusted: [Getter] }

stdout | tests/dna-import-ui.test.tsx > DNA import component > offers a recoverable state when the polling ceiling is reached
Sending message {
  method: 'ui/initialize',
  params: {
    appCapabilities: {},
    appInfo: { name: 'Mutant Genomics', version: '1.0.0' },
    protocolVersion: '2026-01-26'
  },
  jsonrpc: '2.0',
  id: 0
}

stdout | tests/dna-import-ui.test.tsx > DNA import component > offers a recoverable state when the polling ceiling is reached
Parsed message {
  jsonrpc: '2.0',
  id: 0,
  result: {
    protocolVersion: '2026-01-26',
    hostInfo: { name: 'fake-host', version: '1.0.0' },
    hostCapabilities: {},
    hostContext: { theme: 'light' }
  }
}
Ignoring message from unknown source MessageEvent { isTrusted: [Getter] }
Sending message { method: 'ui/notifications/initialized', jsonrpc: '2.0' }

stdout | tests/dna-import-ui.test.tsx > DNA import component > offers a recoverable state when the polling ceiling is reached
Ignoring message from unknown source MessageEvent { isTrusted: [Getter] }

stdout | tests/dna-import-ui.test.tsx > DNA import component > offers a recoverable state when the polling ceiling is reached
Sending message {
  method: 'tools/call',
  params: {
    name: 'get_snp_catalog',
    arguments: {},
    _meta: { progressToken: 1 }
  },
  jsonrpc: '2.0',
  id: 1
}
Sending message {
  method: 'tools/call',
  params: {
    name: 'get_analysis_status',
    arguments: {},
    _meta: { progressToken: 2 }
  },
  jsonrpc: '2.0',
  id: 2
}

stdout | tests/dna-import-ui.test.tsx > DNA import component > offers a recoverable state when the polling ceiling is reached
Parsed message {
  jsonrpc: '2.0',
  id: 1,
  result: {
    content: [ [Object] ],
    structuredContent: {
      contract_version: '3.0.0',
      analysis_version: 'rev42-v3.0.0',
      ok: true,
      data: [Object],
      error: null
    },
    isError: false
  }
}
Ignoring message from unknown source MessageEvent { isTrusted: [Getter] }

stdout | tests/dna-import-ui.test.tsx > DNA import component > offers a recoverable state when the polling ceiling is reached
Parsed message {
  jsonrpc: '2.0',
  id: 2,
  result: {
    content: [ [Object] ],
    structuredContent: {
      contract_version: '3.0.0',
      analysis_version: 'rev42-v3.0.0',
      ok: true,
      data: [Object],
      error: null
    },
    isError: false
  }
}
Ignoring message from unknown source MessageEvent { isTrusted: [Getter] }

stdout | tests/dna-import-ui.test.tsx > DNA import component > reports a failed analysis and retries with a new idempotency key
Sending message {
  method: 'ui/initialize',
  params: {
    appCapabilities: {},
    appInfo: { name: 'Mutant Genomics', version: '1.0.0' },
    protocolVersion: '2026-01-26'
  },
  jsonrpc: '2.0',
  id: 0
}

stdout | tests/dna-import-ui.test.tsx > DNA import component > reports a failed analysis and retries with a new idempotency key
Parsed message {
  jsonrpc: '2.0',
  id: 0,
  result: {
    protocolVersion: '2026-01-26',
    hostInfo: { name: 'fake-host', version: '1.0.0' },
    hostCapabilities: {},
    hostContext: { theme: 'light' }
  }
}
Ignoring message from unknown source MessageEvent { isTrusted: [Getter] }
Sending message { method: 'ui/notifications/initialized', jsonrpc: '2.0' }

stdout | tests/dna-import-ui.test.tsx > DNA import component > reports a failed analysis and retries with a new idempotency key
Ignoring message from unknown source MessageEvent { isTrusted: [Getter] }

stdout | tests/dna-import-ui.test.tsx > DNA import component > reports a failed analysis and retries with a new idempotency key
Sending message {
  method: 'tools/call',
  params: {
    name: 'get_snp_catalog',
    arguments: {},
    _meta: { progressToken: 1 }
  },
  jsonrpc: '2.0',
  id: 1
}
Sending message {
  method: 'tools/call',
  params: {
    name: 'get_analysis_status',
    arguments: {},
    _meta: { progressToken: 2 }
  },
  jsonrpc: '2.0',
  id: 2
}

stdout | tests/dna-import-ui.test.tsx > DNA import component > reports a failed analysis and retries with a new idempotency key
Parsed message {
  jsonrpc: '2.0',
  id: 1,
  result: {
    content: [ [Object] ],
    structuredContent: {
      contract_version: '3.0.0',
      analysis_version: 'rev42-v3.0.0',
      ok: true,
      data: [Object],
      error: null
    },
    isError: false
  }
}
Ignoring message from unknown source MessageEvent { isTrusted: [Getter] }

stdout | tests/dna-import-ui.test.tsx > DNA import component > reports a failed analysis and retries with a new idempotency key
Parsed message {
  jsonrpc: '2.0',
  id: 2,
  result: {
    content: [ [Object] ],
    structuredContent: {
      contract_version: '3.0.0',
      analysis_version: 'rev42-v3.0.0',
      ok: true,
      data: [Object],
      error: null
    },
    isError: false
  }
}
Ignoring message from unknown source MessageEvent { isTrusted: [Getter] }

stdout | tests/dna-import-ui.test.tsx > DNA import component > reports a failed analysis and retries with a new idempotency key
[dna-import] Web Workers or object URLs unavailable; parsing on the main thread 

stdout | tests/dna-import-ui.test.tsx > DNA import component > reports a failed analysis and retries with a new idempotency key
Sending message {
  method: 'tools/call',
  params: {
    name: 'create_report',
    arguments: {
      snps: [Object],
      upload_meta: [Object],
      import_request_id: 'e0b33814-9da2-43f4-8817-98254814e7bb'
    },
    _meta: { progressToken: 3 }
  },
  jsonrpc: '2.0',
  id: 3
}

stdout | tests/dna-import-ui.test.tsx > DNA import component > reports a failed analysis and retries with a new idempotency key
Parsed message {
  jsonrpc: '2.0',
  id: 3,
  result: {
    content: [ [Object] ],
    structuredContent: {
      contract_version: '3.0.0',
      analysis_version: 'rev42-v3.0.0',
      ok: true,
      data: [Object],
      error: null
    },
    isError: false
  }
}
Ignoring message from unknown source MessageEvent { isTrusted: [Getter] }

stdout | tests/dna-import-ui.test.tsx > DNA import component > reports a failed analysis and retries with a new idempotency key
Sending message {
  method: 'ui/update-model-context',
  params: { content: [ [Object] ] },
  jsonrpc: '2.0',
  id: 4
}

stdout | tests/dna-import-ui.test.tsx > DNA import component > reports a failed analysis and retries with a new idempotency key
Parsed message { jsonrpc: '2.0', id: 4, result: {} }
Ignoring message from unknown source MessageEvent { isTrusted: [Getter] }

stdout | tests/dna-import-ui.test.tsx > DNA import component > reports a failed analysis and retries with a new idempotency key
Sending message {
  method: 'tools/call',
  params: {
    name: 'get_analysis_status',
    arguments: {},
    _meta: { progressToken: 5 }
  },
  jsonrpc: '2.0',
  id: 5
}

stdout | tests/dna-import-ui.test.tsx > DNA import component > reports a failed analysis and retries with a new idempotency key
Parsed message {
  jsonrpc: '2.0',
  id: 5,
  result: {
    content: [ [Object] ],
    structuredContent: {
      contract_version: '3.0.0',
      analysis_version: 'rev42-v3.0.0',
      ok: true,
      data: [Object],
      error: null
    },
    isError: false
  }
}
Ignoring message from unknown source MessageEvent { isTrusted: [Getter] }

stdout | tests/dna-import-ui.test.tsx > DNA import component > reports a failed analysis and retries with a new idempotency key
Sending message {
  method: 'tools/call',
  params: {
    name: 'get_analysis_status',
    arguments: {},
    _meta: { progressToken: 6 }
  },
  jsonrpc: '2.0',
  id: 6
}

stdout | tests/dna-import-ui.test.tsx > DNA import component > reports a failed analysis and retries with a new idempotency key
Parsed message {
  jsonrpc: '2.0',
  id: 6,
  result: {
    content: [ [Object] ],
    structuredContent: {
      contract_version: '3.0.0',
      analysis_version: 'rev42-v3.0.0',
      ok: true,
      data: [Object],
      error: null
    },
    isError: false
  }
}
Ignoring message from unknown source MessageEvent { isTrusted: [Getter] }

stdout | tests/dna-import-ui.test.tsx > DNA import component > reports a failed analysis and retries with a new idempotency key
Sending message {
  method: 'tools/call',
  params: {
    name: 'get_analysis_status',
    arguments: {},
    _meta: { progressToken: 7 }
  },
  jsonrpc: '2.0',
  id: 7
}

stdout | tests/dna-import-ui.test.tsx > DNA import component > reports a failed analysis and retries with a new idempotency key
Parsed message {
  jsonrpc: '2.0',
  id: 7,
  result: {
    content: [ [Object] ],
    structuredContent: {
      contract_version: '3.0.0',
      analysis_version: 'rev42-v3.0.0',
      ok: true,
      data: [Object],
      error: null
    },
    isError: false
  }
}
Ignoring message from unknown source MessageEvent { isTrusted: [Getter] }

stdout | tests/dna-import-ui.test.tsx > DNA import component > reports a failed analysis and retries with a new idempotency key
Sending message {
  method: 'tools/call',
  params: {
    name: 'get_analysis_status',
    arguments: {},
    _meta: { progressToken: 8 }
  },
  jsonrpc: '2.0',
  id: 8
}

stdout | tests/dna-import-ui.test.tsx > DNA import component > reports a failed analysis and retries with a new idempotency key
Parsed message {
  jsonrpc: '2.0',
  id: 8,
  result: {
    content: [ [Object] ],
    structuredContent: {
      contract_version: '3.0.0',
      analysis_version: 'rev42-v3.0.0',
      ok: true,
      data: [Object],
      error: null
    },
    isError: false
  }
}
Ignoring message from unknown source MessageEvent { isTrusted: [Getter] }

stdout | tests/dna-import-ui.test.tsx > DNA import component > reports a failed analysis and retries with a new idempotency key
Sending message {
  method: 'tools/call',
  params: {
    name: 'get_analysis_status',
    arguments: {},
    _meta: { progressToken: 9 }
  },
  jsonrpc: '2.0',
  id: 9
}

stdout | tests/dna-import-ui.test.tsx > DNA import component > reports a failed analysis and retries with a new idempotency key
Parsed message {
  jsonrpc: '2.0',
  id: 9,
  result: {
    content: [ [Object] ],
    structuredContent: {
      contract_version: '3.0.0',
      analysis_version: 'rev42-v3.0.0',
      ok: true,
      data: [Object],
      error: null
    },
    isError: false
  }
}
Ignoring message from unknown source MessageEvent { isTrusted: [Getter] }

stdout | tests/dna-import-ui.test.tsx > DNA import component > reports a failed analysis and retries with a new idempotency key
Sending message {
  method: 'tools/call',
  params: {
    name: 'get_analysis_status',
    arguments: {},
    _meta: { progressToken: 10 }
  },
  jsonrpc: '2.0',
  id: 10
}

stdout | tests/dna-import-ui.test.tsx > DNA import component > reports a failed analysis and retries with a new idempotency key
Parsed message {
  jsonrpc: '2.0',
  id: 10,
  result: {
    content: [ [Object] ],
    structuredContent: {
      contract_version: '3.0.0',
      analysis_version: 'rev42-v3.0.0',
      ok: true,
      data: [Object],
      error: null
    },
    isError: false
  }
}
Ignoring message from unknown source MessageEvent { isTrusted: [Getter] }

stdout | tests/dna-import-ui.test.tsx > DNA import component > reports a failed analysis and retries with a new idempotency key
Sending message {
  method: 'tools/call',
  params: {
    name: 'get_analysis_status',
    arguments: {},
    _meta: { progressToken: 11 }
  },
  jsonrpc: '2.0',
  id: 11
}

stdout | tests/dna-import-ui.test.tsx > DNA import component > reports a failed analysis and retries with a new idempotency key
Parsed message {
  jsonrpc: '2.0',
  id: 11,
  result: {
    content: [ [Object] ],
    structuredContent: {
      contract_version: '3.0.0',
      analysis_version: 'rev42-v3.0.0',
      ok: true,
      data: [Object],
      error: null
    },
    isError: false
  }
}
Ignoring message from unknown source MessageEvent { isTrusted: [Getter] }

stdout | tests/dna-import-ui.test.tsx > DNA import component > reports a failed analysis and retries with a new idempotency key
Sending message {
  method: 'tools/call',
  params: {
    name: 'get_analysis_status',
    arguments: {},
    _meta: { progressToken: 12 }
  },
  jsonrpc: '2.0',
  id: 12
}

stdout | tests/dna-import-ui.test.tsx > DNA import component > reports a failed analysis and retries with a new idempotency key
Parsed message {
  jsonrpc: '2.0',
  id: 12,
  result: {
    content: [ [Object] ],
    structuredContent: {
      contract_version: '3.0.0',
      analysis_version: 'rev42-v3.0.0',
      ok: true,
      data: [Object],
      error: null
    },
    isError: false
  }
}
Ignoring message from unknown source MessageEvent { isTrusted: [Getter] }

stdout | tests/dna-import-ui.test.tsx > DNA import component > reports a failed analysis and retries with a new idempotency key
Sending message {
  method: 'tools/call',
  params: {
    name: 'get_analysis_status',
    arguments: {},
    _meta: { progressToken: 13 }
  },
  jsonrpc: '2.0',
  id: 13
}

stdout | tests/dna-import-ui.test.tsx > DNA import component > reports a failed analysis and retries with a new idempotency key
Parsed message {
  jsonrpc: '2.0',
  id: 13,
  result: {
    content: [ [Object] ],
    structuredContent: {
      contract_version: '3.0.0',
      analysis_version: 'rev42-v3.0.0',
      ok: true,
      data: [Object],
      error: null
    },
    isError: false
  }
}
Ignoring message from unknown source MessageEvent { isTrusted: [Getter] }

stdout | tests/dna-import-ui.test.tsx > DNA import component > reports a failed analysis and retries with a new idempotency key
Sending message {
  method: 'tools/call',
  params: {
    name: 'get_analysis_status',
    arguments: {},
    _meta: { progressToken: 14 }
  },
  jsonrpc: '2.0',
  id: 14
}

stdout | tests/dna-import-ui.test.tsx > DNA import component > reports a failed analysis and retries with a new idempotency key
Parsed message {
  jsonrpc: '2.0',
  id: 14,
  result: {
    content: [ [Object] ],
    structuredContent: {
      contract_version: '3.0.0',
      analysis_version: 'rev42-v3.0.0',
      ok: true,
      data: [Object],
      error: null
    },
    isError: false
  }
}
Ignoring message from unknown source MessageEvent { isTrusted: [Getter] }

stdout | tests/dna-import-ui.test.tsx > DNA import component > reports a failed analysis and retries with a new idempotency key
Sending message {
  method: 'tools/call',
  params: {
    name: 'get_analysis_status',
    arguments: {},
    _meta: { progressToken: 15 }
  },
  jsonrpc: '2.0',
  id: 15
}

stdout | tests/dna-import-ui.test.tsx > DNA import component > reports a failed analysis and retries with a new idempotency key
Parsed message {
  jsonrpc: '2.0',
  id: 15,
  result: {
    content: [ [Object] ],
    structuredContent: {
      contract_version: '3.0.0',
      analysis_version: 'rev42-v3.0.0',
      ok: true,
      data: [Object],
      error: null
    },
    isError: false
  }
}
Ignoring message from unknown source MessageEvent { isTrusted: [Getter] }

stdout | tests/dna-import-ui.test.tsx > DNA import component > reports a failed analysis and retries with a new idempotency key
Sending message {
  method: 'tools/call',
  params: {
    name: 'get_analysis_status',
    arguments: {},
    _meta: { progressToken: 16 }
  },
  jsonrpc: '2.0',
  id: 16
}

stdout | tests/dna-import-ui.test.tsx > DNA import component > reports a failed analysis and retries with a new idempotency key
Parsed message {
  jsonrpc: '2.0',
  id: 16,
  result: {
    content: [ [Object] ],
    structuredContent: {
      contract_version: '3.0.0',
      analysis_version: 'rev42-v3.0.0',
      ok: true,
      data: [Object],
      error: null
    },
    isError: false
  }
}
Ignoring message from unknown source MessageEvent { isTrusted: [Getter] }

stdout | tests/dna-import-ui.test.tsx > DNA import component > reports a failed analysis and retries with a new idempotency key
Sending message {
  method: 'tools/call',
  params: {
    name: 'get_analysis_status',
    arguments: {},
    _meta: { progressToken: 17 }
  },
  jsonrpc: '2.0',
  id: 17
}

stdout | tests/dna-import-ui.test.tsx > DNA import component > reports a failed analysis and retries with a new idempotency key
Parsed message {
  jsonrpc: '2.0',
  id: 17,
  result: {
    content: [ [Object] ],
    structuredContent: {
      contract_version: '3.0.0',
      analysis_version: 'rev42-v3.0.0',
      ok: true,
      data: [Object],
      error: null
    },
    isError: false
  }
}
Ignoring message from unknown source MessageEvent { isTrusted: [Getter] }

stdout | tests/dna-import-ui.test.tsx > DNA import component > reports a failed analysis and retries with a new idempotency key
Sending message {
  method: 'tools/call',
  params: {
    name: 'get_analysis_status',
    arguments: {},
    _meta: { progressToken: 18 }
  },
  jsonrpc: '2.0',
  id: 18
}

stdout | tests/dna-import-ui.test.tsx > DNA import component > reports a failed analysis and retries with a new idempotency key
Parsed message {
  jsonrpc: '2.0',
  id: 18,
  result: {
    content: [ [Object] ],
    structuredContent: {
      contract_version: '3.0.0',
      analysis_version: 'rev42-v3.0.0',
      ok: true,
      data: [Object],
      error: null
    },
    isError: false
  }
}
Ignoring message from unknown source MessageEvent { isTrusted: [Getter] }

stdout | tests/dna-import-ui.test.tsx > DNA import component > reports a failed analysis and retries with a new idempotency key
Sending message {
  method: 'tools/call',
  params: {
    name: 'get_analysis_status',
    arguments: {},
    _meta: { progressToken: 19 }
  },
  jsonrpc: '2.0',
  id: 19
}

stdout | tests/dna-import-ui.test.tsx > DNA import component > reports a failed analysis and retries with a new idempotency key
Parsed message {
  jsonrpc: '2.0',
  id: 19,
  result: {
    content: [ [Object] ],
    structuredContent: {
      contract_version: '3.0.0',
      analysis_version: 'rev42-v3.0.0',
      ok: true,
      data: [Object],
      error: null
    },
    isError: false
  }
}
Ignoring message from unknown source MessageEvent { isTrusted: [Getter] }

stdout | tests/dna-import-ui.test.tsx > DNA import component > reports a failed analysis and retries with a new idempotency key
Sending message {
  method: 'tools/call',
  params: {
    name: 'get_analysis_status',
    arguments: {},
    _meta: { progressToken: 20 }
  },
  jsonrpc: '2.0',
  id: 20
}

stdout | tests/dna-import-ui.test.tsx > DNA import component > reports a failed analysis and retries with a new idempotency key
Parsed message {
  jsonrpc: '2.0',
  id: 20,
  result: {
    content: [ [Object] ],
    structuredContent: {
      contract_version: '3.0.0',
      analysis_version: 'rev42-v3.0.0',
      ok: true,
      data: [Object],
      error: null
    },
    isError: false
  }
}
Ignoring message from unknown source MessageEvent { isTrusted: [Getter] }

stdout | tests/dna-import-ui.test.tsx > DNA import component > reports a failed analysis and retries with a new idempotency key
Sending message {
  method: 'tools/call',
  params: {
    name: 'get_analysis_status',
    arguments: {},
    _meta: { progressToken: 21 }
  },
  jsonrpc: '2.0',
  id: 21
}

stdout | tests/dna-import-ui.test.tsx > DNA import component > reports a failed analysis and retries with a new idempotency key
Parsed message {
  jsonrpc: '2.0',
  id: 21,
  result: {
    content: [ [Object] ],
    structuredContent: {
      contract_version: '3.0.0',
      analysis_version: 'rev42-v3.0.0',
      ok: true,
      data: [Object],
      error: null
    },
    isError: false
  }
}
Ignoring message from unknown source MessageEvent { isTrusted: [Getter] }

stdout | tests/dna-import-ui.test.tsx > DNA import component > reports a failed analysis and retries with a new idempotency key
Sending message {
  method: 'tools/call',
  params: {
    name: 'get_analysis_status',
    arguments: {},
    _meta: { progressToken: 22 }
  },
  jsonrpc: '2.0',
  id: 22
}

stdout | tests/dna-import-ui.test.tsx > DNA import component > reports a failed analysis and retries with a new idempotency key
Parsed message {
  jsonrpc: '2.0',
  id: 22,
  result: {
    content: [ [Object] ],
    structuredContent: {
      contract_version: '3.0.0',
      analysis_version: 'rev42-v3.0.0',
      ok: true,
      data: [Object],
      error: null
    },
    isError: false
  }
}
Ignoring message from unknown source MessageEvent { isTrusted: [Getter] }

stdout | tests/dna-import-ui.test.tsx > DNA import component > reports a failed analysis and retries with a new idempotency key
Sending message {
  method: 'tools/call',
  params: {
    name: 'get_analysis_status',
    arguments: {},
    _meta: { progressToken: 23 }
  },
  jsonrpc: '2.0',
  id: 23
}

stdout | tests/dna-import-ui.test.tsx > DNA import component > reports a failed analysis and retries with a new idempotency key
Parsed message {
  jsonrpc: '2.0',
  id: 23,
  result: {
    content: [ [Object] ],
    structuredContent: {
      contract_version: '3.0.0',
      analysis_version: 'rev42-v3.0.0',
      ok: true,
      data: [Object],
      error: null
    },
    isError: false
  }
}
Ignoring message from unknown source MessageEvent { isTrusted: [Getter] }

stdout | tests/dna-import-ui.test.tsx > DNA import component > reports a failed analysis and retries with a new idempotency key
Sending message {
  method: 'tools/call',
  params: {
    name: 'get_analysis_status',
    arguments: {},
    _meta: { progressToken: 24 }
  },
  jsonrpc: '2.0',
  id: 24
}

stdout | tests/dna-import-ui.test.tsx > DNA import component > reports a failed analysis and retries with a new idempotency key
Parsed message {
  jsonrpc: '2.0',
  id: 24,
  result: {
    content: [ [Object] ],
    structuredContent: {
      contract_version: '3.0.0',
      analysis_version: 'rev42-v3.0.0',
      ok: true,
      data: [Object],
      error: null
    },
    isError: false
  }
}
Ignoring message from unknown source MessageEvent { isTrusted: [Getter] }

stdout | tests/dna-import-ui.test.tsx > DNA import component > reports a failed analysis and retries with a new idempotency key
Sending message {
  method: 'tools/call',
  params: {
    name: 'get_analysis_status',
    arguments: {},
    _meta: { progressToken: 25 }
  },
  jsonrpc: '2.0',
  id: 25
}

stdout | tests/dna-import-ui.test.tsx > DNA import component > reports a failed analysis and retries with a new idempotency key
Parsed message {
  jsonrpc: '2.0',
  id: 25,
  result: {
    content: [ [Object] ],
    structuredContent: {
      contract_version: '3.0.0',
      analysis_version: 'rev42-v3.0.0',
      ok: true,
      data: [Object],
      error: null
    },
    isError: false
  }
}
Ignoring message from unknown source MessageEvent { isTrusted: [Getter] }

stdout | tests/dna-import-ui.test.tsx > DNA import component > reports a failed analysis and retries with a new idempotency key
Sending message {
  method: 'tools/call',
  params: {
    name: 'get_analysis_status',
    arguments: {},
    _meta: { progressToken: 26 }
  },
  jsonrpc: '2.0',
  id: 26
}

stdout | tests/dna-import-ui.test.tsx > DNA import component > reports a failed analysis and retries with a new idempotency key
Parsed message {
  jsonrpc: '2.0',
  id: 26,
  result: {
    content: [ [Object] ],
    structuredContent: {
      contract_version: '3.0.0',
      analysis_version: 'rev42-v3.0.0',
      ok: true,
      data: [Object],
      error: null
    },
    isError: false
  }
}
Ignoring message from unknown source MessageEvent { isTrusted: [Getter] }

stdout | tests/dna-import-ui.test.tsx > DNA import component > reports a failed analysis and retries with a new idempotency key
Sending message {
  method: 'tools/call',
  params: {
    name: 'get_analysis_status',
    arguments: {},
    _meta: { progressToken: 27 }
  },
  jsonrpc: '2.0',
  id: 27
}

stdout | tests/dna-import-ui.test.tsx > DNA import component > reports a failed analysis and retries with a new idempotency key
Parsed message {
  jsonrpc: '2.0',
  id: 27,
  result: {
    content: [ [Object] ],
    structuredContent: {
      contract_version: '3.0.0',
      analysis_version: 'rev42-v3.0.0',
      ok: true,
      data: [Object],
      error: null
    },
    isError: false
  }
}
Ignoring message from unknown source MessageEvent { isTrusted: [Getter] }

stdout | tests/dna-import-ui.test.tsx > DNA import component > reports a failed analysis and retries with a new idempotency key
Sending message {
  method: 'tools/call',
  params: {
    name: 'get_analysis_status',
    arguments: {},
    _meta: { progressToken: 28 }
  },
  jsonrpc: '2.0',
  id: 28
}

stdout | tests/dna-import-ui.test.tsx > DNA import component > reports a failed analysis and retries with a new idempotency key
Parsed message {
  jsonrpc: '2.0',
  id: 28,
  result: {
    content: [ [Object] ],
    structuredContent: {
      contract_version: '3.0.0',
      analysis_version: 'rev42-v3.0.0',
      ok: true,
      data: [Object],
      error: null
    },
    isError: false
  }
}
Ignoring message from unknown source MessageEvent { isTrusted: [Getter] }

stdout | tests/dna-import-ui.test.tsx > DNA import component > reports a failed analysis and retries with a new idempotency key
Sending message {
  method: 'tools/call',
  params: {
    name: 'get_analysis_status',
    arguments: {},
    _meta: { progressToken: 29 }
  },
  jsonrpc: '2.0',
  id: 29
}

stdout | tests/dna-import-ui.test.tsx > DNA import component > reports a failed analysis and retries with a new idempotency key
Parsed message {
  jsonrpc: '2.0',
  id: 29,
  result: {
    content: [ [Object] ],
    structuredContent: {
      contract_version: '3.0.0',
      analysis_version: 'rev42-v3.0.0',
      ok: true,
      data: [Object],
      error: null
    },
    isError: false
  }
}
Ignoring message from unknown source MessageEvent { isTrusted: [Getter] }

stdout | tests/dna-import-ui.test.tsx > DNA import component > reports a failed analysis and retries with a new idempotency key
Sending message {
  method: 'tools/call',
  params: {
    name: 'get_analysis_status',
    arguments: {},
    _meta: { progressToken: 30 }
  },
  jsonrpc: '2.0',
  id: 30
}

stdout | tests/dna-import-ui.test.tsx > DNA import component > reports a failed analysis and retries with a new idempotency key
Parsed message {
  jsonrpc: '2.0',
  id: 30,
  result: {
    content: [ [Object] ],
    structuredContent: {
      contract_version: '3.0.0',
      analysis_version: 'rev42-v3.0.0',
      ok: true,
      data: [Object],
      error: null
    },
    isError: false
  }
}
Ignoring message from unknown source MessageEvent { isTrusted: [Getter] }

stdout | tests/dna-import-ui.test.tsx > DNA import component > reports a failed analysis and retries with a new idempotency key
Sending message {
  method: 'tools/call',
  params: {
    name: 'get_analysis_status',
    arguments: {},
    _meta: { progressToken: 31 }
  },
  jsonrpc: '2.0',
  id: 31
}

stdout | tests/dna-import-ui.test.tsx > DNA import component > reports a failed analysis and retries with a new idempotency key
Parsed message {
  jsonrpc: '2.0',
  id: 31,
  result: {
    content: [ [Object] ],
    structuredContent: {
      contract_version: '3.0.0',
      analysis_version: 'rev42-v3.0.0',
      ok: true,
      data: [Object],
      error: null
    },
    isError: false
  }
}
Ignoring message from unknown source MessageEvent { isTrusted: [Getter] }

stdout | tests/dna-import-ui.test.tsx > DNA import component > reports a failed analysis and retries with a new idempotency key
Sending message {
  method: 'tools/call',
  params: {
    name: 'get_analysis_status',
    arguments: {},
    _meta: { progressToken: 32 }
  },
  jsonrpc: '2.0',
  id: 32
}

stdout | tests/dna-import-ui.test.tsx > DNA import component > reports a failed analysis and retries with a new idempotency key
Parsed message {
  jsonrpc: '2.0',
  id: 32,
  result: {
    content: [ [Object] ],
    structuredContent: {
      contract_version: '3.0.0',
      analysis_version: 'rev42-v3.0.0',
      ok: true,
      data: [Object],
      error: null
    },
    isError: false
  }
}
Ignoring message from unknown source MessageEvent { isTrusted: [Getter] }

stdout | tests/dna-import-ui.test.tsx > DNA import component > reports a failed analysis and retries with a new idempotency key
Sending message {
  method: 'tools/call',
  params: {
    name: 'get_analysis_status',
    arguments: {},
    _meta: { progressToken: 33 }
  },
  jsonrpc: '2.0',
  id: 33
}

stdout | tests/dna-import-ui.test.tsx > DNA import component > reports a failed analysis and retries with a new idempotency key
Parsed message {
  jsonrpc: '2.0',
  id: 33,
  result: {
    content: [ [Object] ],
    structuredContent: {
      contract_version: '3.0.0',
      analysis_version: 'rev42-v3.0.0',
      ok: true,
      data: [Object],
      error: null
    },
    isError: false
  }
}
Ignoring message from unknown source MessageEvent { isTrusted: [Getter] }

stdout | tests/dna-import-ui.test.tsx > DNA import component > reports a failed analysis and retries with a new idempotency key
Sending message {
  method: 'tools/call',
  params: {
    name: 'get_analysis_status',
    arguments: {},
    _meta: { progressToken: 34 }
  },
  jsonrpc: '2.0',
  id: 34
}

stdout | tests/dna-import-ui.test.tsx > DNA import component > reports a failed analysis and retries with a new idempotency key
Parsed message {
  jsonrpc: '2.0',
  id: 34,
  result: {
    content: [ [Object] ],
    structuredContent: {
      contract_version: '3.0.0',
      analysis_version: 'rev42-v3.0.0',
      ok: true,
      data: [Object],
      error: null
    },
    isError: false
  }
}
Ignoring message from unknown source MessageEvent { isTrusted: [Getter] }

stdout | tests/dna-import-ui.test.tsx > DNA import component > reports a failed analysis and retries with a new idempotency key
Sending message {
  method: 'tools/call',
  params: {
    name: 'get_analysis_status',
    arguments: {},
    _meta: { progressToken: 35 }
  },
  jsonrpc: '2.0',
  id: 35
}

stdout | tests/dna-import-ui.test.tsx > DNA import component > reports a failed analysis and retries with a new idempotency key
Parsed message {
  jsonrpc: '2.0',
  id: 35,
  result: {
    content: [ [Object] ],
    structuredContent: {
      contract_version: '3.0.0',
      analysis_version: 'rev42-v3.0.0',
      ok: true,
      data: [Object],
      error: null
    },
    isError: false
  }
}
Ignoring message from unknown source MessageEvent { isTrusted: [Getter] }

stdout | tests/dna-import-ui.test.tsx > DNA import component > reports a failed analysis and retries with a new idempotency key
Sending message {
  method: 'tools/call',
  params: {
    name: 'get_analysis_status',
    arguments: {},
    _meta: { progressToken: 36 }
  },
  jsonrpc: '2.0',
  id: 36
}

stdout | tests/dna-import-ui.test.tsx > DNA import component > reports a failed analysis and retries with a new idempotency key
Parsed message {
  jsonrpc: '2.0',
  id: 36,
  result: {
    content: [ [Object] ],
    structuredContent: {
      contract_version: '3.0.0',
      analysis_version: 'rev42-v3.0.0',
      ok: true,
      data: [Object],
      error: null
    },
    isError: false
  }
}
Ignoring message from unknown source MessageEvent { isTrusted: [Getter] }

stdout | tests/dna-import-ui.test.tsx > DNA import component > reports a failed analysis and retries with a new idempotency key
Sending message {
  method: 'tools/call',
  params: {
    name: 'get_analysis_status',
    arguments: {},
    _meta: { progressToken: 37 }
  },
  jsonrpc: '2.0',
  id: 37
}

stdout | tests/dna-import-ui.test.tsx > DNA import component > reports a failed analysis and retries with a new idempotency key
Parsed message {
  jsonrpc: '2.0',
  id: 37,
  result: {
    content: [ [Object] ],
    structuredContent: {
      contract_version: '3.0.0',
      analysis_version: 'rev42-v3.0.0',
      ok: true,
      data: [Object],
      error: null
    },
    isError: false
  }
}
Ignoring message from unknown source MessageEvent { isTrusted: [Getter] }

stdout | tests/dna-import-ui.test.tsx > DNA import component > reports a failed analysis and retries with a new idempotency key
Sending message {
  method: 'tools/call',
  params: {
    name: 'get_analysis_status',
    arguments: {},
    _meta: { progressToken: 38 }
  },
  jsonrpc: '2.0',
  id: 38
}

stdout | tests/dna-import-ui.test.tsx > DNA import component > reports a failed analysis and retries with a new idempotency key
Parsed message {
  jsonrpc: '2.0',
  id: 38,
  result: {
    content: [ [Object] ],
    structuredContent: {
      contract_version: '3.0.0',
      analysis_version: 'rev42-v3.0.0',
      ok: true,
      data: [Object],
      error: null
    },
    isError: false
  }
}
Ignoring message from unknown source MessageEvent { isTrusted: [Getter] }

stdout | tests/dna-import-ui.test.tsx > DNA import component > reports a failed analysis and retries with a new idempotency key
Sending message {
  method: 'tools/call',
  params: {
    name: 'get_analysis_status',
    arguments: {},
    _meta: { progressToken: 39 }
  },
  jsonrpc: '2.0',
  id: 39
}

stdout | tests/dna-import-ui.test.tsx > DNA import component > reports a failed analysis and retries with a new idempotency key
Parsed message {
  jsonrpc: '2.0',
  id: 39,
  result: {
    content: [ [Object] ],
    structuredContent: {
      contract_version: '3.0.0',
      analysis_version: 'rev42-v3.0.0',
      ok: true,
      data: [Object],
      error: null
    },
    isError: false
  }
}
Ignoring message from unknown source MessageEvent { isTrusted: [Getter] }

stdout | tests/dna-import-ui.test.tsx > DNA import component > reports a failed analysis and retries with a new idempotency key
Sending message {
  method: 'tools/call',
  params: {
    name: 'get_analysis_status',
    arguments: {},
    _meta: { progressToken: 40 }
  },
  jsonrpc: '2.0',
  id: 40
}

stdout | tests/dna-import-ui.test.tsx > DNA import component > reports a failed analysis and retries with a new idempotency key
Parsed message {
  jsonrpc: '2.0',
  id: 40,
  result: {
    content: [ [Object] ],
    structuredContent: {
      contract_version: '3.0.0',
      analysis_version: 'rev42-v3.0.0',
      ok: true,
      data: [Object],
      error: null
    },
    isError: false
  }
}
Ignoring message from unknown source MessageEvent { isTrusted: [Getter] }

stdout | tests/dna-import-ui.test.tsx > DNA import component > reports a failed analysis and retries with a new idempotency key
Sending message {
  method: 'tools/call',
  params: {
    name: 'get_analysis_status',
    arguments: {},
    _meta: { progressToken: 41 }
  },
  jsonrpc: '2.0',
  id: 41
}

stdout | tests/dna-import-ui.test.tsx > DNA import component > reports a failed analysis and retries with a new idempotency key
Parsed message {
  jsonrpc: '2.0',
  id: 41,
  result: {
    content: [ [Object] ],
    structuredContent: {
      contract_version: '3.0.0',
      analysis_version: 'rev42-v3.0.0',
      ok: true,
      data: [Object],
      error: null
    },
    isError: false
  }
}
Ignoring message from unknown source MessageEvent { isTrusted: [Getter] }

stdout | tests/dna-import-ui.test.tsx > DNA import component > reports a failed analysis and retries with a new idempotency key
Sending message {
  method: 'tools/call',
  params: {
    name: 'get_analysis_status',
    arguments: {},
    _meta: { progressToken: 42 }
  },
  jsonrpc: '2.0',
  id: 42
}

stdout | tests/dna-import-ui.test.tsx > DNA import component > reports a failed analysis and retries with a new idempotency key
Parsed message {
  jsonrpc: '2.0',
  id: 42,
  result: {
    content: [ [Object] ],
    structuredContent: {
      contract_version: '3.0.0',
      analysis_version: 'rev42-v3.0.0',
      ok: true,
      data: [Object],
      error: null
    },
    isError: false
  }
}
Ignoring message from unknown source MessageEvent { isTrusted: [Getter] }

stdout | tests/dna-import-ui.test.tsx > DNA import component > reports a failed analysis and retries with a new idempotency key
Sending message {
  method: 'tools/call',
  params: {
    name: 'get_analysis_status',
    arguments: {},
    _meta: { progressToken: 43 }
  },
  jsonrpc: '2.0',
  id: 43
}

stdout | tests/dna-import-ui.test.tsx > DNA import component > reports a failed analysis and retries with a new idempotency key
Parsed message {
  jsonrpc: '2.0',
  id: 43,
  result: {
    content: [ [Object] ],
    structuredContent: {
      contract_version: '3.0.0',
      analysis_version: 'rev42-v3.0.0',
      ok: true,
      data: [Object],
      error: null
    },
    isError: false
  }
}
Ignoring message from unknown source MessageEvent { isTrusted: [Getter] }

stdout | tests/dna-import-ui.test.tsx > DNA import component > reports a failed analysis and retries with a new idempotency key
Sending message {
  method: 'tools/call',
  params: {
    name: 'get_analysis_status',
    arguments: {},
    _meta: { progressToken: 44 }
  },
  jsonrpc: '2.0',
  id: 44
}

stdout | tests/dna-import-ui.test.tsx > DNA import component > reports a failed analysis and retries with a new idempotency key
Parsed message {
  jsonrpc: '2.0',
  id: 44,
  result: {
    content: [ [Object] ],
    structuredContent: {
      contract_version: '3.0.0',
      analysis_version: 'rev42-v3.0.0',
      ok: true,
      data: [Object],
      error: null
    },
    isError: false
  }
}
Ignoring message from unknown source MessageEvent { isTrusted: [Getter] }

stdout | tests/dna-import-ui.test.tsx > DNA import component > reports a failed analysis and retries with a new idempotency key
Sending message {
  method: 'tools/call',
  params: {
    name: 'get_analysis_status',
    arguments: {},
    _meta: { progressToken: 45 }
  },
  jsonrpc: '2.0',
  id: 45
}

stdout | tests/dna-import-ui.test.tsx > DNA import component > reports a failed analysis and retries with a new idempotency key
Parsed message {
  jsonrpc: '2.0',
  id: 45,
  result: {
    content: [ [Object] ],
    structuredContent: {
      contract_version: '3.0.0',
      analysis_version: 'rev42-v3.0.0',
      ok: true,
      data: [Object],
      error: null
    },
    isError: false
  }
}
Ignoring message from unknown source MessageEvent { isTrusted: [Getter] }

stdout | tests/dna-import-ui.test.tsx > DNA import component > reports a failed analysis and retries with a new idempotency key
Sending message {
  method: 'tools/call',
  params: {
    name: 'get_analysis_status',
    arguments: {},
    _meta: { progressToken: 46 }
  },
  jsonrpc: '2.0',
  id: 46
}

stdout | tests/dna-import-ui.test.tsx > DNA import component > reports a failed analysis and retries with a new idempotency key
Parsed message {
  jsonrpc: '2.0',
  id: 46,
  result: {
    content: [ [Object] ],
    structuredContent: {
      contract_version: '3.0.0',
      analysis_version: 'rev42-v3.0.0',
      ok: true,
      data: [Object],
      error: null
    },
    isError: false
  }
}
Ignoring message from unknown source MessageEvent { isTrusted: [Getter] }

stdout | tests/dna-import-ui.test.tsx > DNA import component > reports a failed analysis and retries with a new idempotency key
Sending message {
  method: 'tools/call',
  params: {
    name: 'get_analysis_status',
    arguments: {},
    _meta: { progressToken: 47 }
  },
  jsonrpc: '2.0',
  id: 47
}

stdout | tests/dna-import-ui.test.tsx > DNA import component > reports a failed analysis and retries with a new idempotency key
Parsed message {
  jsonrpc: '2.0',
  id: 47,
  result: {
    content: [ [Object] ],
    structuredContent: {
      contract_version: '3.0.0',
      analysis_version: 'rev42-v3.0.0',
      ok: true,
      data: [Object],
      error: null
    },
    isError: false
  }
}
Ignoring message from unknown source MessageEvent { isTrusted: [Getter] }

stdout | tests/dna-import-ui.test.tsx > DNA import component > reports a failed analysis and retries with a new idempotency key
Sending message {
  method: 'tools/call',
  params: {
    name: 'get_analysis_status',
    arguments: {},
    _meta: { progressToken: 48 }
  },
  jsonrpc: '2.0',
  id: 48
}

stdout | tests/dna-import-ui.test.tsx > DNA import component > reports a failed analysis and retries with a new idempotency key
Parsed message {
  jsonrpc: '2.0',
  id: 48,
  result: {
    content: [ [Object] ],
    structuredContent: {
      contract_version: '3.0.0',
      analysis_version: 'rev42-v3.0.0',
      ok: true,
      data: [Object],
      error: null
    },
    isError: false
  }
}
Ignoring message from unknown source MessageEvent { isTrusted: [Getter] }

stdout | tests/dna-import-ui.test.tsx > DNA import component > reports a failed analysis and retries with a new idempotency key
Sending message {
  method: 'tools/call',
  params: {
    name: 'get_analysis_status',
    arguments: {},
    _meta: { progressToken: 49 }
  },
  jsonrpc: '2.0',
  id: 49
}

stdout | tests/dna-import-ui.test.tsx > DNA import component > reports a failed analysis and retries with a new idempotency key
Parsed message {
  jsonrpc: '2.0',
  id: 49,
  result: {
    content: [ [Object] ],
    structuredContent: {
      contract_version: '3.0.0',
      analysis_version: 'rev42-v3.0.0',
      ok: true,
      data: [Object],
      error: null
    },
    isError: false
  }
}
Ignoring message from unknown source MessageEvent { isTrusted: [Getter] }

stdout | tests/dna-import-ui.test.tsx > DNA import component > reports a failed analysis and retries with a new idempotency key
Sending message {
  method: 'tools/call',
  params: {
    name: 'get_analysis_status',
    arguments: {},
    _meta: { progressToken: 50 }
  },
  jsonrpc: '2.0',
  id: 50
}

stdout | tests/dna-import-ui.test.tsx > DNA import component > reports a failed analysis and retries with a new idempotency key
Parsed message {
  jsonrpc: '2.0',
  id: 50,
  result: {
    content: [ [Object] ],
    structuredContent: {
      contract_version: '3.0.0',
      analysis_version: 'rev42-v3.0.0',
      ok: true,
      data: [Object],
      error: null
    },
    isError: false
  }
}
Ignoring message from unknown source MessageEvent { isTrusted: [Getter] }

stdout | tests/dna-import-ui.test.tsx > DNA import component > asks for a file again when a resumed session cannot retry in place
Sending message {
  method: 'ui/initialize',
  params: {
    appCapabilities: {},
    appInfo: { name: 'Mutant Genomics', version: '1.0.0' },
    protocolVersion: '2026-01-26'
  },
  jsonrpc: '2.0',
  id: 0
}

stdout | tests/dna-import-ui.test.tsx > DNA import component > asks for a file again when a resumed session cannot retry in place
Parsed message {
  jsonrpc: '2.0',
  id: 0,
  result: {
    protocolVersion: '2026-01-26',
    hostInfo: { name: 'fake-host', version: '1.0.0' },
    hostCapabilities: {},
    hostContext: { theme: 'light' }
  }
}
Ignoring message from unknown source MessageEvent { isTrusted: [Getter] }
Sending message { method: 'ui/notifications/initialized', jsonrpc: '2.0' }

stdout | tests/dna-import-ui.test.tsx > DNA import component > asks for a file again when a resumed session cannot retry in place
Sending message {
  method: 'tools/call',
  params: {
    name: 'get_snp_catalog',
    arguments: {},
    _meta: { progressToken: 1 }
  },
  jsonrpc: '2.0',
  id: 1
}
Sending message {
  method: 'tools/call',
  params: {
    name: 'get_analysis_status',
    arguments: {},
    _meta: { progressToken: 2 }
  },
  jsonrpc: '2.0',
  id: 2
}

stdout | tests/dna-import-ui.test.tsx > DNA import component > asks for a file again when a resumed session cannot retry in place
Ignoring message from unknown source MessageEvent { isTrusted: [Getter] }

stdout | tests/dna-import-ui.test.tsx > DNA import component > asks for a file again when a resumed session cannot retry in place
Parsed message {
  jsonrpc: '2.0',
  id: 1,
  result: {
    content: [ [Object] ],
    structuredContent: {
      contract_version: '3.0.0',
      analysis_version: 'rev42-v3.0.0',
      ok: true,
      data: [Object],
      error: null
    },
    isError: false
  }
}
Ignoring message from unknown source MessageEvent { isTrusted: [Getter] }

stdout | tests/dna-import-ui.test.tsx > DNA import component > asks for a file again when a resumed session cannot retry in place
Parsed message {
  jsonrpc: '2.0',
  id: 2,
  result: {
    content: [ [Object] ],
    structuredContent: {
      contract_version: '3.0.0',
      analysis_version: 'rev42-v3.0.0',
      ok: true,
      data: [Object],
      error: null
    },
    isError: false
  }
}
Ignoring message from unknown source MessageEvent { isTrusted: [Getter] }

stdout | tests/dna-import-ui.test.tsx > DNA import component > renders the top findings inline when the user asks for them
Sending message {
  method: 'ui/initialize',
  params: {
    appCapabilities: {},
    appInfo: { name: 'Mutant Genomics', version: '1.0.0' },
    protocolVersion: '2026-01-26'
  },
  jsonrpc: '2.0',
  id: 0
}

stdout | tests/dna-import-ui.test.tsx > DNA import component > renders the top findings inline when the user asks for them
Parsed message {
  jsonrpc: '2.0',
  id: 0,
  result: {
    protocolVersion: '2026-01-26',
    hostInfo: { name: 'fake-host', version: '1.0.0' },
    hostCapabilities: {},
    hostContext: { theme: 'light' }
  }
}
Ignoring message from unknown source MessageEvent { isTrusted: [Getter] }
Sending message { method: 'ui/notifications/initialized', jsonrpc: '2.0' }

stdout | tests/dna-import-ui.test.tsx > DNA import component > renders the top findings inline when the user asks for them
Ignoring message from unknown source MessageEvent { isTrusted: [Getter] }

stdout | tests/dna-import-ui.test.tsx > DNA import component > renders the top findings inline when the user asks for them
Sending message {
  method: 'tools/call',
  params: {
    name: 'get_snp_catalog',
    arguments: {},
    _meta: { progressToken: 1 }
  },
  jsonrpc: '2.0',
  id: 1
}
Sending message {
  method: 'tools/call',
  params: {
    name: 'get_analysis_status',
    arguments: {},
    _meta: { progressToken: 2 }
  },
  jsonrpc: '2.0',
  id: 2
}

stdout | tests/dna-import-ui.test.tsx > DNA import component > renders the top findings inline when the user asks for them
Parsed message {
  jsonrpc: '2.0',
  id: 1,
  result: {
    content: [ [Object] ],
    structuredContent: {
      contract_version: '3.0.0',
      analysis_version: 'rev42-v3.0.0',
      ok: true,
      data: [Object],
      error: null
    },
    isError: false
  }
}
Ignoring message from unknown source MessageEvent { isTrusted: [Getter] }

stdout | tests/dna-import-ui.test.tsx > DNA import component > renders the top findings inline when the user asks for them
Parsed message {
  jsonrpc: '2.0',
  id: 2,
  result: {
    content: [ [Object] ],
    structuredContent: {
      contract_version: '3.0.0',
      analysis_version: 'rev42-v3.0.0',
      ok: true,
      data: [Object],
      error: null
    },
    isError: false
  }
}
Ignoring message from unknown source MessageEvent { isTrusted: [Getter] }

stdout | tests/dna-import-ui.test.tsx > DNA import component > hands a finding to ChatGPT only when the user asks
Sending message {
  method: 'ui/initialize',
  params: {
    appCapabilities: {},
    appInfo: { name: 'Mutant Genomics', version: '1.0.0' },
    protocolVersion: '2026-01-26'
  },
  jsonrpc: '2.0',
  id: 0
}

stdout | tests/dna-import-ui.test.tsx > DNA import component > hands a finding to ChatGPT only when the user asks
Parsed message {
  jsonrpc: '2.0',
  id: 0,
  result: {
    protocolVersion: '2026-01-26',
    hostInfo: { name: 'fake-host', version: '1.0.0' },
    hostCapabilities: {},
    hostContext: { theme: 'light' }
  }
}
Ignoring message from unknown source MessageEvent { isTrusted: [Getter] }
Sending message { method: 'ui/notifications/initialized', jsonrpc: '2.0' }

stdout | tests/dna-import-ui.test.tsx > DNA import component > hands a finding to ChatGPT only when the user asks
Ignoring message from unknown source MessageEvent { isTrusted: [Getter] }

stdout | tests/dna-import-ui.test.tsx > DNA import component > hands a finding to ChatGPT only when the user asks
Sending message {
  method: 'tools/call',
  params: {
    name: 'get_snp_catalog',
    arguments: {},
    _meta: { progressToken: 1 }
  },
  jsonrpc: '2.0',
  id: 1
}
Sending message {
  method: 'tools/call',
  params: {
    name: 'get_analysis_status',
    arguments: {},
    _meta: { progressToken: 2 }
  },
  jsonrpc: '2.0',
  id: 2
}

stdout | tests/dna-import-ui.test.tsx > DNA import component > hands a finding to ChatGPT only when the user asks
Parsed message {
  jsonrpc: '2.0',
  id: 1,
  result: {
    content: [ [Object] ],
    structuredContent: {
      contract_version: '3.0.0',
      analysis_version: 'rev42-v3.0.0',
      ok: true,
      data: [Object],
      error: null
    },
    isError: false
  }
}
Ignoring message from unknown source MessageEvent { isTrusted: [Getter] }

stdout | tests/dna-import-ui.test.tsx > DNA import component > hands a finding to ChatGPT only when the user asks
Parsed message {
  jsonrpc: '2.0',
  id: 2,
  result: {
    content: [ [Object] ],
    structuredContent: {
      contract_version: '3.0.0',
      analysis_version: 'rev42-v3.0.0',
      ok: true,
      data: [Object],
      error: null
    },
    isError: false
  }
}
Ignoring message from unknown source MessageEvent { isTrusted: [Getter] }

stdout | tests/dna-import-ui.test.tsx > DNA import component > renders state-aware prompt chips and sends one on click
Sending message {
  method: 'ui/initialize',
  params: {
    appCapabilities: {},
    appInfo: { name: 'Mutant Genomics', version: '1.0.0' },
    protocolVersion: '2026-01-26'
  },
  jsonrpc: '2.0',
  id: 0
}

stdout | tests/dna-import-ui.test.tsx > DNA import component > renders state-aware prompt chips and sends one on click
Parsed message {
  jsonrpc: '2.0',
  id: 0,
  result: {
    protocolVersion: '2026-01-26',
    hostInfo: { name: 'fake-host', version: '1.0.0' },
    hostCapabilities: {},
    hostContext: { theme: 'light' }
  }
}
Ignoring message from unknown source MessageEvent { isTrusted: [Getter] }
Sending message { method: 'ui/notifications/initialized', jsonrpc: '2.0' }

stdout | tests/dna-import-ui.test.tsx > DNA import component > renders state-aware prompt chips and sends one on click
Sending message {
  method: 'tools/call',
  params: {
    name: 'get_snp_catalog',
    arguments: {},
    _meta: { progressToken: 1 }
  },
  jsonrpc: '2.0',
  id: 1
}
Sending message {
  method: 'tools/call',
  params: {
    name: 'get_analysis_status',
    arguments: {},
    _meta: { progressToken: 2 }
  },
  jsonrpc: '2.0',
  id: 2
}

stdout | tests/dna-import-ui.test.tsx > DNA import component > renders state-aware prompt chips and sends one on click
Ignoring message from unknown source MessageEvent { isTrusted: [Getter] }

stdout | tests/dna-import-ui.test.tsx > DNA import component > renders state-aware prompt chips and sends one on click
Parsed message {
  jsonrpc: '2.0',
  id: 1,
  result: {
    content: [ [Object] ],
    structuredContent: {
      contract_version: '3.0.0',
      analysis_version: 'rev42-v3.0.0',
      ok: true,
      data: [Object],
      error: null
    },
    isError: false
  }
}
Ignoring message from unknown source MessageEvent { isTrusted: [Getter] }

stdout | tests/dna-import-ui.test.tsx > DNA import component > renders state-aware prompt chips and sends one on click
Parsed message {
  jsonrpc: '2.0',
  id: 2,
  result: {
    content: [ [Object] ],
    structuredContent: {
      contract_version: '3.0.0',
      analysis_version: 'rev42-v3.0.0',
      ok: true,
      data: [Object],
      error: null
    },
    isError: false
  }
}
Ignoring message from unknown source MessageEvent { isTrusted: [Getter] }

stdout | tests/dna-import-ui.test.tsx > DNA import component > opens the overview route with findings and hints already visible
Sending message {
  method: 'ui/initialize',
  params: {
    appCapabilities: {},
    appInfo: { name: 'Mutant Genomics', version: '1.0.0' },
    protocolVersion: '2026-01-26'
  },
  jsonrpc: '2.0',
  id: 0
}

stdout | tests/dna-import-ui.test.tsx > DNA import component > opens the overview route with findings and hints already visible
Parsed message {
  jsonrpc: '2.0',
  id: 0,
  result: {
    protocolVersion: '2026-01-26',
    hostInfo: { name: 'fake-host', version: '1.0.0' },
    hostCapabilities: {},
    hostContext: { theme: 'light' }
  }
}
Ignoring message from unknown source MessageEvent { isTrusted: [Getter] }
Sending message { method: 'ui/notifications/initialized', jsonrpc: '2.0' }

stdout | tests/dna-import-ui.test.tsx > DNA import component > opens the overview route with findings and hints already visible
Sending message {
  method: 'tools/call',
  params: {
    name: 'get_snp_catalog',
    arguments: {},
    _meta: { progressToken: 1 }
  },
  jsonrpc: '2.0',
  id: 1
}
Sending message {
  method: 'tools/call',
  params: {
    name: 'get_analysis_status',
    arguments: {},
    _meta: { progressToken: 2 }
  },
  jsonrpc: '2.0',
  id: 2
}

stdout | tests/dna-import-ui.test.tsx > DNA import component > opens the overview route with findings and hints already visible
Ignoring message from unknown source MessageEvent { isTrusted: [Getter] }

stdout | tests/dna-import-ui.test.tsx > DNA import component > opens the overview route with findings and hints already visible
Parsed message {
  jsonrpc: '2.0',
  id: 1,
  result: {
    content: [ [Object] ],
    structuredContent: {
      contract_version: '3.0.0',
      analysis_version: 'rev42-v3.0.0',
      ok: true,
      data: [Object],
      error: null
    },
    isError: false
  }
}
Ignoring message from unknown source MessageEvent { isTrusted: [Getter] }

stdout | tests/dna-import-ui.test.tsx > DNA import component > opens the overview route with findings and hints already visible
Parsed message {
  jsonrpc: '2.0',
  id: 2,
  result: {
    content: [ [Object] ],
    structuredContent: {
      contract_version: '3.0.0',
      analysis_version: 'rev42-v3.0.0',
      ok: true,
      data: [Object],
      error: null
    },
    isError: false
  }
}
Ignoring message from unknown source MessageEvent { isTrusted: [Getter] }

stdout | tests/dna-import-ui.test.tsx > DNA import component > opens findings when the host delivers the overview tool result
Sending message {
  method: 'ui/initialize',
  params: {
    appCapabilities: {},
    appInfo: { name: 'Mutant Genomics', version: '1.0.0' },
    protocolVersion: '2026-01-26'
  },
  jsonrpc: '2.0',
  id: 0
}

stdout | tests/dna-import-ui.test.tsx > DNA import component > opens findings when the host delivers the overview tool result
Parsed message {
  jsonrpc: '2.0',
  id: 0,
  result: {
    protocolVersion: '2026-01-26',
    hostInfo: { name: 'fake-host', version: '1.0.0' },
    hostCapabilities: {},
    hostContext: { theme: 'light' }
  }
}
Ignoring message from unknown source MessageEvent { isTrusted: [Getter] }
Sending message { method: 'ui/notifications/initialized', jsonrpc: '2.0' }

stdout | tests/dna-import-ui.test.tsx > DNA import component > opens findings when the host delivers the overview tool result
Ignoring message from unknown source MessageEvent { isTrusted: [Getter] }

stdout | tests/dna-import-ui.test.tsx > DNA import component > opens findings when the host delivers the overview tool result
Sending message {
  method: 'tools/call',
  params: {
    name: 'get_snp_catalog',
    arguments: {},
    _meta: { progressToken: 1 }
  },
  jsonrpc: '2.0',
  id: 1
}
Sending message {
  method: 'tools/call',
  params: {
    name: 'get_analysis_status',
    arguments: {},
    _meta: { progressToken: 2 }
  },
  jsonrpc: '2.0',
  id: 2
}

stdout | tests/dna-import-ui.test.tsx > DNA import component > opens findings when the host delivers the overview tool result
Parsed message {
  jsonrpc: '2.0',
  id: 1,
  result: {
    content: [ [Object] ],
    structuredContent: {
      contract_version: '3.0.0',
      analysis_version: 'rev42-v3.0.0',
      ok: true,
      data: [Object],
      error: null
    },
    isError: false
  }
}
Ignoring message from unknown source MessageEvent { isTrusted: [Getter] }

stdout | tests/dna-import-ui.test.tsx > DNA import component > opens findings when the host delivers the overview tool result
Parsed message {
  jsonrpc: '2.0',
  id: 2,
  result: {
    content: [ [Object] ],
    structuredContent: {
      contract_version: '3.0.0',
      analysis_version: 'rev42-v3.0.0',
      ok: true,
      data: [Object],
      error: null
    },
    isError: false
  }
}
Ignoring message from unknown source MessageEvent { isTrusted: [Getter] }

stdout | tests/dna-import-ui.test.tsx > DNA import component > surfaces an unmatched analysis error instead of the transient outage copy
Sending message {
  method: 'ui/initialize',
  params: {
    appCapabilities: {},
    appInfo: { name: 'Mutant Genomics', version: '1.0.0' },
    protocolVersion: '2026-01-26'
  },
  jsonrpc: '2.0',
  id: 0
}

stdout | tests/dna-import-ui.test.tsx > DNA import component > surfaces an unmatched analysis error instead of the transient outage copy
Parsed message {
  jsonrpc: '2.0',
  id: 0,
  result: {
    protocolVersion: '2026-01-26',
    hostInfo: { name: 'fake-host', version: '1.0.0' },
    hostCapabilities: {},
    hostContext: { theme: 'light' }
  }
}
Ignoring message from unknown source MessageEvent { isTrusted: [Getter] }
Sending message { method: 'ui/notifications/initialized', jsonrpc: '2.0' }

stdout | tests/dna-import-ui.test.tsx > DNA import component > surfaces an unmatched analysis error instead of the transient outage copy
Ignoring message from unknown source MessageEvent { isTrusted: [Getter] }

stdout | tests/dna-import-ui.test.tsx > DNA import component > surfaces an unmatched analysis error instead of the transient outage copy
Sending message {
  method: 'tools/call',
  params: {
    name: 'get_snp_catalog',
    arguments: {},
    _meta: { progressToken: 1 }
  },
  jsonrpc: '2.0',
  id: 1
}
Sending message {
  method: 'tools/call',
  params: {
    name: 'get_analysis_status',
    arguments: {},
    _meta: { progressToken: 2 }
  },
  jsonrpc: '2.0',
  id: 2
}

stdout | tests/dna-import-ui.test.tsx > DNA import component > surfaces an unmatched analysis error instead of the transient outage copy
Parsed message {
  jsonrpc: '2.0',
  id: 1,
  result: {
    content: [ [Object] ],
    structuredContent: {
      contract_version: '3.0.0',
      analysis_version: 'rev42-v3.0.0',
      ok: true,
      data: [Object],
      error: null
    },
    isError: false
  }
}
Ignoring message from unknown source MessageEvent { isTrusted: [Getter] }

stdout | tests/dna-import-ui.test.tsx > DNA import component > surfaces an unmatched analysis error instead of the transient outage copy
Parsed message {
  jsonrpc: '2.0',
  id: 2,
  result: {
    content: [ [Object] ],
    structuredContent: {
      contract_version: '3.0.0',
      analysis_version: 'rev42-v3.0.0',
      ok: true,
      data: [Object],
      error: null
    },
    isError: false
  }
}
Ignoring message from unknown source MessageEvent { isTrusted: [Getter] }

stdout | tests/dna-import-ui.test.tsx > DNA import component > offers record comparison and the Full upgrade only to Free accounts
Sending message {
  method: 'ui/initialize',
  params: {
    appCapabilities: {},
    appInfo: { name: 'Mutant Genomics', version: '1.0.0' },
    protocolVersion: '2026-01-26'
  },
  jsonrpc: '2.0',
  id: 0
}

stdout | tests/dna-import-ui.test.tsx > DNA import component > offers record comparison and the Full upgrade only to Free accounts
Parsed message {
  jsonrpc: '2.0',
  id: 0,
  result: {
    protocolVersion: '2026-01-26',
    hostInfo: { name: 'fake-host', version: '1.0.0' },
    hostCapabilities: {},
    hostContext: { theme: 'light' }
  }
}
Ignoring message from unknown source MessageEvent { isTrusted: [Getter] }
Sending message { method: 'ui/notifications/initialized', jsonrpc: '2.0' }

stdout | tests/dna-import-ui.test.tsx > DNA import component > offers record comparison and the Full upgrade only to Free accounts
Ignoring message from unknown source MessageEvent { isTrusted: [Getter] }

stdout | tests/dna-import-ui.test.tsx > DNA import component > offers record comparison and the Full upgrade only to Free accounts
Sending message {
  method: 'tools/call',
  params: {
    name: 'get_snp_catalog',
    arguments: {},
    _meta: { progressToken: 1 }
  },
  jsonrpc: '2.0',
  id: 1
}
Sending message {
  method: 'tools/call',
  params: {
    name: 'get_analysis_status',
    arguments: {},
    _meta: { progressToken: 2 }
  },
  jsonrpc: '2.0',
  id: 2
}

stdout | tests/dna-import-ui.test.tsx > DNA import component > offers record comparison and the Full upgrade only to Free accounts
Parsed message {
  jsonrpc: '2.0',
  id: 1,
  result: {
    content: [ [Object] ],
    structuredContent: {
      contract_version: '3.0.0',
      analysis_version: 'rev42-v3.0.0',
      ok: true,
      data: [Object],
      error: null
    },
    isError: false
  }
}
Ignoring message from unknown source MessageEvent { isTrusted: [Getter] }

stdout | tests/dna-import-ui.test.tsx > DNA import component > offers record comparison and the Full upgrade only to Free accounts
Parsed message {
  jsonrpc: '2.0',
  id: 2,
  result: {
    content: [ [Object] ],
    structuredContent: {
      contract_version: '3.0.0',
      analysis_version: 'rev42-v3.0.0',
      ok: true,
      data: [Object],
      error: null
    },
    isError: false
  }
}
Ignoring message from unknown source MessageEvent { isTrusted: [Getter] }

stdout | tests/dna-import-ui.test.tsx > DNA import component > does not offer an upgrade to a Full account
Sending message {
  method: 'ui/initialize',
  params: {
    appCapabilities: {},
    appInfo: { name: 'Mutant Genomics', version: '1.0.0' },
    protocolVersion: '2026-01-26'
  },
  jsonrpc: '2.0',
  id: 0
}

stdout | tests/dna-import-ui.test.tsx > DNA import component > does not offer an upgrade to a Full account
Parsed message {
  jsonrpc: '2.0',
  id: 0,
  result: {
    protocolVersion: '2026-01-26',
    hostInfo: { name: 'fake-host', version: '1.0.0' },
    hostCapabilities: {},
    hostContext: { theme: 'light' }
  }
}
Ignoring message from unknown source MessageEvent { isTrusted: [Getter] }
Sending message { method: 'ui/notifications/initialized', jsonrpc: '2.0' }

stdout | tests/dna-import-ui.test.tsx > DNA import component > does not offer an upgrade to a Full account
Sending message {
  method: 'tools/call',
  params: {
    name: 'get_snp_catalog',
    arguments: {},
    _meta: { progressToken: 1 }
  },
  jsonrpc: '2.0',
  id: 1
}
Sending message {
  method: 'tools/call',
  params: {
    name: 'get_analysis_status',
    arguments: {},
    _meta: { progressToken: 2 }
  },
  jsonrpc: '2.0',
  id: 2
}

stdout | tests/dna-import-ui.test.tsx > DNA import component > does not offer an upgrade to a Full account
Ignoring message from unknown source MessageEvent { isTrusted: [Getter] }

stdout | tests/dna-import-ui.test.tsx > DNA import component > does not offer an upgrade to a Full account
Parsed message {
  jsonrpc: '2.0',
  id: 1,
  result: {
    content: [ [Object] ],
    structuredContent: {
      contract_version: '3.0.0',
      analysis_version: 'rev42-v3.0.0',
      ok: true,
      data: [Object],
      error: null
    },
    isError: false
  }
}
Ignoring message from unknown source MessageEvent { isTrusted: [Getter] }

stdout | tests/dna-import-ui.test.tsx > DNA import component > does not offer an upgrade to a Full account
Parsed message {
  jsonrpc: '2.0',
  id: 2,
  result: {
    content: [ [Object] ],
    structuredContent: {
      contract_version: '3.0.0',
      analysis_version: 'rev42-v3.0.0',
      ok: true,
      data: [Object],
      error: null
    },
    isError: false
  }
}
Ignoring message from unknown source MessageEvent { isTrusted: [Getter] }

stdout | tests/dna-import-ui.test.tsx > DNA import component > offers an optional refresh when regeneration is available
Sending message {
  method: 'ui/initialize',
  params: {
    appCapabilities: {},
    appInfo: { name: 'Mutant Genomics', version: '1.0.0' },
    protocolVersion: '2026-01-26'
  },
  jsonrpc: '2.0',
  id: 0
}

stdout | tests/dna-import-ui.test.tsx > DNA import component > offers an optional refresh when regeneration is available
Parsed message {
  jsonrpc: '2.0',
  id: 0,
  result: {
    protocolVersion: '2026-01-26',
    hostInfo: { name: 'fake-host', version: '1.0.0' },
    hostCapabilities: {},
    hostContext: { theme: 'light' }
  }
}
Ignoring message from unknown source MessageEvent { isTrusted: [Getter] }
Sending message { method: 'ui/notifications/initialized', jsonrpc: '2.0' }

stdout | tests/dna-import-ui.test.tsx > DNA import component > offers an optional refresh when regeneration is available
Ignoring message from unknown source MessageEvent { isTrusted: [Getter] }

stdout | tests/dna-import-ui.test.tsx > DNA import component > offers an optional refresh when regeneration is available
Sending message {
  method: 'tools/call',
  params: {
    name: 'get_snp_catalog',
    arguments: {},
    _meta: { progressToken: 1 }
  },
  jsonrpc: '2.0',
  id: 1
}
Sending message {
  method: 'tools/call',
  params: {
    name: 'get_analysis_status',
    arguments: {},
    _meta: { progressToken: 2 }
  },
  jsonrpc: '2.0',
  id: 2
}

stdout | tests/dna-import-ui.test.tsx > DNA import component > offers an optional refresh when regeneration is available
Parsed message {
  jsonrpc: '2.0',
  id: 1,
  result: {
    content: [ [Object] ],
    structuredContent: {
      contract_version: '3.0.0',
      analysis_version: 'rev42-v3.0.0',
      ok: true,
      data: [Object],
      error: null
    },
    isError: false
  }
}
Ignoring message from unknown source MessageEvent { isTrusted: [Getter] }

stdout | tests/dna-import-ui.test.tsx > DNA import component > offers an optional refresh when regeneration is available
Parsed message {
  jsonrpc: '2.0',
  id: 2,
  result: {
    content: [ [Object] ],
    structuredContent: {
      contract_version: '3.0.0',
      analysis_version: 'rev42-v3.0.0',
      ok: true,
      data: [Object],
      error: null
    },
    isError: false
  }
}
Ignoring message from unknown source MessageEvent { isTrusted: [Getter] }

stdout | tests/dna-import-ui.test.tsx > DNA import component > loads hints when a refresh status result mounts the card
Sending message {
  method: 'ui/initialize',
  params: {
    appCapabilities: {},
    appInfo: { name: 'Mutant Genomics', version: '1.0.0' },
    protocolVersion: '2026-01-26'
  },
  jsonrpc: '2.0',
  id: 0
}

stdout | tests/dna-import-ui.test.tsx > DNA import component > loads hints when a refresh status result mounts the card
Parsed message {
  jsonrpc: '2.0',
  id: 0,
  result: {
    protocolVersion: '2026-01-26',
    hostInfo: { name: 'fake-host', version: '1.0.0' },
    hostCapabilities: {},
    hostContext: { theme: 'light' }
  }
}
Ignoring message from unknown source MessageEvent { isTrusted: [Getter] }
Sending message { method: 'ui/notifications/initialized', jsonrpc: '2.0' }

stdout | tests/dna-import-ui.test.tsx > DNA import component > loads hints when a refresh status result mounts the card
Ignoring message from unknown source MessageEvent { isTrusted: [Getter] }

stdout | tests/dna-import-ui.test.tsx > DNA import component > loads hints when a refresh status result mounts the card
Sending message {
  method: 'tools/call',
  params: {
    name: 'get_snp_catalog',
    arguments: {},
    _meta: { progressToken: 1 }
  },
  jsonrpc: '2.0',
  id: 1
}
Sending message {
  method: 'tools/call',
  params: {
    name: 'get_analysis_status',
    arguments: {},
    _meta: { progressToken: 2 }
  },
  jsonrpc: '2.0',
  id: 2
}

stdout | tests/dna-import-ui.test.tsx > DNA import component > loads hints when a refresh status result mounts the card
Parsed message {
  jsonrpc: '2.0',
  id: 1,
  result: {
    content: [ [Object] ],
    structuredContent: {
      contract_version: '3.0.0',
      analysis_version: 'rev42-v3.0.0',
      ok: true,
      data: [Object],
      error: null
    },
    isError: false
  }
}
Ignoring message from unknown source MessageEvent { isTrusted: [Getter] }

stdout | tests/dna-import-ui.test.tsx > DNA import component > loads hints when a refresh status result mounts the card
Parsed message {
  jsonrpc: '2.0',
  id: 2,
  result: {
    content: [ [Object] ],
    structuredContent: {
      contract_version: '3.0.0',
      analysis_version: 'rev42-v3.0.0',
      ok: true,
      data: [Object],
      error: null
    },
    isError: false
  }
}
Ignoring message from unknown source MessageEvent { isTrusted: [Getter] }

stdout | tests/dna-import-ui.test.tsx > DNA import component > moves off the ready card when a regenerate result arrives after mount
Sending message {
  method: 'ui/initialize',
  params: {
    appCapabilities: {},
    appInfo: { name: 'Mutant Genomics', version: '1.0.0' },
    protocolVersion: '2026-01-26'
  },
  jsonrpc: '2.0',
  id: 0
}

stdout | tests/dna-import-ui.test.tsx > DNA import component > moves off the ready card when a regenerate result arrives after mount
Parsed message {
  jsonrpc: '2.0',
  id: 0,
  result: {
    protocolVersion: '2026-01-26',
    hostInfo: { name: 'fake-host', version: '1.0.0' },
    hostCapabilities: {},
    hostContext: { theme: 'light' }
  }
}
Ignoring message from unknown source MessageEvent { isTrusted: [Getter] }
Sending message { method: 'ui/notifications/initialized', jsonrpc: '2.0' }

stdout | tests/dna-import-ui.test.tsx > DNA import component > moves off the ready card when a regenerate result arrives after mount
Ignoring message from unknown source MessageEvent { isTrusted: [Getter] }

stdout | tests/dna-import-ui.test.tsx > DNA import component > moves off the ready card when a regenerate result arrives after mount
Sending message {
  method: 'tools/call',
  params: {
    name: 'get_snp_catalog',
    arguments: {},
    _meta: { progressToken: 1 }
  },
  jsonrpc: '2.0',
  id: 1
}
Sending message {
  method: 'tools/call',
  params: {
    name: 'get_analysis_status',
    arguments: {},
    _meta: { progressToken: 2 }
  },
  jsonrpc: '2.0',
  id: 2
}

stdout | tests/dna-import-ui.test.tsx > DNA import component > moves off the ready card when a regenerate result arrives after mount
Parsed message {
  jsonrpc: '2.0',
  id: 1,
  result: {
    content: [ [Object] ],
    structuredContent: {
      contract_version: '3.0.0',
      analysis_version: 'rev42-v3.0.0',
      ok: true,
      data: [Object],
      error: null
    },
    isError: false
  }
}
Ignoring message from unknown source MessageEvent { isTrusted: [Getter] }

stdout | tests/dna-import-ui.test.tsx > DNA import component > moves off the ready card when a regenerate result arrives after mount
Parsed message {
  jsonrpc: '2.0',
  id: 2,
  result: {
    content: [ [Object] ],
    structuredContent: {
      contract_version: '3.0.0',
      analysis_version: 'rev42-v3.0.0',
      ok: true,
      data: [Object],
      error: null
    },
    isError: false
  }
}
Ignoring message from unknown source MessageEvent { isTrusted: [Getter] }

stdout | tests/dna-import-ui.test.tsx > DNA import component > sends exactly one host follow-up per action and never renders the prompt
Sending message {
  method: 'ui/initialize',
  params: {
    appCapabilities: {},
    appInfo: { name: 'Mutant Genomics', version: '1.0.0' },
    protocolVersion: '2026-01-26'
  },
  jsonrpc: '2.0',
  id: 0
}

stdout | tests/dna-import-ui.test.tsx > DNA import component > sends exactly one host follow-up per action and never renders the prompt
Parsed message {
  jsonrpc: '2.0',
  id: 0,
  result: {
    protocolVersion: '2026-01-26',
    hostInfo: { name: 'fake-host', version: '1.0.0' },
    hostCapabilities: {},
    hostContext: { theme: 'light' }
  }
}
Ignoring message from unknown source MessageEvent { isTrusted: [Getter] }
Sending message { method: 'ui/notifications/initialized', jsonrpc: '2.0' }

stdout | tests/dna-import-ui.test.tsx > DNA import component > sends exactly one host follow-up per action and never renders the prompt
Ignoring message from unknown source MessageEvent { isTrusted: [Getter] }

stdout | tests/dna-import-ui.test.tsx > DNA import component > sends exactly one host follow-up per action and never renders the prompt
Sending message {
  method: 'tools/call',
  params: {
    name: 'get_snp_catalog',
    arguments: {},
    _meta: { progressToken: 1 }
  },
  jsonrpc: '2.0',
  id: 1
}
Sending message {
  method: 'tools/call',
  params: {
    name: 'get_analysis_status',
    arguments: {},
    _meta: { progressToken: 2 }
  },
  jsonrpc: '2.0',
  id: 2
}

stdout | tests/dna-import-ui.test.tsx > DNA import component > sends exactly one host follow-up per action and never renders the prompt
Parsed message {
  jsonrpc: '2.0',
  id: 1,
  result: {
    content: [ [Object] ],
    structuredContent: {
      contract_version: '3.0.0',
      analysis_version: 'rev42-v3.0.0',
      ok: true,
      data: [Object],
      error: null
    },
    isError: false
  }
}
Ignoring message from unknown source MessageEvent { isTrusted: [Getter] }

stdout | tests/dna-import-ui.test.tsx > DNA import component > sends exactly one host follow-up per action and never renders the prompt
Parsed message {
  jsonrpc: '2.0',
  id: 2,
  result: {
    content: [ [Object] ],
    structuredContent: {
      contract_version: '3.0.0',
      analysis_version: 'rev42-v3.0.0',
      ok: true,
      data: [Object],
      error: null
    },
    isError: false
  }
}
Ignoring message from unknown source MessageEvent { isTrusted: [Getter] }

stdout | tests/dna-import-ui.test.tsx > DNA import component > uses the ChatGPT host API when the widget is injected with window.openai
Sending message {
  method: 'ui/initialize',
  params: {
    appCapabilities: {},
    appInfo: { name: 'Mutant Genomics', version: '1.0.0' },
    protocolVersion: '2026-01-26'
  },
  jsonrpc: '2.0',
  id: 0
}

stdout | tests/dna-import-ui.test.tsx > DNA import component > uses the ChatGPT host API when the widget is injected with window.openai
Parsed message {
  jsonrpc: '2.0',
  id: 0,
  result: {
    protocolVersion: '2026-01-26',
    hostInfo: { name: 'fake-host', version: '1.0.0' },
    hostCapabilities: {},
    hostContext: { theme: 'light' }
  }
}
Ignoring message from unknown source MessageEvent { isTrusted: [Getter] }
Sending message { method: 'ui/notifications/initialized', jsonrpc: '2.0' }

stdout | tests/dna-import-ui.test.tsx > DNA import component > uses the ChatGPT host API when the widget is injected with window.openai
Ignoring message from unknown source MessageEvent { isTrusted: [Getter] }

stdout | tests/dna-import-ui.test.tsx > DNA import component > uses the ChatGPT host API when the widget is injected with window.openai
Sending message {
  method: 'tools/call',
  params: {
    name: 'get_snp_catalog',
    arguments: {},
    _meta: { progressToken: 1 }
  },
  jsonrpc: '2.0',
  id: 1
}
Sending message {
  method: 'tools/call',
  params: {
    name: 'get_analysis_status',
    arguments: {},
    _meta: { progressToken: 2 }
  },
  jsonrpc: '2.0',
  id: 2
}

stdout | tests/dna-import-ui.test.tsx > DNA import component > uses the ChatGPT host API when the widget is injected with window.openai
Parsed message {
  jsonrpc: '2.0',
  id: 1,
  result: {
    content: [ [Object] ],
    structuredContent: {
      contract_version: '3.0.0',
      analysis_version: 'rev42-v3.0.0',
      ok: true,
      data: [Object],
      error: null
    },
    isError: false
  }
}
Ignoring message from unknown source MessageEvent { isTrusted: [Getter] }

stdout | tests/dna-import-ui.test.tsx > DNA import component > uses the ChatGPT host API when the widget is injected with window.openai
Parsed message {
  jsonrpc: '2.0',
  id: 2,
  result: {
    content: [ [Object] ],
    structuredContent: {
      contract_version: '3.0.0',
      analysis_version: 'rev42-v3.0.0',
      ok: true,
      data: [Object],
      error: null
    },
    isError: false
  }
}
Ignoring message from unknown source MessageEvent { isTrusted: [Getter] }

stdout | tests/dna-import-ui.test.tsx > DNA import component > shows a user-visible error when the host rejects the follow-up
Sending message {
  method: 'ui/initialize',
  params: {
    appCapabilities: {},
    appInfo: { name: 'Mutant Genomics', version: '1.0.0' },
    protocolVersion: '2026-01-26'
  },
  jsonrpc: '2.0',
  id: 0
}

stdout | tests/dna-import-ui.test.tsx > DNA import component > shows a user-visible error when the host rejects the follow-up
Parsed message {
  jsonrpc: '2.0',
  id: 0,
  result: {
    protocolVersion: '2026-01-26',
    hostInfo: { name: 'fake-host', version: '1.0.0' },
    hostCapabilities: {},
    hostContext: { theme: 'light' }
  }
}
Ignoring message from unknown source MessageEvent { isTrusted: [Getter] }
Sending message { method: 'ui/notifications/initialized', jsonrpc: '2.0' }

stdout | tests/dna-import-ui.test.tsx > DNA import component > shows a user-visible error when the host rejects the follow-up
Ignoring message from unknown source MessageEvent { isTrusted: [Getter] }

stdout | tests/dna-import-ui.test.tsx > DNA import component > shows a user-visible error when the host rejects the follow-up
Sending message {
  method: 'tools/call',
  params: {
    name: 'get_snp_catalog',
    arguments: {},
    _meta: { progressToken: 1 }
  },
  jsonrpc: '2.0',
  id: 1
}
Sending message {
  method: 'tools/call',
  params: {
    name: 'get_analysis_status',
    arguments: {},
    _meta: { progressToken: 2 }
  },
  jsonrpc: '2.0',
  id: 2
}

stdout | tests/dna-import-ui.test.tsx > DNA import component > shows a user-visible error when the host rejects the follow-up
Parsed message {
  jsonrpc: '2.0',
  id: 1,
  result: {
    content: [ [Object] ],
    structuredContent: {
      contract_version: '3.0.0',
      analysis_version: 'rev42-v3.0.0',
      ok: true,
      data: [Object],
      error: null
    },
    isError: false
  }
}
Ignoring message from unknown source MessageEvent { isTrusted: [Getter] }

stdout | tests/dna-import-ui.test.tsx > DNA import component > shows a user-visible error when the host rejects the follow-up
Parsed message {
  jsonrpc: '2.0',
  id: 2,
  result: {
    content: [ [Object] ],
    structuredContent: {
      contract_version: '3.0.0',
      analysis_version: 'rev42-v3.0.0',
      ok: true,
      data: [Object],
      error: null
    },
    isError: false
  }
}
Ignoring message from unknown source MessageEvent { isTrusted: [Getter] }

stdout | tests/dna-import-ui.test.tsx > DNA import component > exposes a low-emphasis replace action once the analysis is ready
Sending message {
  method: 'ui/initialize',
  params: {
    appCapabilities: {},
    appInfo: { name: 'Mutant Genomics', version: '1.0.0' },
    protocolVersion: '2026-01-26'
  },
  jsonrpc: '2.0',
  id: 0
}

stdout | tests/dna-import-ui.test.tsx > DNA import component > exposes a low-emphasis replace action once the analysis is ready
Parsed message {
  jsonrpc: '2.0',
  id: 0,
  result: {
    protocolVersion: '2026-01-26',
    hostInfo: { name: 'fake-host', version: '1.0.0' },
    hostCapabilities: {},
    hostContext: { theme: 'light' }
  }
}
Ignoring message from unknown source MessageEvent { isTrusted: [Getter] }
Sending message { method: 'ui/notifications/initialized', jsonrpc: '2.0' }

stdout | tests/dna-import-ui.test.tsx > DNA import component > exposes a low-emphasis replace action once the analysis is ready
Ignoring message from unknown source MessageEvent { isTrusted: [Getter] }

stdout | tests/dna-import-ui.test.tsx > DNA import component > exposes a low-emphasis replace action once the analysis is ready
Sending message {
  method: 'tools/call',
  params: {
    name: 'get_snp_catalog',
    arguments: {},
    _meta: { progressToken: 1 }
  },
  jsonrpc: '2.0',
  id: 1
}
Sending message {
  method: 'tools/call',
  params: {
    name: 'get_analysis_status',
    arguments: {},
    _meta: { progressToken: 2 }
  },
  jsonrpc: '2.0',
  id: 2
}

stdout | tests/dna-import-ui.test.tsx > DNA import component > exposes a low-emphasis replace action once the analysis is ready
Parsed message {
  jsonrpc: '2.0',
  id: 1,
  result: {
    content: [ [Object] ],
    structuredContent: {
      contract_version: '3.0.0',
      analysis_version: 'rev42-v3.0.0',
      ok: true,
      data: [Object],
      error: null
    },
    isError: false
  }
}
Ignoring message from unknown source MessageEvent { isTrusted: [Getter] }

stdout | tests/dna-import-ui.test.tsx > DNA import component > exposes a low-emphasis replace action once the analysis is ready
Parsed message {
  jsonrpc: '2.0',
  id: 2,
  result: {
    content: [ [Object] ],
    structuredContent: {
      contract_version: '3.0.0',
      analysis_version: 'rev42-v3.0.0',
      ok: true,
      data: [Object],
      error: null
    },
    isError: false
  }
}
Ignoring message from unknown source MessageEvent { isTrusted: [Getter] }

 Γ¥» tests/dna-import-ui.test.tsx (44 tests | 24 failed) 25368ms
     ├ù shows a truthful processing card without internal identifiers 1022ms
     ├ù resumes an in-flight analysis on mount and polls it to ready 1016ms
     ├ù opens directly on the ready card when the analysis is already complete 1012ms
     ├ù polls automatically after submitting, without another prompt 1056ms
     ├ù advances the elapsed timer once per second 1007ms
     ├ù changes the message when the analysis runs long 1011ms
     ├ù offers a recoverable state when the polling ceiling is reached 1018ms
     ├ù reports a failed analysis and retries with a new idempotency key 1068ms
     ├ù asks for a file again when a resumed session cannot retry in place 1007ms
     ├ù renders the top findings inline when the user asks for them 1011ms
     ├ù hands a finding to ChatGPT only when the user asks 1009ms
     ├ù renders state-aware prompt chips and sends one on click 1013ms
     ├ù opens the overview route with findings and hints already visible 1012ms
     ├ù opens findings when the host delivers the overview tool result 1019ms
     ├ù surfaces an unmatched analysis error instead of the transient outage copy 1007ms
     ├ù offers record comparison and the Full upgrade only to Free accounts 1014ms
     ├ù does not offer an upgrade to a Full account 1010ms
     ├ù offers an optional refresh when regeneration is available 1010ms
     ├ù loads hints when a refresh status result mounts the card 1018ms
     ├ù moves off the ready card when a regenerate result arrives after mount 1002ms
     ├ù sends exactly one host follow-up per action and never renders the prompt 1015ms
     ├ù uses the ChatGPT host API when the widget is injected with window.openai 1017ms
     ├ù shows a user-visible error when the host rejects the follow-up 1019ms
     ├ù exposes a low-emphasis replace action once the analysis is ready 1018ms

ΓÄ»ΓÄ»ΓÄ»ΓÄ»ΓÄ»ΓÄ» Failed Tests 55 ΓÄ»ΓÄ»ΓÄ»ΓÄ»ΓÄ»ΓÄ»ΓÄ»

 FAIL  tests/contract-v3.test.ts > contract v3.0 acceptance > advertises every contract tool and calls each one 
successfully
AssertionError: get_analysis_status output schema: expected undefined to be truthy

- Expected:
true

+ Received:
undefined

 Γ¥» tests/contract-v3.test.ts:364:63
    362|     // Every advertised tool must publish its own concrete output scheΓÇª
    363|     for (const tool of listed.tools) {
    364|       expect(tool.outputSchema, `${tool.name} output schema`).toBeTrutΓÇª
       |                                                               ^
    365|     }
    366|

ΓÄ»ΓÄ»ΓÄ»ΓÄ»ΓÄ»ΓÄ»ΓÄ»ΓÄ»ΓÄ»ΓÄ»ΓÄ»ΓÄ»ΓÄ»ΓÄ»ΓÄ»ΓÄ»ΓÄ»ΓÄ»ΓÄ»ΓÄ»ΓÄ»ΓÄ»ΓÄ»[1/55]ΓÄ»

 FAIL  tests/contract-v3.test.ts > contract v3.0 acceptance > caps suggested prompts at five natural-language 
follow-ups
TypeError: Cannot read properties of undefined (reading 'data')
 Γ¥» tests/contract-v3.test.ts:398:38
    396|     for (const name of withPrompts) {
    397|       const result = await client.callTool({ name, arguments: MINIMAL_ΓÇª
    398|       const data = envelopeOf(result).data as { suggested_prompts?: ArΓÇª
       |                                      ^
    399|       const prompts = data.suggested_prompts ?? [];
    400|       expect(prompts.length, `${name} prompt count`).toBeGreaterThan(0ΓÇª

ΓÄ»ΓÄ»ΓÄ»ΓÄ»ΓÄ»ΓÄ»ΓÄ»ΓÄ»ΓÄ»ΓÄ»ΓÄ»ΓÄ»ΓÄ»ΓÄ»ΓÄ»ΓÄ»ΓÄ»ΓÄ»ΓÄ»ΓÄ»ΓÄ»ΓÄ»ΓÄ»[2/55]ΓÄ»

 FAIL  tests/contract-v3.test.ts > contract v3.0 acceptance > renders the context content from the interpretation 
contract without dumping it
AssertionError: expected 'Cannot read properties of undefined (ΓÇª' to contain 'assessed 1000 markers'

Expected: "assessed 1000 markers"
Received: "Cannot read properties of undefined (reading '_zod')"

 Γ¥» tests/contract-v3.test.ts:416:18
    414|     const result = await client.callTool({ name: "get_analysis_contextΓÇª
    415|     const text = textOf(result);
    416|     expect(text).toContain("assessed 1000 markers");
       |                  ^
    417|     expect(text).toContain("Alpha finding");
    418|     expect(text).toContain("complete ranked analysis");

ΓÄ»ΓÄ»ΓÄ»ΓÄ»ΓÄ»ΓÄ»ΓÄ»ΓÄ»ΓÄ»ΓÄ»ΓÄ»ΓÄ»ΓÄ»ΓÄ»ΓÄ»ΓÄ»ΓÄ»ΓÄ»ΓÄ»ΓÄ»ΓÄ»ΓÄ»ΓÄ»[3/55]ΓÄ»

 FAIL  tests/contract-v3.test.ts > contract v3.0 acceptance > selects context prompts from the access summary, not 
selection_scope
TypeError: Cannot read properties of undefined (reading 'data')
 Γ¥» tests/contract-v3.test.ts:431:36
    429|     const { client } = await connect();
    430|     const result = await client.callTool({ name: "get_analysis_contextΓÇª
    431|     const data = envelopeOf(result).data as {
       |                                    ^
    432|       suggested_prompts?: Array<{ id: string; prompt: string }>;
    433|     };

ΓÄ»ΓÄ»ΓÄ»ΓÄ»ΓÄ»ΓÄ»ΓÄ»ΓÄ»ΓÄ»ΓÄ»ΓÄ»ΓÄ»ΓÄ»ΓÄ»ΓÄ»ΓÄ»ΓÄ»ΓÄ»ΓÄ»ΓÄ»ΓÄ»ΓÄ»ΓÄ»[4/55]ΓÄ»

 FAIL  tests/contract-v3.test.ts > contract v3.0 acceptance > offers a Full-scope prompt to Free accounts with locked 
hypotheses
TypeError: Cannot read properties of undefined (reading 'data')
 Γ¥» tests/contract-v3.test.ts:469:36
    467|     });
    468|     const result = await client.callTool({ name: "get_analysis_contextΓÇª
    469|     const data = envelopeOf(result).data as {
       |                                    ^
    470|       suggested_prompts?: Array<{ id: string }>;
    471|     };

ΓÄ»ΓÄ»ΓÄ»ΓÄ»ΓÄ»ΓÄ»ΓÄ»ΓÄ»ΓÄ»ΓÄ»ΓÄ»ΓÄ»ΓÄ»ΓÄ»ΓÄ»ΓÄ»ΓÄ»ΓÄ»ΓÄ»ΓÄ»ΓÄ»ΓÄ»ΓÄ»[5/55]ΓÄ»

 FAIL  tests/contract-v3.test.ts > contract v3.0 acceptance > binds the overview card to one displayed snapshot
AssertionError: expected true to be false // Object.is equality

- Expected
+ Received

- false
+ true

 Γ¥» tests/contract-v3.test.ts:496:28
    494|     const { client, backendClient } = await connect();
    495|     const result = await client.callTool({ name: "show_analysis_overviΓÇª
    496|     expect(result.isError).toBe(false);
       |                            ^
    497|     const data = envelopeOf(result).data as {
    498|       displayed_analysis_version: string | null;

ΓÄ»ΓÄ»ΓÄ»ΓÄ»ΓÄ»ΓÄ»ΓÄ»ΓÄ»ΓÄ»ΓÄ»ΓÄ»ΓÄ»ΓÄ»ΓÄ»ΓÄ»ΓÄ»ΓÄ»ΓÄ»ΓÄ»ΓÄ»ΓÄ»ΓÄ»ΓÄ»[6/55]ΓÄ»

 FAIL  tests/contract-v3.test.ts > contract v3.0 acceptance > keeps widget-only state out of genetic data and off the 
analysis tools
TypeError: Cannot read properties of undefined (reading 'mutant')
 Γ¥» tests/contract-v3.test.ts:514:17
    512|     const result = await client.callTool({ name: "show_dna_import", arΓÇª
    513|     const meta = result._meta as { mutant?: { mode?: string } };
    514|     expect(meta.mutant?.mode).toBe("initial");
       |                 ^
    515|     expect(JSON.stringify(result)).not.toMatch(/rs\d{3,}/);
    516|

ΓÄ»ΓÄ»ΓÄ»ΓÄ»ΓÄ»ΓÄ»ΓÄ»ΓÄ»ΓÄ»ΓÄ»ΓÄ»ΓÄ»ΓÄ»ΓÄ»ΓÄ»ΓÄ»ΓÄ»ΓÄ»ΓÄ»ΓÄ»ΓÄ»ΓÄ»ΓÄ»[7/55]ΓÄ»

 FAIL  tests/contract-v3.test.ts > contract v3.0 acceptance > carries the module-first explanation contract without 
dumping it into text
TypeError: Cannot read properties of undefined (reading 'data')
 Γ¥» tests/contract-v3.test.ts:524:41
    522|     const { client } = await connect();
    523|     const result = await client.callTool({ name: "get_analysis_contextΓÇª
    524|     const contract = (envelopeOf(result).data as { interpretation: RecΓÇª
       |                                         ^
    525|       .interpretation;
    526|

ΓÄ»ΓÄ»ΓÄ»ΓÄ»ΓÄ»ΓÄ»ΓÄ»ΓÄ»ΓÄ»ΓÄ»ΓÄ»ΓÄ»ΓÄ»ΓÄ»ΓÄ»ΓÄ»ΓÄ»ΓÄ»ΓÄ»ΓÄ»ΓÄ»ΓÄ»ΓÄ»[8/55]ΓÄ»

 FAIL  tests/contract-v3.test.ts > contract v3.0 acceptance > explains a finding module-first in deterministic content 
order
AssertionError: expected -1 to be greater than -1
 Γ¥» tests/contract-v3.test.ts:574:26
    572|     const patterns = text.indexOf("Retained patterns:");
    573|     const drivers = text.indexOf("key scoring drivers");
    574|     expect(architecture).toBeGreaterThan(-1);
       |                          ^
    575|     expect(modules).toBeGreaterThan(architecture);
    576|     expect(patterns).toBeGreaterThan(modules);

ΓÄ»ΓÄ»ΓÄ»ΓÄ»ΓÄ»ΓÄ»ΓÄ»ΓÄ»ΓÄ»ΓÄ»ΓÄ»ΓÄ»ΓÄ»ΓÄ»ΓÄ»ΓÄ»ΓÄ»ΓÄ»ΓÄ»ΓÄ»ΓÄ»ΓÄ»ΓÄ»[9/55]ΓÄ»

 FAIL  tests/contract-v3.test.ts > contract v3.0 acceptance > renders the modules evidence kind without dumping the 
trace
AssertionError: expected 'Cannot read properties of undefined (ΓÇª' to contain 'modules'

Expected: "modules"
Received: "Cannot read properties of undefined (reading '_zod')"

 Γ¥» tests/contract-v3.test.ts:621:18
    619|     });
    620|     const text = textOf(result);
    621|     expect(text).toContain("modules");
       |                  ^
    622|     expect(text).toContain("Histamine");
    623|     expect(text).toContain("40 retained points");

ΓÄ»ΓÄ»ΓÄ»ΓÄ»ΓÄ»ΓÄ»ΓÄ»ΓÄ»ΓÄ»ΓÄ»ΓÄ»ΓÄ»ΓÄ»ΓÄ»ΓÄ»ΓÄ»ΓÄ»ΓÄ»ΓÄ»ΓÄ»ΓÄ»ΓÄ»[10/55]ΓÄ»

 FAIL  tests/dna-import-ui.test.tsx > DNA import component > shows a truthful processing card without internal 
identifiers
TestingLibraryElementError: Unable to find an element with the text: /^Generating your analysis$/. This could be 
because the text is broken up by multiple elements. In this case, you can provide a function for your text matcher to 
make your matcher more flexible.

Ignored nodes: comments, script, style
[36m<body>[39m
  [36m<div>[39m
    [36m<div[39m
      [33mstyle[39m=[32m"font-family: ui-sans-serif, system-ui, -apple-system, \"Segoe UI\", Roboto, Helvetica, 
Arial, sans-serif; font-size: 14px; line-height: 1.5; color: var(--color-text-primary, #1a1a1a); background: 
var(--color-background-primary, #ffffff); padding: 20px 22px; width: 100%; max-width: none; min-width: 0px; 
box-sizing: border-box; --mutant-accent: #1f7a3f; --mutant-accent-text: #ffffff; --mutant-error-bg: #fdecea; 
--mutant-error-border: #f5c6cb; --mutant-error-text: #7f1d1d; --mutant-drop-active: #f0fff4;"[39m
    [36m>[39m
      [36m<main[39m
        [33mstyle[39m=[32m"display: grid; grid-template-columns: minmax(0, 1fr); width: 100%; max-width: none; 
min-width: 0px; box-sizing: border-box;"[39m
      [36m>[39m
        [36m<h1[39m
          [33mstyle[39m=[32m"font-size: 17px; font-weight: 600; margin: 0px 0px 4px;"[39m
        [36m>[39m
          [0mAdd your DNA data[0m
        [36m</h1>[39m
        [36m<div[39m
          [33mrole[39m=[32m"status"[39m
          [33mstyle[39m=[32m"background: var(--color-background-secondary, #f5f7f6); border: 1px solid 
var(--color-border-secondary, #ced4da); border-radius: 8px; padding: 12px 14px; margin: 0px 0px 14px; font-size: 13px; 
width: 100%; max-width: none; min-width: 0px; box-sizing: border-box;"[39m
        [36m>[39m
          [36m<p[39m
            [33mstyle[39m=[32m"margin: 0px 0px 4px; font-weight: 600;"[39m
          [36m>[39m
            [0mDNA data is already on file[0m
          [36m</p>[39m
          [36m<p[39m
            [33mstyle[39m=[32m"margin: 0px; color: var(--color-text-secondary, #5f6368);"[39m
          [36m>[39m
            [0mYou can ask ChatGPT about your Mutant analysis. Importing another file replaces it.[0m
          [36m</p>[39m
        [36m</div>[39m
        [36m<div[39m
          [33mstyle[39m=[32m"border-radius: 10px; padding: 26px 20px; text-align: center; background: 
var(--color-background-secondary, #fafbfc); width: 100%; max-width: none; min-width: 0px; box-sizing: border-box; 
border-color: var(--color-border-secondary, #ced4da);"[39m
        [36m>[39m
          [36m<p[39m
            [33mstyle[39m=[32m"margin: 0px 0px 4px; font-weight: 600;"[39m
          [36m>[39m
            [0mDrag and drop your DNA file here[0m
          [36m</p>[39m
          [36m<p[39m
            [33mstyle[39m=[32m"margin: 0px 0px 16px; font-size: 13px; color: var(--color-text-secondary, 
#5f6368);"[39m
          [36m>[39m
            [0mAccepted formats: .txt (23andMe, AncestryDNA), .vcf, and .vcf.gz[0m
          [36m</p>[39m
          [36m<button[39m
            [33mstyle[39m=[32m"display: inline-block; background: var(--mutant-accent, #1f7a3f); color: 
var(--mutant-accent-text, #ffffff); border: medium; border-radius: 8px; padding: 10px 18px; font-size: 14px; 
font-weight: 600; cursor: pointer;"[39m
            [33mtype[39m=[32m"button"[39m
          [36m>[39m
            [0mChoose DNA file[0m
          [36m</button>[39m
        [36m</div>[39m
        [36m<div[39m
          [33mstyle[39m=[32m"background: var(--color-background-secondary, #f0f9f0); border: 1px solid 
var(--color-border-secondary, #cdeacd); border-radius: 8px; padding: 12px 14px; margin: 16px 0px; font-size: 13px; 
width: 100%; max-width: none; min-width: 0px; box-sizing: border-box;"[39m
        [36m>[39m
          [36m<p[39m
            [33mstyle[39m=[32m"margin: 0px 0px 4px; font-weight: 600;"[39m
          [36m>[39m
            [0mYour raw DNA file is processed locally.[0m
          [36m</p>[39m
          [36m<p[39m
            [33mstyle[39m=[32m"margin: 0px; color: var(--color-text-secondary, #5f6368);"[39m
          [36m>[39m
            [0mOnly variants used by Mutant are submitted[0m
            [0m (2 markers in the Mutant panel)[0m
            [0m. Your file is never uploaded or stored by Mutant.[0m
          [36m</p>[39m
        [36m</div>[39m
        [36m<p[39m
          [33mstyle[39m=[32m"margin: 0px 0px 12px; font-size: 13px; color: var(--color-text-secondary, 
#5f6368);"[39m
        [36m>[39m
          [0mGenerating your analysis usually takes about 2ΓÇô3 minutes.[0m
        [36m</p>[39m
        [36m<input[39m
          [33maccept[39m=[32m".txt,.vcf,.gz,.bgz"[39m
          [33mstyle[39m=[32m"display: none;"[39m
          [33mtype[39m=[32m"file"[39m
        [36m/>[39m
      [36m</main>[39m
    [36m</div>[39m
  [36m</div>[39m
[36m</body>[39m

Ignored nodes: comments, script, style
[36m<body>[39m
  [36m<div>[39m
    [36m<div[39m
      [33mstyle[39m=[32m"font-family: ui-sans-serif, system-ui, -apple-system, \"Segoe UI\", Roboto, Helvetica, 
Arial, sans-serif; font-size: 14px; line-height: 1.5; color: var(--color-text-primary, #1a1a1a); background: 
var(--color-background-primary, #ffffff); padding: 20px 22px; width: 100%; max-width: none; min-width: 0px; 
box-sizing: border-box; --mutant-accent: #1f7a3f; --mutant-accent-text: #ffffff; --mutant-error-bg: #fdecea; 
--mutant-error-border: #f5c6cb; --mutant-error-text: #7f1d1d; --mutant-drop-active: #f0fff4;"[39m
    [36m>[39m
      [36m<main[39m
        [33mstyle[39m=[32m"display: grid; grid-template-columns: minmax(0, 1fr); width: 100%; max-width: none; 
min-width: 0px; box-sizing: border-box;"[39m
      [36m>[39m
        [36m<h1[39m
          [33mstyle[39m=[32m"font-size: 17px; font-weight: 600; margin: 0px 0px 4px;"[39m
        [36m>[39m
          [0mAdd your DNA data[0m
        [36m</h1>[39m
        [36m<div[39m
          [33mrole[39m=[32m"status"[39m
          [33mstyle[39m=[32m"background: var(--color-background-secondary, #f5f7f6); border: 1px solid 
var(--color-border-secondary, #ced4da); border-radius: 8px; padding: 12px 14px; margin: 0px 0px 14px; font-size: 13px; 
width: 100%; max-width: none; min-width: 0px; box-sizing: border-box;"[39m
        [36m>[39m
          [36m<p[39m
            [33mstyle[39m=[32m"margin: 0px 0px 4px; font-weight: 600;"[39m
          [36m>[39m
            [0mDNA data is already on file[0m
          [36m</p>[39m
          [36m<p[39m
            [33mstyle[39m=[32m"margin: 0px; color: var(--color-text-secondary, #5f6368);"[39m
          [36m>[39m
            [0mYou can ask ChatGPT about your Mutant analysis. Importing another file replaces it.[0m
          [36m</p>[39m
        [36m</div>[39m
        [36m<div[39m
          [33mstyle[39m=[32m"border-radius: 10px; padding: 26px 20px; text-align: center; background: 
var(--color-background-secondary, #fafbfc); width: 100%; max-width: none; min-width: 0px; box-sizing: border-box; 
border-color: var(--color-border-secondary, #ced4da);"[39m
        [36m>[39m
          [36m<p[39m
            [33mstyle[39m=[32m"margin: 0px 0px 4px; font-weight: 600;"[39m
          [36m>[39m
            [0mDrag and drop your DNA file here[0m
          [36m</p>[39m
          [36m<p[39m
            [33mstyle[39m=[32m"margin: 0px 0px 16px; font-size: 13px; color: var(--color-text-secondary, 
#5f6368);"[39m
          [36m>[39m
            [0mAccepted formats: .txt (23andMe, AncestryDNA), .vcf, and .vcf.gz[0m
          [36m</p>[39m
          [36m<button[39m
            [33mstyle[39m=[32m"display: inline-block; background: var(--mutant-accent, #1f7a3f); color: 
var(--mutant-accent-text, #ffffff); border: medium; border-radius: 8px; padding: 10px 18px; font-size: 14px; 
font-weight: 600; cursor: pointer;"[39m
            [33mtype[39m=[32m"button"[39m
          [36m>[39m
            [0mChoose DNA file[0m
          [36m</button>[39m
        [36m</div>[39m
        [36m<div[39m
          [33mstyle[39m=[32m"background: var(--color-background-secondary, #f0f9f0); border: 1px solid 
var(--color-border-secondary, #cdeacd); border-radius: 8px; padding: 12px 14px; margin: 16px 0px; font-size: 13px; 
width: 100%; max-width: none; min-width: 0px; box-sizing: border-box;"[39m
        [36m>[39m
          [36m<p[39m
            [33mstyle[39m=[32m"margin: 0px 0px 4px; font-weight: 600;"[39m
          [36m>[39m
            [0mYour raw DNA file is processed locally.[0m
          [36m</p>[39m
          [36m<p[39m
            [33mstyle[39m=[32m"margin: 0px; color: var(--color-text-secondary, #5f6368);"[39m
          [36m>[39m
            [0mOnly variants used by Mutant are submitted[0m
            [0m (2 markers in the Mutant panel)[0m
            [0m. Your file is never uploaded or stored by Mutant.[0m
          [36m</p>[39m
        [36m</div>[39m
        [36m<p[39m
          [33mstyle[39m=[32m"margin: 0px 0px 12px; font-size: 13px; color: var(--color-text-secondary, 
#5f6368);"[39m
        [36m>[39m
          [0mGenerating your analysis usually takes about 2ΓÇô3 minutes.[0m
        [36m</p>[39m
        [36m<input[39m
          [33maccept[39m=[32m".txt,.vcf,.gz,.bgz"[39m
          [33mstyle[39m=[32m"display: none;"[39m
          [33mtype[39m=[32m"file"[39m
        [36m/>[39m
      [36m</main>[39m
    [36m</div>[39m
  [36m</div>[39m
[36m</body>[39m
 Γ¥» waitForWrapper node_modules/@testing-library/dom/dist/wait-for.js:163:27
 Γ¥» node_modules/@testing-library/dom/dist/query-helpers.js:86:33
 Γ¥» tests/dna-import-ui.test.tsx:447:18
    445|     renderWith({ get_analysis_status: statusResponse("processing") });
    446|
    447|     await screen.findByText(PROCESSING_HEADING);
       |                  ^
    448|
    449|     expect(screen.getByText(/Your DNA was imported successfully/i)).toΓÇª

ΓÄ»ΓÄ»ΓÄ»ΓÄ»ΓÄ»ΓÄ»ΓÄ»ΓÄ»ΓÄ»ΓÄ»ΓÄ»ΓÄ»ΓÄ»ΓÄ»ΓÄ»ΓÄ»ΓÄ»ΓÄ»ΓÄ»ΓÄ»ΓÄ»ΓÄ»[11/55]ΓÄ»

 FAIL  tests/dna-import-ui.test.tsx > DNA import component > resumes an in-flight analysis on mount and polls it to 
ready
TestingLibraryElementError: Unable to find an element with the text: /^Generating your analysis$/. This could be 
because the text is broken up by multiple elements. In this case, you can provide a function for your text matcher to 
make your matcher more flexible.

Ignored nodes: comments, script, style
[36m<body>[39m
  [36m<div>[39m
    [36m<div[39m
      [33mstyle[39m=[32m"font-family: ui-sans-serif, system-ui, -apple-system, \"Segoe UI\", Roboto, Helvetica, 
Arial, sans-serif; font-size: 14px; line-height: 1.5; color: var(--color-text-primary, #1a1a1a); background: 
var(--color-background-primary, #ffffff); padding: 20px 22px; width: 100%; max-width: none; min-width: 0px; 
box-sizing: border-box; --mutant-accent: #1f7a3f; --mutant-accent-text: #ffffff; --mutant-error-bg: #fdecea; 
--mutant-error-border: #f5c6cb; --mutant-error-text: #7f1d1d; --mutant-drop-active: #f0fff4;"[39m
    [36m>[39m
      [36m<main[39m
        [33mstyle[39m=[32m"display: grid; grid-template-columns: minmax(0, 1fr); width: 100%; max-width: none; 
min-width: 0px; box-sizing: border-box;"[39m
      [36m>[39m
        [36m<h1[39m
          [33mstyle[39m=[32m"font-size: 17px; font-weight: 600; margin: 0px 0px 4px;"[39m
        [36m>[39m
          [0mAdd your DNA data[0m
        [36m</h1>[39m
        [36m<div[39m
          [33mrole[39m=[32m"status"[39m
          [33mstyle[39m=[32m"background: var(--color-background-secondary, #f5f7f6); border: 1px solid 
var(--color-border-secondary, #ced4da); border-radius: 8px; padding: 12px 14px; margin: 0px 0px 14px; font-size: 13px; 
width: 100%; max-width: none; min-width: 0px; box-sizing: border-box;"[39m
        [36m>[39m
          [36m<p[39m
            [33mstyle[39m=[32m"margin: 0px 0px 4px; font-weight: 600;"[39m
          [36m>[39m
            [0mDNA data is already on file[0m
          [36m</p>[39m
          [36m<p[39m
            [33mstyle[39m=[32m"margin: 0px; color: var(--color-text-secondary, #5f6368);"[39m
          [36m>[39m
            [0mYou can ask ChatGPT about your Mutant analysis. Importing another file replaces it.[0m
          [36m</p>[39m
        [36m</div>[39m
        [36m<div[39m
          [33mstyle[39m=[32m"border-radius: 10px; padding: 26px 20px; text-align: center; background: 
var(--color-background-secondary, #fafbfc); width: 100%; max-width: none; min-width: 0px; box-sizing: border-box; 
border-color: var(--color-border-secondary, #ced4da);"[39m
        [36m>[39m
          [36m<p[39m
            [33mstyle[39m=[32m"margin: 0px 0px 4px; font-weight: 600;"[39m
          [36m>[39m
            [0mDrag and drop your DNA file here[0m
          [36m</p>[39m
          [36m<p[39m
            [33mstyle[39m=[32m"margin: 0px 0px 16px; font-size: 13px; color: var(--color-text-secondary, 
#5f6368);"[39m
          [36m>[39m
            [0mAccepted formats: .txt (23andMe, AncestryDNA), .vcf, and .vcf.gz[0m
          [36m</p>[39m
          [36m<button[39m
            [33mstyle[39m=[32m"display: inline-block; background: var(--mutant-accent, #1f7a3f); color: 
var(--mutant-accent-text, #ffffff); border: medium; border-radius: 8px; padding: 10px 18px; font-size: 14px; 
font-weight: 600; cursor: pointer;"[39m
            [33mtype[39m=[32m"button"[39m
          [36m>[39m
            [0mChoose DNA file[0m
          [36m</button>[39m
        [36m</div>[39m
        [36m<div[39m
          [33mstyle[39m=[32m"background: var(--color-background-secondary, #f0f9f0); border: 1px solid 
var(--color-border-secondary, #cdeacd); border-radius: 8px; padding: 12px 14px; margin: 16px 0px; font-size: 13px; 
width: 100%; max-width: none; min-width: 0px; box-sizing: border-box;"[39m
        [36m>[39m
          [36m<p[39m
            [33mstyle[39m=[32m"margin: 0px 0px 4px; font-weight: 600;"[39m
          [36m>[39m
            [0mYour raw DNA file is processed locally.[0m
          [36m</p>[39m
          [36m<p[39m
            [33mstyle[39m=[32m"margin: 0px; color: var(--color-text-secondary, #5f6368);"[39m
          [36m>[39m
            [0mOnly variants used by Mutant are submitted[0m
            [0m (2 markers in the Mutant panel)[0m
            [0m. Your file is never uploaded or stored by Mutant.[0m
          [36m</p>[39m
        [36m</div>[39m
        [36m<p[39m
          [33mstyle[39m=[32m"margin: 0px 0px 12px; font-size: 13px; color: var(--color-text-secondary, 
#5f6368);"[39m
        [36m>[39m
          [0mGenerating your analysis usually takes about 2ΓÇô3 minutes.[0m
        [36m</p>[39m
        [36m<input[39m
          [33maccept[39m=[32m".txt,.vcf,.gz,.bgz"[39m
          [33mstyle[39m=[32m"display: none;"[39m
          [33mtype[39m=[32m"file"[39m
        [36m/>[39m
      [36m</main>[39m
    [36m</div>[39m
  [36m</div>[39m
[36m</body>[39m

Ignored nodes: comments, script, style
[36m<body>[39m
  [36m<div>[39m
    [36m<div[39m
      [33mstyle[39m=[32m"font-family: ui-sans-serif, system-ui, -apple-system, \"Segoe UI\", Roboto, Helvetica, 
Arial, sans-serif; font-size: 14px; line-height: 1.5; color: var(--color-text-primary, #1a1a1a); background: 
var(--color-background-primary, #ffffff); padding: 20px 22px; width: 100%; max-width: none; min-width: 0px; 
box-sizing: border-box; --mutant-accent: #1f7a3f; --mutant-accent-text: #ffffff; --mutant-error-bg: #fdecea; 
--mutant-error-border: #f5c6cb; --mutant-error-text: #7f1d1d; --mutant-drop-active: #f0fff4;"[39m
    [36m>[39m
      [36m<main[39m
        [33mstyle[39m=[32m"display: grid; grid-template-columns: minmax(0, 1fr); width: 100%; max-width: none; 
min-width: 0px; box-sizing: border-box;"[39m
      [36m>[39m
        [36m<h1[39m
          [33mstyle[39m=[32m"font-size: 17px; font-weight: 600; margin: 0px 0px 4px;"[39m
        [36m>[39m
          [0mAdd your DNA data[0m
        [36m</h1>[39m
        [36m<div[39m
          [33mrole[39m=[32m"status"[39m
          [33mstyle[39m=[32m"background: var(--color-background-secondary, #f5f7f6); border: 1px solid 
var(--color-border-secondary, #ced4da); border-radius: 8px; padding: 12px 14px; margin: 0px 0px 14px; font-size: 13px; 
width: 100%; max-width: none; min-width: 0px; box-sizing: border-box;"[39m
        [36m>[39m
          [36m<p[39m
            [33mstyle[39m=[32m"margin: 0px 0px 4px; font-weight: 600;"[39m
          [36m>[39m
            [0mDNA data is already on file[0m
          [36m</p>[39m
          [36m<p[39m
            [33mstyle[39m=[32m"margin: 0px; color: var(--color-text-secondary, #5f6368);"[39m
          [36m>[39m
            [0mYou can ask ChatGPT about your Mutant analysis. Importing another file replaces it.[0m
          [36m</p>[39m
        [36m</div>[39m
        [36m<div[39m
          [33mstyle[39m=[32m"border-radius: 10px; padding: 26px 20px; text-align: center; background: 
var(--color-background-secondary, #fafbfc); width: 100%; max-width: none; min-width: 0px; box-sizing: border-box; 
border-color: var(--color-border-secondary, #ced4da);"[39m
        [36m>[39m
          [36m<p[39m
            [33mstyle[39m=[32m"margin: 0px 0px 4px; font-weight: 600;"[39m
          [36m>[39m
            [0mDrag and drop your DNA file here[0m
          [36m</p>[39m
          [36m<p[39m
            [33mstyle[39m=[32m"margin: 0px 0px 16px; font-size: 13px; color: var(--color-text-secondary, 
#5f6368);"[39m
          [36m>[39m
            [0mAccepted formats: .txt (23andMe, AncestryDNA), .vcf, and .vcf.gz[0m
          [36m</p>[39m
          [36m<button[39m
            [33mstyle[39m=[32m"display: inline-block; background: var(--mutant-accent, #1f7a3f); color: 
var(--mutant-accent-text, #ffffff); border: medium; border-radius: 8px; padding: 10px 18px; font-size: 14px; 
font-weight: 600; cursor: pointer;"[39m
            [33mtype[39m=[32m"button"[39m
          [36m>[39m
            [0mChoose DNA file[0m
          [36m</button>[39m
        [36m</div>[39m
        [36m<div[39m
          [33mstyle[39m=[32m"background: var(--color-background-secondary, #f0f9f0); border: 1px solid 
var(--color-border-secondary, #cdeacd); border-radius: 8px; padding: 12px 14px; margin: 16px 0px; font-size: 13px; 
width: 100%; max-width: none; min-width: 0px; box-sizing: border-box;"[39m
        [36m>[39m
          [36m<p[39m
            [33mstyle[39m=[32m"margin: 0px 0px 4px; font-weight: 600;"[39m
          [36m>[39m
            [0mYour raw DNA file is processed locally.[0m
          [36m</p>[39m
          [36m<p[39m
            [33mstyle[39m=[32m"margin: 0px; color: var(--color-text-secondary, #5f6368);"[39m
          [36m>[39m
            [0mOnly variants used by Mutant are submitted[0m
            [0m (2 markers in the Mutant panel)[0m
            [0m. Your file is never uploaded or stored by Mutant.[0m
          [36m</p>[39m
        [36m</div>[39m
        [36m<p[39m
          [33mstyle[39m=[32m"margin: 0px 0px 12px; font-size: 13px; color: var(--color-text-secondary, 
#5f6368);"[39m
        [36m>[39m
          [0mGenerating your analysis usually takes about 2ΓÇô3 minutes.[0m
        [36m</p>[39m
        [36m<input[39m
          [33maccept[39m=[32m".txt,.vcf,.gz,.bgz"[39m
          [33mstyle[39m=[32m"display: none;"[39m
          [33mtype[39m=[32m"file"[39m
        [36m/>[39m
      [36m</main>[39m
    [36m</div>[39m
  [36m</div>[39m
[36m</body>[39m
 Γ¥» waitForWrapper node_modules/@testing-library/dom/dist/wait-for.js:163:27
 Γ¥» node_modules/@testing-library/dom/dist/query-helpers.js:86:33
 Γ¥» tests/dna-import-ui.test.tsx:471:18
    469|     });
    470|
    471|     await screen.findByText(PROCESSING_HEADING);
       |                  ^
    472|     // Resuming never re-imports and never re-creates the report.
    473|     expect(bridge.callsTo("create_report")).toHaveLength(0);

ΓÄ»ΓÄ»ΓÄ»ΓÄ»ΓÄ»ΓÄ»ΓÄ»ΓÄ»ΓÄ»ΓÄ»ΓÄ»ΓÄ»ΓÄ»ΓÄ»ΓÄ»ΓÄ»ΓÄ»ΓÄ»ΓÄ»ΓÄ»ΓÄ»ΓÄ»[12/55]ΓÄ»

 FAIL  tests/dna-import-ui.test.tsx > DNA import component > opens directly on the ready card when the analysis is 
already complete
TestingLibraryElementError: Unable to find an element with the text: /Analysis ready/i. This could be because the text 
is broken up by multiple elements. In this case, you can provide a function for your text matcher to make your matcher 
more flexible.

Ignored nodes: comments, script, style
[36m<body>[39m
  [36m<div>[39m
    [36m<div[39m
      [33mstyle[39m=[32m"font-family: ui-sans-serif, system-ui, -apple-system, \"Segoe UI\", Roboto, Helvetica, 
Arial, sans-serif; font-size: 14px; line-height: 1.5; color: var(--color-text-primary, #1a1a1a); background: 
var(--color-background-primary, #ffffff); padding: 20px 22px; width: 100%; max-width: none; min-width: 0px; 
box-sizing: border-box; --mutant-accent: #1f7a3f; --mutant-accent-text: #ffffff; --mutant-error-bg: #fdecea; 
--mutant-error-border: #f5c6cb; --mutant-error-text: #7f1d1d; --mutant-drop-active: #f0fff4;"[39m
    [36m>[39m
      [36m<main[39m
        [33mstyle[39m=[32m"display: grid; grid-template-columns: minmax(0, 1fr); width: 100%; max-width: none; 
min-width: 0px; box-sizing: border-box;"[39m
      [36m>[39m
        [36m<h1[39m
          [33mstyle[39m=[32m"font-size: 17px; font-weight: 600; margin: 0px 0px 4px;"[39m
        [36m>[39m
          [0mAdd your DNA data[0m
        [36m</h1>[39m
        [36m<div[39m
          [33mrole[39m=[32m"status"[39m
          [33mstyle[39m=[32m"background: var(--color-background-secondary, #f5f7f6); border: 1px solid 
var(--color-border-secondary, #ced4da); border-radius: 8px; padding: 12px 14px; margin: 0px 0px 14px; font-size: 13px; 
width: 100%; max-width: none; min-width: 0px; box-sizing: border-box;"[39m
        [36m>[39m
          [36m<p[39m
            [33mstyle[39m=[32m"margin: 0px 0px 4px; font-weight: 600;"[39m
          [36m>[39m
            [0mDNA data is already on file[0m
          [36m</p>[39m
          [36m<p[39m
            [33mstyle[39m=[32m"margin: 0px; color: var(--color-text-secondary, #5f6368);"[39m
          [36m>[39m
            [0mYou can ask ChatGPT about your Mutant analysis. Importing another file replaces it.[0m
          [36m</p>[39m
        [36m</div>[39m
        [36m<div[39m
          [33mstyle[39m=[32m"border-radius: 10px; padding: 26px 20px; text-align: center; background: 
var(--color-background-secondary, #fafbfc); width: 100%; max-width: none; min-width: 0px; box-sizing: border-box; 
border-color: var(--color-border-secondary, #ced4da);"[39m
        [36m>[39m
          [36m<p[39m
            [33mstyle[39m=[32m"margin: 0px 0px 4px; font-weight: 600;"[39m
          [36m>[39m
            [0mDrag and drop your DNA file here[0m
          [36m</p>[39m
          [36m<p[39m
            [33mstyle[39m=[32m"margin: 0px 0px 16px; font-size: 13px; color: var(--color-text-secondary, 
#5f6368);"[39m
          [36m>[39m
            [0mAccepted formats: .txt (23andMe, AncestryDNA), .vcf, and .vcf.gz[0m
          [36m</p>[39m
          [36m<button[39m
            [33mstyle[39m=[32m"display: inline-block; background: var(--mutant-accent, #1f7a3f); color: 
var(--mutant-accent-text, #ffffff); border: medium; border-radius: 8px; padding: 10px 18px; font-size: 14px; 
font-weight: 600; cursor: pointer;"[39m
            [33mtype[39m=[32m"button"[39m
          [36m>[39m
            [0mChoose DNA file[0m
          [36m</button>[39m
        [36m</div>[39m
        [36m<div[39m
          [33mstyle[39m=[32m"background: var(--color-background-secondary, #f0f9f0); border: 1px solid 
var(--color-border-secondary, #cdeacd); border-radius: 8px; padding: 12px 14px; margin: 16px 0px; font-size: 13px; 
width: 100%; max-width: none; min-width: 0px; box-sizing: border-box;"[39m
        [36m>[39m
          [36m<p[39m
            [33mstyle[39m=[32m"margin: 0px 0px 4px; font-weight: 600;"[39m
          [36m>[39m
            [0mYour raw DNA file is processed locally.[0m
          [36m</p>[39m
          [36m<p[39m
            [33mstyle[39m=[32m"margin: 0px; color: var(--color-text-secondary, #5f6368);"[39m
          [36m>[39m
            [0mOnly variants used by Mutant are submitted[0m
            [0m (2 markers in the Mutant panel)[0m
            [0m. Your file is never uploaded or stored by Mutant.[0m
          [36m</p>[39m
        [36m</div>[39m
        [36m<p[39m
          [33mstyle[39m=[32m"margin: 0px 0px 12px; font-size: 13px; color: var(--color-text-secondary, 
#5f6368);"[39m
        [36m>[39m
          [0mGenerating your analysis usually takes about 2ΓÇô3 minutes.[0m
        [36m</p>[39m
        [36m<input[39m
          [33maccept[39m=[32m".txt,.vcf,.gz,.bgz"[39m
          [33mstyle[39m=[32m"display: none;"[39m
          [33mtype[39m=[32m"file"[39m
        [36m/>[39m
      [36m</main>[39m
    [36m</div>[39m
  [36m</div>[39m
[36m</body>[39m

Ignored nodes: comments, script, style
[36m<body>[39m
  [36m<div>[39m
    [36m<div[39m
      [33mstyle[39m=[32m"font-family: ui-sans-serif, system-ui, -apple-system, \"Segoe UI\", Roboto, Helvetica, 
Arial, sans-serif; font-size: 14px; line-height: 1.5; color: var(--color-text-primary, #1a1a1a); background: 
var(--color-background-primary, #ffffff); padding: 20px 22px; width: 100%; max-width: none; min-width: 0px; 
box-sizing: border-box; --mutant-accent: #1f7a3f; --mutant-accent-text: #ffffff; --mutant-error-bg: #fdecea; 
--mutant-error-border: #f5c6cb; --mutant-error-text: #7f1d1d; --mutant-drop-active: #f0fff4;"[39m
    [36m>[39m
      [36m<main[39m
        [33mstyle[39m=[32m"display: grid; grid-template-columns: minmax(0, 1fr); width: 100%; max-width: none; 
min-width: 0px; box-sizing: border-box;"[39m
      [36m>[39m
        [36m<h1[39m
          [33mstyle[39m=[32m"font-size: 17px; font-weight: 600; margin: 0px 0px 4px;"[39m
        [36m>[39m
          [0mAdd your DNA data[0m
        [36m</h1>[39m
        [36m<div[39m
          [33mrole[39m=[32m"status"[39m
          [33mstyle[39m=[32m"background: var(--color-background-secondary, #f5f7f6); border: 1px solid 
var(--color-border-secondary, #ced4da); border-radius: 8px; padding: 12px 14px; margin: 0px 0px 14px; font-size: 13px; 
width: 100%; max-width: none; min-width: 0px; box-sizing: border-box;"[39m
        [36m>[39m
          [36m<p[39m
            [33mstyle[39m=[32m"margin: 0px 0px 4px; font-weight: 600;"[39m
          [36m>[39m
            [0mDNA data is already on file[0m
          [36m</p>[39m
          [36m<p[39m
            [33mstyle[39m=[32m"margin: 0px; color: var(--color-text-secondary, #5f6368);"[39m
          [36m>[39m
            [0mYou can ask ChatGPT about your Mutant analysis. Importing another file replaces it.[0m
          [36m</p>[39m
        [36m</div>[39m
        [36m<div[39m
          [33mstyle[39m=[32m"border-radius: 10px; padding: 26px 20px; text-align: center; background: 
var(--color-background-secondary, #fafbfc); width: 100%; max-width: none; min-width: 0px; box-sizing: border-box; 
border-color: var(--color-border-secondary, #ced4da);"[39m
        [36m>[39m
          [36m<p[39m
            [33mstyle[39m=[32m"margin: 0px 0px 4px; font-weight: 600;"[39m
          [36m>[39m
            [0mDrag and drop your DNA file here[0m
          [36m</p>[39m
          [36m<p[39m
            [33mstyle[39m=[32m"margin: 0px 0px 16px; font-size: 13px; color: var(--color-text-secondary, 
#5f6368);"[39m
          [36m>[39m
            [0mAccepted formats: .txt (23andMe, AncestryDNA), .vcf, and .vcf.gz[0m
          [36m</p>[39m
          [36m<button[39m
            [33mstyle[39m=[32m"display: inline-block; background: var(--mutant-accent, #1f7a3f); color: 
var(--mutant-accent-text, #ffffff); border: medium; border-radius: 8px; padding: 10px 18px; font-size: 14px; 
font-weight: 600; cursor: pointer;"[39m
            [33mtype[39m=[32m"button"[39m
          [36m>[39m
            [0mChoose DNA file[0m
          [36m</button>[39m
        [36m</div>[39m
        [36m<div[39m
          [33mstyle[39m=[32m"background: var(--color-background-secondary, #f0f9f0); border: 1px solid 
var(--color-border-secondary, #cdeacd); border-radius: 8px; padding: 12px 14px; margin: 16px 0px; font-size: 13px; 
width: 100%; max-width: none; min-width: 0px; box-sizing: border-box;"[39m
        [36m>[39m
          [36m<p[39m
            [33mstyle[39m=[32m"margin: 0px 0px 4px; font-weight: 600;"[39m
          [36m>[39m
            [0mYour raw DNA file is processed locally.[0m
          [36m</p>[39m
          [36m<p[39m
            [33mstyle[39m=[32m"margin: 0px; color: var(--color-text-secondary, #5f6368);"[39m
          [36m>[39m
            [0mOnly variants used by Mutant are submitted[0m
            [0m (2 markers in the Mutant panel)[0m
            [0m. Your file is never uploaded or stored by Mutant.[0m
          [36m</p>[39m
        [36m</div>[39m
        [36m<p[39m
          [33mstyle[39m=[32m"margin: 0px 0px 12px; font-size: 13px; color: var(--color-text-secondary, 
#5f6368);"[39m
        [36m>[39m
          [0mGenerating your analysis usually takes about 2ΓÇô3 minutes.[0m
        [36m</p>[39m
        [36m<input[39m
          [33maccept[39m=[32m".txt,.vcf,.gz,.bgz"[39m
          [33mstyle[39m=[32m"display: none;"[39m
          [33mtype[39m=[32m"file"[39m
        [36m/>[39m
      [36m</main>[39m
    [36m</div>[39m
  [36m</div>[39m
[36m</body>[39m
 Γ¥» waitForWrapper node_modules/@testing-library/dom/dist/wait-for.js:163:27
 Γ¥» node_modules/@testing-library/dom/dist/query-helpers.js:86:33
 Γ¥» tests/dna-import-ui.test.tsx:485:18
    483|     renderWith({ get_analysis_status: statusResponse("ready") });
    484|
    485|     await screen.findByText(/Analysis ready/i);
       |                  ^
    486|     expect(screen.getByText(/Your DNA analysis is complete/i)).toBeDefΓÇª
    487|     expect(screen.getByRole("button", { name: /view my top 3 findings/ΓÇª

ΓÄ»ΓÄ»ΓÄ»ΓÄ»ΓÄ»ΓÄ»ΓÄ»ΓÄ»ΓÄ»ΓÄ»ΓÄ»ΓÄ»ΓÄ»ΓÄ»ΓÄ»ΓÄ»ΓÄ»ΓÄ»ΓÄ»ΓÄ»ΓÄ»ΓÄ»[13/55]ΓÄ»

 FAIL  tests/dna-import-ui.test.tsx > DNA import component > polls automatically after submitting, without another 
prompt
TestingLibraryElementError: Unable to find an element with the text: /Analysis ready/i. This could be because the text 
is broken up by multiple elements. In this case, you can provide a function for your text matcher to make your matcher 
more flexible.

Ignored nodes: comments, script, style
[36m<body>[39m
  [36m<div>[39m
    [36m<div[39m
      [33mstyle[39m=[32m"font-family: ui-sans-serif, system-ui, -apple-system, \"Segoe UI\", Roboto, Helvetica, 
Arial, sans-serif; font-size: 14px; line-height: 1.5; color: var(--color-text-primary, #1a1a1a); background: 
var(--color-background-primary, #ffffff); padding: 20px 22px; width: 100%; max-width: none; min-width: 0px; 
box-sizing: border-box; --mutant-accent: #1f7a3f; --mutant-accent-text: #ffffff; --mutant-error-bg: #fdecea; 
--mutant-error-border: #f5c6cb; --mutant-error-text: #7f1d1d; --mutant-drop-active: #f0fff4;"[39m
    [36m>[39m
      [36m<main[39m
        [33mstyle[39m=[32m"display: grid; grid-template-columns: minmax(0, 1fr); width: 100%; max-width: none; 
min-width: 0px; box-sizing: border-box;"[39m
      [36m>[39m
        [36m<h1[39m
          [33mstyle[39m=[32m"font-size: 17px; font-weight: 600; margin: 0px 0px 4px;"[39m
        [36m>[39m
          [0mGenerating your analysis[0m
        [36m</h1>[39m
        [36m<p[39m
          [33mstyle[39m=[32m"margin: 0px 0px 16px; color: var(--color-text-secondary, #5f6368);"[39m
        [36m>[39m
          [0mYour DNA was imported successfully.[0m
        [36m</p>[39m
        [36m<p[39m
          [33mstyle[39m=[32m"margin: 0px 0px 12px; font-size: 13px; color: var(--color-text-secondary, 
#5f6368);"[39m
        [36m>[39m
          [0mWe're generating your analysis now.[0m
        [36m</p>[39m
        [36m<ul[39m
          [33mstyle[39m=[32m"list-style: none; margin: 14px 0px 10px; padding: 0px; font-size: 13px;"[39m
        [36m>[39m
          [36m<li[39m
            [33mstyle[39m=[32m"display: flex; gap: 8px; padding: 3px 0px; align-items: baseline;"[39m
          [36m>[39m
            [36m<span[39m
              [33maria-hidden[39m=[32m"true"[39m
              [33mstyle[39m=[32m"width: 12px; color: var(--mutant-accent, #1f7a3f);"[39m
            [36m>[39m
              [0mΓ£ô[0m
            [36m</span>[39m
            [36m<span>[39m
              [0mDNA file processed[0m
            [36m</span>[39m
          [36m</li>[39m
          [36m<li[39m
            [33mstyle[39m=[32m"display: flex; gap: 8px; padding: 3px 0px; align-items: baseline;"[39m
          [36m>[39m
            [36m<span[39m
              [33maria-hidden[39m=[32m"true"[39m
              [33mstyle[39m=[32m"width: 12px; color: var(--mutant-accent, #1f7a3f);"[39m
            [36m>[39m
              [0mΓ£ô[0m
            [36m</span>[39m
            [36m<span>[39m
              [0mRelevant variants imported[0m
            [36m</span>[39m
          [36m</li>[39m
          [36m<li[39m
            [33mstyle[39m=[32m"display: flex; gap: 8px; padding: 3px 0px; align-items: baseline;"[39m
          [36m>[39m
            [36m<span[39m
              [33maria-hidden[39m=[32m"true"[39m
              [33mstyle[39m=[32m"width: 12px; color: var(--mutant-accent, #1f7a3f);"[39m
            [36m>[39m
              [0mΓùÅ[0m
            [36m</span>[39m
            [36m<span>[39m
              [0mAnalyzing genetic patterns and health hypotheses[0m
            [36m</span>[39m
          [36m</li>[39m
        [36m</ul>[39m
        [36m<p[39m
          [33mstyle[39m=[32m"margin: 0px 0px 12px; font-size: 13px; color: var(--color-text-secondary, 
#5f6368);"[39m
        [36m>[39m
          [0mThis usually takes about 2ΓÇô3 minutes.[0m
        [36m</p>[39m
        [36m<p[39m
          [33mstyle[39m=[32m"margin: 0px 0px 12px; font-size: 13px; color: var(--color-text-secondary, 
#5f6368);"[39m
        [36m>[39m
          [0mElapsed: [0m
          [0m0:00[0m
        [36m</p>[39m
      [36m</main>[39m
    [36m</div>[39m
  [36m</div>[39m
[36m</body>[39m

Ignored nodes: comments, script, style
[36m<body>[39m
  [36m<div>[39m
    [36m<div[39m
      [33mstyle[39m=[32m"font-family: ui-sans-serif, system-ui, -apple-system, \"Segoe UI\", Roboto, Helvetica, 
Arial, sans-serif; font-size: 14px; line-height: 1.5; color: var(--color-text-primary, #1a1a1a); background: 
var(--color-background-primary, #ffffff); padding: 20px 22px; width: 100%; max-width: none; min-width: 0px; 
box-sizing: border-box; --mutant-accent: #1f7a3f; --mutant-accent-text: #ffffff; --mutant-error-bg: #fdecea; 
--mutant-error-border: #f5c6cb; --mutant-error-text: #7f1d1d; --mutant-drop-active: #f0fff4;"[39m
    [36m>[39m
      [36m<main[39m
        [33mstyle[39m=[32m"display: grid; grid-template-columns: minmax(0, 1fr); width: 100%; max-width: none; 
min-width: 0px; box-sizing: border-box;"[39m
      [36m>[39m
        [36m<h1[39m
          [33mstyle[39m=[32m"font-size: 17px; font-weight: 600; margin: 0px 0px 4px;"[39m
        [36m>[39m
          [0mGenerating your analysis[0m
        [36m</h1>[39m
        [36m<p[39m
          [33mstyle[39m=[32m"margin: 0px 0px 16px; color: var(--color-text-secondary, #5f6368);"[39m
        [36m>[39m
          [0mYour DNA was imported successfully.[0m
        [36m</p>[39m
        [36m<p[39m
          [33mstyle[39m=[32m"margin: 0px 0px 12px; font-size: 13px; color: var(--color-text-secondary, 
#5f6368);"[39m
        [36m>[39m
          [0mWe're generating your analysis now.[0m
        [36m</p>[39m
        [36m<ul[39m
          [33mstyle[39m=[32m"list-style: none; margin: 14px 0px 10px; padding: 0px; font-size: 13px;"[39m
        [36m>[39m
          [36m<li[39m
            [33mstyle[39m=[32m"display: flex; gap: 8px; padding: 3px 0px; align-items: baseline;"[39m
          [36m>[39m
            [36m<span[39m
              [33maria-hidden[39m=[32m"true"[39m
              [33mstyle[39m=[32m"width: 12px; color: var(--mutant-accent, #1f7a3f);"[39m
            [36m>[39m
              [0mΓ£ô[0m
            [36m</span>[39m
            [36m<span>[39m
              [0mDNA file processed[0m
            [36m</span>[39m
          [36m</li>[39m
          [36m<li[39m
            [33mstyle[39m=[32m"display: flex; gap: 8px; padding: 3px 0px; align-items: baseline;"[39m
          [36m>[39m
            [36m<span[39m
              [33maria-hidden[39m=[32m"true"[39m
              [33mstyle[39m=[32m"width: 12px; color: var(--mutant-accent, #1f7a3f);"[39m
            [36m>[39m
              [0mΓ£ô[0m
            [36m</span>[39m
            [36m<span>[39m
              [0mRelevant variants imported[0m
            [36m</span>[39m
          [36m</li>[39m
          [36m<li[39m
            [33mstyle[39m=[32m"display: flex; gap: 8px; padding: 3px 0px; align-items: baseline;"[39m
          [36m>[39m
            [36m<span[39m
              [33maria-hidden[39m=[32m"true"[39m
              [33mstyle[39m=[32m"width: 12px; color: var(--mutant-accent, #1f7a3f);"[39m
            [36m>[39m
              [0mΓùÅ[0m
            [36m</span>[39m
            [36m<span>[39m
              [0mAnalyzing genetic patterns and health hypotheses[0m
            [36m</span>[39m
          [36m</li>[39m
        [36m</ul>[39m
        [36m<p[39m
          [33mstyle[39m=[32m"margin: 0px 0px 12px; font-size: 13px; color: var(--color-text-secondary, 
#5f6368);"[39m
        [36m>[39m
          [0mThis usually takes about 2ΓÇô3 minutes.[0m
        [36m</p>[39m
        [36m<p[39m
          [33mstyle[39m=[32m"margin: 0px 0px 12px; font-size: 13px; color: var(--color-text-secondary, 
#5f6368);"[39m
        [36m>[39m
          [0mElapsed: [0m
          [0m0:00[0m
        [36m</p>[39m
      [36m</main>[39m
    [36m</div>[39m
  [36m</div>[39m
[36m</body>[39m
 Γ¥» waitForWrapper node_modules/@testing-library/dom/dist/wait-for.js:163:27
 Γ¥» node_modules/@testing-library/dom/dist/query-helpers.js:86:33
 Γ¥» tests/dna-import-ui.test.tsx:506:18
    504|
    505|     status = "ready";
    506|     await screen.findByText(/Analysis ready/i);
       |                  ^
    507|
    508|     expect(bridge.callsTo("create_report")).toHaveLength(1);

ΓÄ»ΓÄ»ΓÄ»ΓÄ»ΓÄ»ΓÄ»ΓÄ»ΓÄ»ΓÄ»ΓÄ»ΓÄ»ΓÄ»ΓÄ»ΓÄ»ΓÄ»ΓÄ»ΓÄ»ΓÄ»ΓÄ»ΓÄ»ΓÄ»ΓÄ»[14/55]ΓÄ»

 FAIL  tests/dna-import-ui.test.tsx > DNA import component > advances the elapsed timer once per second
TestingLibraryElementError: Unable to find an element with the text: /Elapsed: 0:30/. This could be because the text 
is broken up by multiple elements. In this case, you can provide a function for your text matcher to make your matcher 
more flexible.

Ignored nodes: comments, script, style
[36m<body>[39m
  [36m<div>[39m
    [36m<div[39m
      [33mstyle[39m=[32m"font-family: ui-sans-serif, system-ui, -apple-system, \"Segoe UI\", Roboto, Helvetica, 
Arial, sans-serif; font-size: 14px; line-height: 1.5; color: var(--color-text-primary, #1a1a1a); background: 
var(--color-background-primary, #ffffff); padding: 20px 22px; width: 100%; max-width: none; min-width: 0px; 
box-sizing: border-box; --mutant-accent: #1f7a3f; --mutant-accent-text: #ffffff; --mutant-error-bg: #fdecea; 
--mutant-error-border: #f5c6cb; --mutant-error-text: #7f1d1d; --mutant-drop-active: #f0fff4;"[39m
    [36m>[39m
      [36m<main[39m
        [33mstyle[39m=[32m"display: grid; grid-template-columns: minmax(0, 1fr); width: 100%; max-width: none; 
min-width: 0px; box-sizing: border-box;"[39m
      [36m>[39m
        [36m<h1[39m
          [33mstyle[39m=[32m"font-size: 17px; font-weight: 600; margin: 0px 0px 4px;"[39m
        [36m>[39m
          [0mAdd your DNA data[0m
        [36m</h1>[39m
        [36m<div[39m
          [33mrole[39m=[32m"status"[39m
          [33mstyle[39m=[32m"background: var(--color-background-secondary, #f5f7f6); border: 1px solid 
var(--color-border-secondary, #ced4da); border-radius: 8px; padding: 12px 14px; margin: 0px 0px 14px; font-size: 13px; 
width: 100%; max-width: none; min-width: 0px; box-sizing: border-box;"[39m
        [36m>[39m
          [36m<p[39m
            [33mstyle[39m=[32m"margin: 0px 0px 4px; font-weight: 600;"[39m
          [36m>[39m
            [0mDNA data is already on file[0m
          [36m</p>[39m
          [36m<p[39m
            [33mstyle[39m=[32m"margin: 0px; color: var(--color-text-secondary, #5f6368);"[39m
          [36m>[39m
            [0mYou can ask ChatGPT about your Mutant analysis. Importing another file replaces it.[0m
          [36m</p>[39m
        [36m</div>[39m
        [36m<div[39m
          [33mstyle[39m=[32m"border-radius: 10px; padding: 26px 20px; text-align: center; background: 
var(--color-background-secondary, #fafbfc); width: 100%; max-width: none; min-width: 0px; box-sizing: border-box; 
border-color: var(--color-border-secondary, #ced4da);"[39m
        [36m>[39m
          [36m<p[39m
            [33mstyle[39m=[32m"margin: 0px 0px 4px; font-weight: 600;"[39m
          [36m>[39m
            [0mDrag and drop your DNA file here[0m
          [36m</p>[39m
          [36m<p[39m
            [33mstyle[39m=[32m"margin: 0px 0px 16px; font-size: 13px; color: var(--color-text-secondary, 
#5f6368);"[39m
          [36m>[39m
            [0mAccepted formats: .txt (23andMe, AncestryDNA), .vcf, and .vcf.gz[0m
          [36m</p>[39m
          [36m<button[39m
            [33mstyle[39m=[32m"display: inline-block; background: var(--mutant-accent, #1f7a3f); color: 
var(--mutant-accent-text, #ffffff); border: medium; border-radius: 8px; padding: 10px 18px; font-size: 14px; 
font-weight: 600; cursor: pointer;"[39m
            [33mtype[39m=[32m"button"[39m
          [36m>[39m
            [0mChoose DNA file[0m
          [36m</button>[39m
        [36m</div>[39m
        [36m<div[39m
          [33mstyle[39m=[32m"background: var(--color-background-secondary, #f0f9f0); border: 1px solid 
var(--color-border-secondary, #cdeacd); border-radius: 8px; padding: 12px 14px; margin: 16px 0px; font-size: 13px; 
width: 100%; max-width: none; min-width: 0px; box-sizing: border-box;"[39m
        [36m>[39m
          [36m<p[39m
            [33mstyle[39m=[32m"margin: 0px 0px 4px; font-weight: 600;"[39m
          [36m>[39m
            [0mYour raw DNA file is processed locally.[0m
          [36m</p>[39m
          [36m<p[39m
            [33mstyle[39m=[32m"margin: 0px; color: var(--color-text-secondary, #5f6368);"[39m
          [36m>[39m
            [0mOnly variants used by Mutant are submitted[0m
            [0m (2 markers in the Mutant panel)[0m
            [0m. Your file is never uploaded or stored by Mutant.[0m
          [36m</p>[39m
        [36m</div>[39m
        [36m<p[39m
          [33mstyle[39m=[32m"margin: 0px 0px 12px; font-size: 13px; color: var(--color-text-secondary, 
#5f6368);"[39m
        [36m>[39m
          [0mGenerating your analysis usually takes about 2ΓÇô3 minutes.[0m
        [36m</p>[39m
        [36m<input[39m
          [33maccept[39m=[32m".txt,.vcf,.gz,.bgz"[39m
          [33mstyle[39m=[32m"display: none;"[39m
          [33mtype[39m=[32m"file"[39m
        [36m/>[39m
      [36m</main>[39m
    [36m</div>[39m
  [36m</div>[39m
[36m</body>[39m

Ignored nodes: comments, script, style
[36m<body>[39m
  [36m<div>[39m
    [36m<div[39m
      [33mstyle[39m=[32m"font-family: ui-sans-serif, system-ui, -apple-system, \"Segoe UI\", Roboto, Helvetica, 
Arial, sans-serif; font-size: 14px; line-height: 1.5; color: var(--color-text-primary, #1a1a1a); background: 
var(--color-background-primary, #ffffff); padding: 20px 22px; width: 100%; max-width: none; min-width: 0px; 
box-sizing: border-box; --mutant-accent: #1f7a3f; --mutant-accent-text: #ffffff; --mutant-error-bg: #fdecea; 
--mutant-error-border: #f5c6cb; --mutant-error-text: #7f1d1d; --mutant-drop-active: #f0fff4;"[39m
    [36m>[39m
      [36m<main[39m
        [33mstyle[39m=[32m"display: grid; grid-template-columns: minmax(0, 1fr); width: 100%; max-width: none; 
min-width: 0px; box-sizing: border-box;"[39m
      [36m>[39m
        [36m<h1[39m
          [33mstyle[39m=[32m"font-size: 17px; font-weight: 600; margin: 0px 0px 4px;"[39m
        [36m>[39m
          [0mAdd your DNA data[0m
        [36m</h1>[39m
        [36m<div[39m
          [33mrole[39m=[32m"status"[39m
          [33mstyle[39m=[32m"background: var(--color-background-secondary, #f5f7f6); border: 1px solid 
var(--color-border-secondary, #ced4da); border-radius: 8px; padding: 12px 14px; margin: 0px 0px 14px; font-size: 13px; 
width: 100%; max-width: none; min-width: 0px; box-sizing: border-box;"[39m
        [36m>[39m
          [36m<p[39m
            [33mstyle[39m=[32m"margin: 0px 0px 4px; font-weight: 600;"[39m
          [36m>[39m
            [0mDNA data is already on file[0m
          [36m</p>[39m
          [36m<p[39m
            [33mstyle[39m=[32m"margin: 0px; color: var(--color-text-secondary, #5f6368);"[39m
          [36m>[39m
            [0mYou can ask ChatGPT about your Mutant analysis. Importing another file replaces it.[0m
          [36m</p>[39m
        [36m</div>[39m
        [36m<div[39m
          [33mstyle[39m=[32m"border-radius: 10px; padding: 26px 20px; text-align: center; background: 
var(--color-background-secondary, #fafbfc); width: 100%; max-width: none; min-width: 0px; box-sizing: border-box; 
border-color: var(--color-border-secondary, #ced4da);"[39m
        [36m>[39m
          [36m<p[39m
            [33mstyle[39m=[32m"margin: 0px 0px 4px; font-weight: 600;"[39m
          [36m>[39m
            [0mDrag and drop your DNA file here[0m
          [36m</p>[39m
          [36m<p[39m
            [33mstyle[39m=[32m"margin: 0px 0px 16px; font-size: 13px; color: var(--color-text-secondary, 
#5f6368);"[39m
          [36m>[39m
            [0mAccepted formats: .txt (23andMe, AncestryDNA), .vcf, and .vcf.gz[0m
          [36m</p>[39m
          [36m<button[39m
            [33mstyle[39m=[32m"display: inline-block; background: var(--mutant-accent, #1f7a3f); color: 
var(--mutant-accent-text, #ffffff); border: medium; border-radius: 8px; padding: 10px 18px; font-size: 14px; 
font-weight: 600; cursor: pointer;"[39m
            [33mtype[39m=[32m"button"[39m
          [36m>[39m
            [0mChoose DNA file[0m
          [36m</button>[39m
        [36m</div>[39m
        [36m<div[39m
          [33mstyle[39m=[32m"background: var(--color-background-secondary, #f0f9f0); border: 1px solid 
var(--color-border-secondary, #cdeacd); border-radius: 8px; padding: 12px 14px; margin: 16px 0px; font-size: 13px; 
width: 100%; max-width: none; min-width: 0px; box-sizing: border-box;"[39m
        [36m>[39m
          [36m<p[39m
            [33mstyle[39m=[32m"margin: 0px 0px 4px; font-weight: 600;"[39m
          [36m>[39m
            [0mYour raw DNA file is processed locally.[0m
          [36m</p>[39m
          [36m<p[39m
            [33mstyle[39m=[32m"margin: 0px; color: var(--color-text-secondary, #5f6368);"[39m
          [36m>[39m
            [0mOnly variants used by Mutant are submitted[0m
            [0m (2 markers in the Mutant panel)[0m
            [0m. Your file is never uploaded or stored by Mutant.[0m
          [36m</p>[39m
        [36m</div>[39m
        [36m<p[39m
          [33mstyle[39m=[32m"margin: 0px 0px 12px; font-size: 13px; color: var(--color-text-secondary, 
#5f6368);"[39m
        [36m>[39m
          [0mGenerating your analysis usually takes about 2ΓÇô3 minutes.[0m
        [36m</p>[39m
        [36m<input[39m
          [33maccept[39m=[32m".txt,.vcf,.gz,.bgz"[39m
          [33mstyle[39m=[32m"display: none;"[39m
          [33mtype[39m=[32m"file"[39m
        [36m/>[39m
      [36m</main>[39m
    [36m</div>[39m
  [36m</div>[39m
[36m</body>[39m
 Γ¥» waitForWrapper node_modules/@testing-library/dom/dist/wait-for.js:163:27
 Γ¥» node_modules/@testing-library/dom/dist/query-helpers.js:86:33
 Γ¥» tests/dna-import-ui.test.tsx:519:18
    517|     });
    518|
    519|     await screen.findByText(/Elapsed: 0:30/);
       |                  ^
    520|     await screen.findByText(/Elapsed: 0:31/, undefined, { timeout: 300ΓÇª
    521|   });

ΓÄ»ΓÄ»ΓÄ»ΓÄ»ΓÄ»ΓÄ»ΓÄ»ΓÄ»ΓÄ»ΓÄ»ΓÄ»ΓÄ»ΓÄ»ΓÄ»ΓÄ»ΓÄ»ΓÄ»ΓÄ»ΓÄ»ΓÄ»ΓÄ»ΓÄ»[15/55]ΓÄ»

 FAIL  tests/dna-import-ui.test.tsx > DNA import component > changes the message when the analysis runs long
TestingLibraryElementError: Unable to find an element with the text: /Still working on your analysis/i. This could be 
because the text is broken up by multiple elements. In this case, you can provide a function for your text matcher to 
make your matcher more flexible.

Ignored nodes: comments, script, style
[36m<body>[39m
  [36m<div>[39m
    [36m<div[39m
      [33mstyle[39m=[32m"font-family: ui-sans-serif, system-ui, -apple-system, \"Segoe UI\", Roboto, Helvetica, 
Arial, sans-serif; font-size: 14px; line-height: 1.5; color: var(--color-text-primary, #1a1a1a); background: 
var(--color-background-primary, #ffffff); padding: 20px 22px; width: 100%; max-width: none; min-width: 0px; 
box-sizing: border-box; --mutant-accent: #1f7a3f; --mutant-accent-text: #ffffff; --mutant-error-bg: #fdecea; 
--mutant-error-border: #f5c6cb; --mutant-error-text: #7f1d1d; --mutant-drop-active: #f0fff4;"[39m
    [36m>[39m
      [36m<main[39m
        [33mstyle[39m=[32m"display: grid; grid-template-columns: minmax(0, 1fr); width: 100%; max-width: none; 
min-width: 0px; box-sizing: border-box;"[39m
      [36m>[39m
        [36m<h1[39m
          [33mstyle[39m=[32m"font-size: 17px; font-weight: 600; margin: 0px 0px 4px;"[39m
        [36m>[39m
          [0mAdd your DNA data[0m
        [36m</h1>[39m
        [36m<div[39m
          [33mrole[39m=[32m"status"[39m
          [33mstyle[39m=[32m"background: var(--color-background-secondary, #f5f7f6); border: 1px solid 
var(--color-border-secondary, #ced4da); border-radius: 8px; padding: 12px 14px; margin: 0px 0px 14px; font-size: 13px; 
width: 100%; max-width: none; min-width: 0px; box-sizing: border-box;"[39m
        [36m>[39m
          [36m<p[39m
            [33mstyle[39m=[32m"margin: 0px 0px 4px; font-weight: 600;"[39m
          [36m>[39m
            [0mDNA data is already on file[0m
          [36m</p>[39m
          [36m<p[39m
            [33mstyle[39m=[32m"margin: 0px; color: var(--color-text-secondary, #5f6368);"[39m
          [36m>[39m
            [0mYou can ask ChatGPT about your Mutant analysis. Importing another file replaces it.[0m
          [36m</p>[39m
        [36m</div>[39m
        [36m<div[39m
          [33mstyle[39m=[32m"border-radius: 10px; padding: 26px 20px; text-align: center; background: 
var(--color-background-secondary, #fafbfc); width: 100%; max-width: none; min-width: 0px; box-sizing: border-box; 
border-color: var(--color-border-secondary, #ced4da);"[39m
        [36m>[39m
          [36m<p[39m
            [33mstyle[39m=[32m"margin: 0px 0px 4px; font-weight: 600;"[39m
          [36m>[39m
            [0mDrag and drop your DNA file here[0m
          [36m</p>[39m
          [36m<p[39m
            [33mstyle[39m=[32m"margin: 0px 0px 16px; font-size: 13px; color: var(--color-text-secondary, 
#5f6368);"[39m
          [36m>[39m
            [0mAccepted formats: .txt (23andMe, AncestryDNA), .vcf, and .vcf.gz[0m
          [36m</p>[39m
          [36m<button[39m
            [33mstyle[39m=[32m"display: inline-block; background: var(--mutant-accent, #1f7a3f); color: 
var(--mutant-accent-text, #ffffff); border: medium; border-radius: 8px; padding: 10px 18px; font-size: 14px; 
font-weight: 600; cursor: pointer;"[39m
            [33mtype[39m=[32m"button"[39m
          [36m>[39m
            [0mChoose DNA file[0m
          [36m</button>[39m
        [36m</div>[39m
        [36m<div[39m
          [33mstyle[39m=[32m"background: var(--color-background-secondary, #f0f9f0); border: 1px solid 
var(--color-border-secondary, #cdeacd); border-radius: 8px; padding: 12px 14px; margin: 16px 0px; font-size: 13px; 
width: 100%; max-width: none; min-width: 0px; box-sizing: border-box;"[39m
        [36m>[39m
          [36m<p[39m
            [33mstyle[39m=[32m"margin: 0px 0px 4px; font-weight: 600;"[39m
          [36m>[39m
            [0mYour raw DNA file is processed locally.[0m
          [36m</p>[39m
          [36m<p[39m
            [33mstyle[39m=[32m"margin: 0px; color: var(--color-text-secondary, #5f6368);"[39m
          [36m>[39m
            [0mOnly variants used by Mutant are submitted[0m
            [0m (2 markers in the Mutant panel)[0m
            [0m. Your file is never uploaded or stored by Mutant.[0m
          [36m</p>[39m
        [36m</div>[39m
        [36m<p[39m
          [33mstyle[39m=[32m"margin: 0px 0px 12px; font-size: 13px; color: var(--color-text-secondary, 
#5f6368);"[39m
        [36m>[39m
          [0mGenerating your analysis usually takes about 2ΓÇô3 minutes.[0m
        [36m</p>[39m
        [36m<input[39m
          [33maccept[39m=[32m".txt,.vcf,.gz,.bgz"[39m
          [33mstyle[39m=[32m"display: none;"[39m
          [33mtype[39m=[32m"file"[39m
        [36m/>[39m
      [36m</main>[39m
    [36m</div>[39m
  [36m</div>[39m
[36m</body>[39m

Ignored nodes: comments, script, style
[36m<body>[39m
  [36m<div>[39m
    [36m<div[39m
      [33mstyle[39m=[32m"font-family: ui-sans-serif, system-ui, -apple-system, \"Segoe UI\", Roboto, Helvetica, 
Arial, sans-serif; font-size: 14px; line-height: 1.5; color: var(--color-text-primary, #1a1a1a); background: 
var(--color-background-primary, #ffffff); padding: 20px 22px; width: 100%; max-width: none; min-width: 0px; 
box-sizing: border-box; --mutant-accent: #1f7a3f; --mutant-accent-text: #ffffff; --mutant-error-bg: #fdecea; 
--mutant-error-border: #f5c6cb; --mutant-error-text: #7f1d1d; --mutant-drop-active: #f0fff4;"[39m
    [36m>[39m
      [36m<main[39m
        [33mstyle[39m=[32m"display: grid; grid-template-columns: minmax(0, 1fr); width: 100%; max-width: none; 
min-width: 0px; box-sizing: border-box;"[39m
      [36m>[39m
        [36m<h1[39m
          [33mstyle[39m=[32m"font-size: 17px; font-weight: 600; margin: 0px 0px 4px;"[39m
        [36m>[39m
          [0mAdd your DNA data[0m
        [36m</h1>[39m
        [36m<div[39m
          [33mrole[39m=[32m"status"[39m
          [33mstyle[39m=[32m"background: var(--color-background-secondary, #f5f7f6); border: 1px solid 
var(--color-border-secondary, #ced4da); border-radius: 8px; padding: 12px 14px; margin: 0px 0px 14px; font-size: 13px; 
width: 100%; max-width: none; min-width: 0px; box-sizing: border-box;"[39m
        [36m>[39m
          [36m<p[39m
            [33mstyle[39m=[32m"margin: 0px 0px 4px; font-weight: 600;"[39m
          [36m>[39m
            [0mDNA data is already on file[0m
          [36m</p>[39m
          [36m<p[39m
            [33mstyle[39m=[32m"margin: 0px; color: var(--color-text-secondary, #5f6368);"[39m
          [36m>[39m
            [0mYou can ask ChatGPT about your Mutant analysis. Importing another file replaces it.[0m
          [36m</p>[39m
        [36m</div>[39m
        [36m<div[39m
          [33mstyle[39m=[32m"border-radius: 10px; padding: 26px 20px; text-align: center; background: 
var(--color-background-secondary, #fafbfc); width: 100%; max-width: none; min-width: 0px; box-sizing: border-box; 
border-color: var(--color-border-secondary, #ced4da);"[39m
        [36m>[39m
          [36m<p[39m
            [33mstyle[39m=[32m"margin: 0px 0px 4px; font-weight: 600;"[39m
          [36m>[39m
            [0mDrag and drop your DNA file here[0m
          [36m</p>[39m
          [36m<p[39m
            [33mstyle[39m=[32m"margin: 0px 0px 16px; font-size: 13px; color: var(--color-text-secondary, 
#5f6368);"[39m
          [36m>[39m
            [0mAccepted formats: .txt (23andMe, AncestryDNA), .vcf, and .vcf.gz[0m
          [36m</p>[39m
          [36m<button[39m
            [33mstyle[39m=[32m"display: inline-block; background: var(--mutant-accent, #1f7a3f); color: 
var(--mutant-accent-text, #ffffff); border: medium; border-radius: 8px; padding: 10px 18px; font-size: 14px; 
font-weight: 600; cursor: pointer;"[39m
            [33mtype[39m=[32m"button"[39m
          [36m>[39m
            [0mChoose DNA file[0m
          [36m</button>[39m
        [36m</div>[39m
        [36m<div[39m
          [33mstyle[39m=[32m"background: var(--color-background-secondary, #f0f9f0); border: 1px solid 
var(--color-border-secondary, #cdeacd); border-radius: 8px; padding: 12px 14px; margin: 16px 0px; font-size: 13px; 
width: 100%; max-width: none; min-width: 0px; box-sizing: border-box;"[39m
        [36m>[39m
          [36m<p[39m
            [33mstyle[39m=[32m"margin: 0px 0px 4px; font-weight: 600;"[39m
          [36m>[39m
            [0mYour raw DNA file is processed locally.[0m
          [36m</p>[39m
          [36m<p[39m
            [33mstyle[39m=[32m"margin: 0px; color: var(--color-text-secondary, #5f6368);"[39m
          [36m>[39m
            [0mOnly variants used by Mutant are submitted[0m
            [0m (2 markers in the Mutant panel)[0m
            [0m. Your file is never uploaded or stored by Mutant.[0m
          [36m</p>[39m
        [36m</div>[39m
        [36m<p[39m
          [33mstyle[39m=[32m"margin: 0px 0px 12px; font-size: 13px; color: var(--color-text-secondary, 
#5f6368);"[39m
        [36m>[39m
          [0mGenerating your analysis usually takes about 2ΓÇô3 minutes.[0m
        [36m</p>[39m
        [36m<input[39m
          [33maccept[39m=[32m".txt,.vcf,.gz,.bgz"[39m
          [33mstyle[39m=[32m"display: none;"[39m
          [33mtype[39m=[32m"file"[39m
        [36m/>[39m
      [36m</main>[39m
    [36m</div>[39m
  [36m</div>[39m
[36m</body>[39m
 Γ¥» waitForWrapper node_modules/@testing-library/dom/dist/wait-for.js:163:27
 Γ¥» node_modules/@testing-library/dom/dist/query-helpers.js:86:33
 Γ¥» tests/dna-import-ui.test.tsx:529:18
    527|       }),
    528|     });
    529|     await screen.findByText(/Still working on your analysis/i);
       |                  ^
    530|     // Past the expected range the 2-3 minute promise is dropped ratheΓÇª
    531|     expect(screen.queryByText(/usually takes about 2.3 minutes/i)).toBΓÇª

ΓÄ»ΓÄ»ΓÄ»ΓÄ»ΓÄ»ΓÄ»ΓÄ»ΓÄ»ΓÄ»ΓÄ»ΓÄ»ΓÄ»ΓÄ»ΓÄ»ΓÄ»ΓÄ»ΓÄ»ΓÄ»ΓÄ»ΓÄ»ΓÄ»ΓÄ»[16/55]ΓÄ»

 FAIL  tests/dna-import-ui.test.tsx > DNA import component > offers a recoverable state when the polling ceiling is 
reached
TestingLibraryElementError: Unable to find an element with the text: /stopped checking automatically/i. This could be 
because the text is broken up by multiple elements. In this case, you can provide a function for your text matcher to 
make your matcher more flexible.

Ignored nodes: comments, script, style
[36m<body>[39m
  [36m<div>[39m
    [36m<div[39m
      [33mstyle[39m=[32m"font-family: ui-sans-serif, system-ui, -apple-system, \"Segoe UI\", Roboto, Helvetica, 
Arial, sans-serif; font-size: 14px; line-height: 1.5; color: var(--color-text-primary, #1a1a1a); background: 
var(--color-background-primary, #ffffff); padding: 20px 22px; width: 100%; max-width: none; min-width: 0px; 
box-sizing: border-box; --mutant-accent: #1f7a3f; --mutant-accent-text: #ffffff; --mutant-error-bg: #fdecea; 
--mutant-error-border: #f5c6cb; --mutant-error-text: #7f1d1d; --mutant-drop-active: #f0fff4;"[39m
    [36m>[39m
      [36m<main[39m
        [33mstyle[39m=[32m"display: grid; grid-template-columns: minmax(0, 1fr); width: 100%; max-width: none; 
min-width: 0px; box-sizing: border-box;"[39m
      [36m>[39m
        [36m<h1[39m
          [33mstyle[39m=[32m"font-size: 17px; font-weight: 600; margin: 0px 0px 4px;"[39m
        [36m>[39m
          [0mAdd your DNA data[0m
        [36m</h1>[39m
        [36m<div[39m
          [33mrole[39m=[32m"status"[39m
          [33mstyle[39m=[32m"background: var(--color-background-secondary, #f5f7f6); border: 1px solid 
var(--color-border-secondary, #ced4da); border-radius: 8px; padding: 12px 14px; margin: 0px 0px 14px; font-size: 13px; 
width: 100%; max-width: none; min-width: 0px; box-sizing: border-box;"[39m
        [36m>[39m
          [36m<p[39m
            [33mstyle[39m=[32m"margin: 0px 0px 4px; font-weight: 600;"[39m
          [36m>[39m
            [0mDNA data is already on file[0m
          [36m</p>[39m
          [36m<p[39m
            [33mstyle[39m=[32m"margin: 0px; color: var(--color-text-secondary, #5f6368);"[39m
          [36m>[39m
            [0mYou can ask ChatGPT about your Mutant analysis. Importing another file replaces it.[0m
          [36m</p>[39m
        [36m</div>[39m
        [36m<div[39m
          [33mstyle[39m=[32m"border-radius: 10px; padding: 26px 20px; text-align: center; background: 
var(--color-background-secondary, #fafbfc); width: 100%; max-width: none; min-width: 0px; box-sizing: border-box; 
border-color: var(--color-border-secondary, #ced4da);"[39m
        [36m>[39m
          [36m<p[39m
            [33mstyle[39m=[32m"margin: 0px 0px 4px; font-weight: 600;"[39m
          [36m>[39m
            [0mDrag and drop your DNA file here[0m
          [36m</p>[39m
          [36m<p[39m
            [33mstyle[39m=[32m"margin: 0px 0px 16px; font-size: 13px; color: var(--color-text-secondary, 
#5f6368);"[39m
          [36m>[39m
            [0mAccepted formats: .txt (23andMe, AncestryDNA), .vcf, and .vcf.gz[0m
          [36m</p>[39m
          [36m<button[39m
            [33mstyle[39m=[32m"display: inline-block; background: var(--mutant-accent, #1f7a3f); color: 
var(--mutant-accent-text, #ffffff); border: medium; border-radius: 8px; padding: 10px 18px; font-size: 14px; 
font-weight: 600; cursor: pointer;"[39m
            [33mtype[39m=[32m"button"[39m
          [36m>[39m
            [0mChoose DNA file[0m
          [36m</button>[39m
        [36m</div>[39m
        [36m<div[39m
          [33mstyle[39m=[32m"background: var(--color-background-secondary, #f0f9f0); border: 1px solid 
var(--color-border-secondary, #cdeacd); border-radius: 8px; padding: 12px 14px; margin: 16px 0px; font-size: 13px; 
width: 100%; max-width: none; min-width: 0px; box-sizing: border-box;"[39m
        [36m>[39m
          [36m<p[39m
            [33mstyle[39m=[32m"margin: 0px 0px 4px; font-weight: 600;"[39m
          [36m>[39m
            [0mYour raw DNA file is processed locally.[0m
          [36m</p>[39m
          [36m<p[39m
            [33mstyle[39m=[32m"margin: 0px; color: var(--color-text-secondary, #5f6368);"[39m
          [36m>[39m
            [0mOnly variants used by Mutant are submitted[0m
            [0m (2 markers in the Mutant panel)[0m
            [0m. Your file is never uploaded or stored by Mutant.[0m
          [36m</p>[39m
        [36m</div>[39m
        [36m<p[39m
          [33mstyle[39m=[32m"margin: 0px 0px 12px; font-size: 13px; color: var(--color-text-secondary, 
#5f6368);"[39m
        [36m>[39m
          [0mGenerating your analysis usually takes about 2ΓÇô3 minutes.[0m
        [36m</p>[39m
        [36m<input[39m
          [33maccept[39m=[32m".txt,.vcf,.gz,.bgz"[39m
          [33mstyle[39m=[32m"display: none;"[39m
          [33mtype[39m=[32m"file"[39m
        [36m/>[39m
      [36m</main>[39m
    [36m</div>[39m
  [36m</div>[39m
[36m</body>[39m

Ignored nodes: comments, script, style
[36m<body>[39m
  [36m<div>[39m
    [36m<div[39m
      [33mstyle[39m=[32m"font-family: ui-sans-serif, system-ui, -apple-system, \"Segoe UI\", Roboto, Helvetica, 
Arial, sans-serif; font-size: 14px; line-height: 1.5; color: var(--color-text-primary, #1a1a1a); background: 
var(--color-background-primary, #ffffff); padding: 20px 22px; width: 100%; max-width: none; min-width: 0px; 
box-sizing: border-box; --mutant-accent: #1f7a3f; --mutant-accent-text: #ffffff; --mutant-error-bg: #fdecea; 
--mutant-error-border: #f5c6cb; --mutant-error-text: #7f1d1d; --mutant-drop-active: #f0fff4;"[39m
    [36m>[39m
      [36m<main[39m
        [33mstyle[39m=[32m"display: grid; grid-template-columns: minmax(0, 1fr); width: 100%; max-width: none; 
min-width: 0px; box-sizing: border-box;"[39m
      [36m>[39m
        [36m<h1[39m
          [33mstyle[39m=[32m"font-size: 17px; font-weight: 600; margin: 0px 0px 4px;"[39m
        [36m>[39m
          [0mAdd your DNA data[0m
        [36m</h1>[39m
        [36m<div[39m
          [33mrole[39m=[32m"status"[39m
          [33mstyle[39m=[32m"background: var(--color-background-secondary, #f5f7f6); border: 1px solid 
var(--color-border-secondary, #ced4da); border-radius: 8px; padding: 12px 14px; margin: 0px 0px 14px; font-size: 13px; 
width: 100%; max-width: none; min-width: 0px; box-sizing: border-box;"[39m
        [36m>[39m
          [36m<p[39m
            [33mstyle[39m=[32m"margin: 0px 0px 4px; font-weight: 600;"[39m
          [36m>[39m
            [0mDNA data is already on file[0m
          [36m</p>[39m
          [36m<p[39m
            [33mstyle[39m=[32m"margin: 0px; color: var(--color-text-secondary, #5f6368);"[39m
          [36m>[39m
            [0mYou can ask ChatGPT about your Mutant analysis. Importing another file replaces it.[0m
          [36m</p>[39m
        [36m</div>[39m
        [36m<div[39m
          [33mstyle[39m=[32m"border-radius: 10px; padding: 26px 20px; text-align: center; background: 
var(--color-background-secondary, #fafbfc); width: 100%; max-width: none; min-width: 0px; box-sizing: border-box; 
border-color: var(--color-border-secondary, #ced4da);"[39m
        [36m>[39m
          [36m<p[39m
            [33mstyle[39m=[32m"margin: 0px 0px 4px; font-weight: 600;"[39m
          [36m>[39m
            [0mDrag and drop your DNA file here[0m
          [36m</p>[39m
          [36m<p[39m
            [33mstyle[39m=[32m"margin: 0px 0px 16px; font-size: 13px; color: var(--color-text-secondary, 
#5f6368);"[39m
          [36m>[39m
            [0mAccepted formats: .txt (23andMe, AncestryDNA), .vcf, and .vcf.gz[0m
          [36m</p>[39m
          [36m<button[39m
            [33mstyle[39m=[32m"display: inline-block; background: var(--mutant-accent, #1f7a3f); color: 
var(--mutant-accent-text, #ffffff); border: medium; border-radius: 8px; padding: 10px 18px; font-size: 14px; 
font-weight: 600; cursor: pointer;"[39m
            [33mtype[39m=[32m"button"[39m
          [36m>[39m
            [0mChoose DNA file[0m
          [36m</button>[39m
        [36m</div>[39m
        [36m<div[39m
          [33mstyle[39m=[32m"background: var(--color-background-secondary, #f0f9f0); border: 1px solid 
var(--color-border-secondary, #cdeacd); border-radius: 8px; padding: 12px 14px; margin: 16px 0px; font-size: 13px; 
width: 100%; max-width: none; min-width: 0px; box-sizing: border-box;"[39m
        [36m>[39m
          [36m<p[39m
            [33mstyle[39m=[32m"margin: 0px 0px 4px; font-weight: 600;"[39m
          [36m>[39m
            [0mYour raw DNA file is processed locally.[0m
          [36m</p>[39m
          [36m<p[39m
            [33mstyle[39m=[32m"margin: 0px; color: var(--color-text-secondary, #5f6368);"[39m
          [36m>[39m
            [0mOnly variants used by Mutant are submitted[0m
            [0m (2 markers in the Mutant panel)[0m
            [0m. Your file is never uploaded or stored by Mutant.[0m
          [36m</p>[39m
        [36m</div>[39m
        [36m<p[39m
          [33mstyle[39m=[32m"margin: 0px 0px 12px; font-size: 13px; color: var(--color-text-secondary, 
#5f6368);"[39m
        [36m>[39m
          [0mGenerating your analysis usually takes about 2ΓÇô3 minutes.[0m
        [36m</p>[39m
        [36m<input[39m
          [33maccept[39m=[32m".txt,.vcf,.gz,.bgz"[39m
          [33mstyle[39m=[32m"display: none;"[39m
          [33mtype[39m=[32m"file"[39m
        [36m/>[39m
      [36m</main>[39m
    [36m</div>[39m
  [36m</div>[39m
[36m</body>[39m
 Γ¥» waitForWrapper node_modules/@testing-library/dom/dist/wait-for.js:163:27
 Γ¥» node_modules/@testing-library/dom/dist/query-helpers.js:86:33
 Γ¥» tests/dna-import-ui.test.tsx:556:18
    554|     );
    555|
    556|     await screen.findByText(/stopped checking automatically/i);
       |                  ^
    557|     const before = bridge.callsTo("get_analysis_status").length;
    558|     // Exceeding the expected range is not an error.

ΓÄ»ΓÄ»ΓÄ»ΓÄ»ΓÄ»ΓÄ»ΓÄ»ΓÄ»ΓÄ»ΓÄ»ΓÄ»ΓÄ»ΓÄ»ΓÄ»ΓÄ»ΓÄ»ΓÄ»ΓÄ»ΓÄ»ΓÄ»ΓÄ»ΓÄ»[17/55]ΓÄ»

 FAIL  tests/dna-import-ui.test.tsx > DNA import component > reports a failed analysis and retries with a new 
idempotency key
TestingLibraryElementError: Unable to find an element with the text: /We couldn't complete your analysis/i. This could 
be because the text is broken up by multiple elements. In this case, you can provide a function for your text matcher 
to make your matcher more flexible.

Ignored nodes: comments, script, style
[36m<body>[39m
  [36m<div>[39m
    [36m<div[39m
      [33mstyle[39m=[32m"font-family: ui-sans-serif, system-ui, -apple-system, \"Segoe UI\", Roboto, Helvetica, 
Arial, sans-serif; font-size: 14px; line-height: 1.5; color: var(--color-text-primary, #1a1a1a); background: 
var(--color-background-primary, #ffffff); padding: 20px 22px; width: 100%; max-width: none; min-width: 0px; 
box-sizing: border-box; --mutant-accent: #1f7a3f; --mutant-accent-text: #ffffff; --mutant-error-bg: #fdecea; 
--mutant-error-border: #f5c6cb; --mutant-error-text: #7f1d1d; --mutant-drop-active: #f0fff4;"[39m
    [36m>[39m
      [36m<main[39m
        [33mstyle[39m=[32m"display: grid; grid-template-columns: minmax(0, 1fr); width: 100%; max-width: none; 
min-width: 0px; box-sizing: border-box;"[39m
      [36m>[39m
        [36m<h1[39m
          [33mstyle[39m=[32m"font-size: 17px; font-weight: 600; margin: 0px 0px 4px;"[39m
        [36m>[39m
          [0mGenerating your analysis[0m
        [36m</h1>[39m
        [36m<p[39m
          [33mstyle[39m=[32m"margin: 0px 0px 16px; color: var(--color-text-secondary, #5f6368);"[39m
        [36m>[39m
          [0mYour DNA was imported successfully.[0m
        [36m</p>[39m
        [36m<p[39m
          [33mstyle[39m=[32m"margin: 0px 0px 12px; font-size: 13px; color: var(--color-text-secondary, 
#5f6368);"[39m
        [36m>[39m
          [0mWe're generating your analysis now.[0m
        [36m</p>[39m
        [36m<ul[39m
          [33mstyle[39m=[32m"list-style: none; margin: 14px 0px 10px; padding: 0px; font-size: 13px;"[39m
        [36m>[39m
          [36m<li[39m
            [33mstyle[39m=[32m"display: flex; gap: 8px; padding: 3px 0px; align-items: baseline;"[39m
          [36m>[39m
            [36m<span[39m
              [33maria-hidden[39m=[32m"true"[39m
              [33mstyle[39m=[32m"width: 12px; color: var(--mutant-accent, #1f7a3f);"[39m
            [36m>[39m
              [0mΓ£ô[0m
            [36m</span>[39m
            [36m<span>[39m
              [0mDNA file processed[0m
            [36m</span>[39m
          [36m</li>[39m
          [36m<li[39m
            [33mstyle[39m=[32m"display: flex; gap: 8px; padding: 3px 0px; align-items: baseline;"[39m
          [36m>[39m
            [36m<span[39m
              [33maria-hidden[39m=[32m"true"[39m
              [33mstyle[39m=[32m"width: 12px; color: var(--mutant-accent, #1f7a3f);"[39m
            [36m>[39m
              [0mΓ£ô[0m
            [36m</span>[39m
            [36m<span>[39m
              [0mRelevant variants imported[0m
            [36m</span>[39m
          [36m</li>[39m
          [36m<li[39m
            [33mstyle[39m=[32m"display: flex; gap: 8px; padding: 3px 0px; align-items: baseline;"[39m
          [36m>[39m
            [36m<span[39m
              [33maria-hidden[39m=[32m"true"[39m
              [33mstyle[39m=[32m"width: 12px; color: var(--mutant-accent, #1f7a3f);"[39m
            [36m>[39m
              [0mΓùÅ[0m
            [36m</span>[39m
            [36m<span>[39m
              [0mAnalyzing genetic patterns and health hypotheses[0m
            [36m</span>[39m
          [36m</li>[39m
        [36m</ul>[39m
        [36m<p[39m
          [33mstyle[39m=[32m"margin: 0px 0px 12px; font-size: 13px; color: var(--color-text-secondary, 
#5f6368);"[39m
        [36m>[39m
          [0mThis usually takes about 2ΓÇô3 minutes.[0m
        [36m</p>[39m
        [36m<p[39m
          [33mstyle[39m=[32m"margin: 0px 0px 12px; font-size: 13px; color: var(--color-text-secondary, 
#5f6368);"[39m
        [36m>[39m
          [0mElapsed: [0m
          [0m0:00[0m
        [36m</p>[39m
      [36m</main>[39m
    [36m</div>[39m
  [36m</div>[39m
[36m</body>[39m

Ignored nodes: comments, script, style
[36m<body>[39m
  [36m<div>[39m
    [36m<div[39m
      [33mstyle[39m=[32m"font-family: ui-sans-serif, system-ui, -apple-system, \"Segoe UI\", Roboto, Helvetica, 
Arial, sans-serif; font-size: 14px; line-height: 1.5; color: var(--color-text-primary, #1a1a1a); background: 
var(--color-background-primary, #ffffff); padding: 20px 22px; width: 100%; max-width: none; min-width: 0px; 
box-sizing: border-box; --mutant-accent: #1f7a3f; --mutant-accent-text: #ffffff; --mutant-error-bg: #fdecea; 
--mutant-error-border: #f5c6cb; --mutant-error-text: #7f1d1d; --mutant-drop-active: #f0fff4;"[39m
    [36m>[39m
      [36m<main[39m
        [33mstyle[39m=[32m"display: grid; grid-template-columns: minmax(0, 1fr); width: 100%; max-width: none; 
min-width: 0px; box-sizing: border-box;"[39m
      [36m>[39m
        [36m<h1[39m
          [33mstyle[39m=[32m"font-size: 17px; font-weight: 600; margin: 0px 0px 4px;"[39m
        [36m>[39m
          [0mGenerating your analysis[0m
        [36m</h1>[39m
        [36m<p[39m
          [33mstyle[39m=[32m"margin: 0px 0px 16px; color: var(--color-text-secondary, #5f6368);"[39m
        [36m>[39m
          [0mYour DNA was imported successfully.[0m
        [36m</p>[39m
        [36m<p[39m
          [33mstyle[39m=[32m"margin: 0px 0px 12px; font-size: 13px; color: var(--color-text-secondary, 
#5f6368);"[39m
        [36m>[39m
          [0mWe're generating your analysis now.[0m
        [36m</p>[39m
        [36m<ul[39m
          [33mstyle[39m=[32m"list-style: none; margin: 14px 0px 10px; padding: 0px; font-size: 13px;"[39m
        [36m>[39m
          [36m<li[39m
            [33mstyle[39m=[32m"display: flex; gap: 8px; padding: 3px 0px; align-items: baseline;"[39m
          [36m>[39m
            [36m<span[39m
              [33maria-hidden[39m=[32m"true"[39m
              [33mstyle[39m=[32m"width: 12px; color: var(--mutant-accent, #1f7a3f);"[39m
            [36m>[39m
              [0mΓ£ô[0m
            [36m</span>[39m
            [36m<span>[39m
              [0mDNA file processed[0m
            [36m</span>[39m
          [36m</li>[39m
          [36m<li[39m
            [33mstyle[39m=[32m"display: flex; gap: 8px; padding: 3px 0px; align-items: baseline;"[39m
          [36m>[39m
            [36m<span[39m
              [33maria-hidden[39m=[32m"true"[39m
              [33mstyle[39m=[32m"width: 12px; color: var(--mutant-accent, #1f7a3f);"[39m
            [36m>[39m
              [0mΓ£ô[0m
            [36m</span>[39m
            [36m<span>[39m
              [0mRelevant variants imported[0m
            [36m</span>[39m
          [36m</li>[39m
          [36m<li[39m
            [33mstyle[39m=[32m"display: flex; gap: 8px; padding: 3px 0px; align-items: baseline;"[39m
          [36m>[39m
            [36m<span[39m
              [33maria-hidden[39m=[32m"true"[39m
              [33mstyle[39m=[32m"width: 12px; color: var(--mutant-accent, #1f7a3f);"[39m
            [36m>[39m
              [0mΓùÅ[0m
            [36m</span>[39m
            [36m<span>[39m
              [0mAnalyzing genetic patterns and health hypotheses[0m
            [36m</span>[39m
          [36m</li>[39m
        [36m</ul>[39m
        [36m<p[39m
          [33mstyle[39m=[32m"margin: 0px 0px 12px; font-size: 13px; color: var(--color-text-secondary, 
#5f6368);"[39m
        [36m>[39m
          [0mThis usually takes about 2ΓÇô3 minutes.[0m
        [36m</p>[39m
        [36m<p[39m
          [33mstyle[39m=[32m"margin: 0px 0px 12px; font-size: 13px; color: var(--color-text-secondary, 
#5f6368);"[39m
        [36m>[39m
          [0mElapsed: [0m
          [0m0:00[0m
        [36m</p>[39m
      [36m</main>[39m
    [36m</div>[39m
  [36m</div>[39m
[36m</body>[39m
 Γ¥» waitForWrapper node_modules/@testing-library/dom/dist/wait-for.js:163:27
 Γ¥» node_modules/@testing-library/dom/dist/query-helpers.js:86:33
 Γ¥» tests/dna-import-ui.test.tsx:574:18
    572|     });
    573|
    574|     await screen.findByText(/We couldn't complete your analysis/i);
       |                  ^
    575|     expect(screen.getByText(/did not finish successfully/i)).toBeDefinΓÇª
    576|     // A failed analysis is reported as a recovery state, not a stack ΓÇª

ΓÄ»ΓÄ»ΓÄ»ΓÄ»ΓÄ»ΓÄ»ΓÄ»ΓÄ»ΓÄ»ΓÄ»ΓÄ»ΓÄ»ΓÄ»ΓÄ»ΓÄ»ΓÄ»ΓÄ»ΓÄ»ΓÄ»ΓÄ»ΓÄ»ΓÄ»[18/55]ΓÄ»

 FAIL  tests/dna-import-ui.test.tsx > DNA import component > asks for a file again when a resumed session cannot retry 
in place
TestingLibraryElementError: Unable to find an element with the text: /We couldn't complete your analysis/i. This could 
be because the text is broken up by multiple elements. In this case, you can provide a function for your text matcher 
to make your matcher more flexible.

Ignored nodes: comments, script, style
[36m<body>[39m
  [36m<div>[39m
    [36m<div[39m
      [33mstyle[39m=[32m"font-family: ui-sans-serif, system-ui, -apple-system, \"Segoe UI\", Roboto, Helvetica, 
Arial, sans-serif; font-size: 14px; line-height: 1.5; color: var(--color-text-primary, #1a1a1a); background: 
var(--color-background-primary, #ffffff); padding: 20px 22px; width: 100%; max-width: none; min-width: 0px; 
box-sizing: border-box; --mutant-accent: #1f7a3f; --mutant-accent-text: #ffffff; --mutant-error-bg: #fdecea; 
--mutant-error-border: #f5c6cb; --mutant-error-text: #7f1d1d; --mutant-drop-active: #f0fff4;"[39m
    [36m>[39m
      [36m<main[39m
        [33mstyle[39m=[32m"display: grid; grid-template-columns: minmax(0, 1fr); width: 100%; max-width: none; 
min-width: 0px; box-sizing: border-box;"[39m
      [36m>[39m
        [36m<h1[39m
          [33mstyle[39m=[32m"font-size: 17px; font-weight: 600; margin: 0px 0px 4px;"[39m
        [36m>[39m
          [0mAdd your DNA data[0m
        [36m</h1>[39m
        [36m<div[39m
          [33mrole[39m=[32m"status"[39m
          [33mstyle[39m=[32m"background: var(--color-background-secondary, #f5f7f6); border: 1px solid 
var(--color-border-secondary, #ced4da); border-radius: 8px; padding: 12px 14px; margin: 0px 0px 14px; font-size: 13px; 
width: 100%; max-width: none; min-width: 0px; box-sizing: border-box;"[39m
        [36m>[39m
          [36m<p[39m
            [33mstyle[39m=[32m"margin: 0px 0px 4px; font-weight: 600;"[39m
          [36m>[39m
            [0mDNA data is already on file[0m
          [36m</p>[39m
          [36m<p[39m
            [33mstyle[39m=[32m"margin: 0px; color: var(--color-text-secondary, #5f6368);"[39m
          [36m>[39m
            [0mYou can ask ChatGPT about your Mutant analysis. Importing another file replaces it.[0m
          [36m</p>[39m
        [36m</div>[39m
        [36m<div[39m
          [33mstyle[39m=[32m"border-radius: 10px; padding: 26px 20px; text-align: center; background: 
var(--color-background-secondary, #fafbfc); width: 100%; max-width: none; min-width: 0px; box-sizing: border-box; 
border-color: var(--color-border-secondary, #ced4da);"[39m
        [36m>[39m
          [36m<p[39m
            [33mstyle[39m=[32m"margin: 0px 0px 4px; font-weight: 600;"[39m
          [36m>[39m
            [0mDrag and drop your DNA file here[0m
          [36m</p>[39m
          [36m<p[39m
            [33mstyle[39m=[32m"margin: 0px 0px 16px; font-size: 13px; color: var(--color-text-secondary, 
#5f6368);"[39m
          [36m>[39m
            [0mAccepted formats: .txt (23andMe, AncestryDNA), .vcf, and .vcf.gz[0m
          [36m</p>[39m
          [36m<button[39m
            [33mstyle[39m=[32m"display: inline-block; background: var(--mutant-accent, #1f7a3f); color: 
var(--mutant-accent-text, #ffffff); border: medium; border-radius: 8px; padding: 10px 18px; font-size: 14px; 
font-weight: 600; cursor: pointer;"[39m
            [33mtype[39m=[32m"button"[39m
          [36m>[39m
            [0mChoose DNA file[0m
          [36m</button>[39m
        [36m</div>[39m
        [36m<div[39m
          [33mstyle[39m=[32m"background: var(--color-background-secondary, #f0f9f0); border: 1px solid 
var(--color-border-secondary, #cdeacd); border-radius: 8px; padding: 12px 14px; margin: 16px 0px; font-size: 13px; 
width: 100%; max-width: none; min-width: 0px; box-sizing: border-box;"[39m
        [36m>[39m
          [36m<p[39m
            [33mstyle[39m=[32m"margin: 0px 0px 4px; font-weight: 600;"[39m
          [36m>[39m
            [0mYour raw DNA file is processed locally.[0m
          [36m</p>[39m
          [36m<p[39m
            [33mstyle[39m=[32m"margin: 0px; color: var(--color-text-secondary, #5f6368);"[39m
          [36m>[39m
            [0mOnly variants used by Mutant are submitted[0m
            [0m (2 markers in the Mutant panel)[0m
            [0m. Your file is never uploaded or stored by Mutant.[0m
          [36m</p>[39m
        [36m</div>[39m
        [36m<p[39m
          [33mstyle[39m=[32m"margin: 0px 0px 12px; font-size: 13px; color: var(--color-text-secondary, 
#5f6368);"[39m
        [36m>[39m
          [0mGenerating your analysis usually takes about 2ΓÇô3 minutes.[0m
        [36m</p>[39m
        [36m<input[39m
          [33maccept[39m=[32m".txt,.vcf,.gz,.bgz"[39m
          [33mstyle[39m=[32m"display: none;"[39m
          [33mtype[39m=[32m"file"[39m
        [36m/>[39m
      [36m</main>[39m
    [36m</div>[39m
  [36m</div>[39m
[36m</body>[39m

Ignored nodes: comments, script, style
[36m<body>[39m
  [36m<div>[39m
    [36m<div[39m
      [33mstyle[39m=[32m"font-family: ui-sans-serif, system-ui, -apple-system, \"Segoe UI\", Roboto, Helvetica, 
Arial, sans-serif; font-size: 14px; line-height: 1.5; color: var(--color-text-primary, #1a1a1a); background: 
var(--color-background-primary, #ffffff); padding: 20px 22px; width: 100%; max-width: none; min-width: 0px; 
box-sizing: border-box; --mutant-accent: #1f7a3f; --mutant-accent-text: #ffffff; --mutant-error-bg: #fdecea; 
--mutant-error-border: #f5c6cb; --mutant-error-text: #7f1d1d; --mutant-drop-active: #f0fff4;"[39m
    [36m>[39m
      [36m<main[39m
        [33mstyle[39m=[32m"display: grid; grid-template-columns: minmax(0, 1fr); width: 100%; max-width: none; 
min-width: 0px; box-sizing: border-box;"[39m
      [36m>[39m
        [36m<h1[39m
          [33mstyle[39m=[32m"font-size: 17px; font-weight: 600; margin: 0px 0px 4px;"[39m
        [36m>[39m
          [0mAdd your DNA data[0m
        [36m</h1>[39m
        [36m<div[39m
          [33mrole[39m=[32m"status"[39m
          [33mstyle[39m=[32m"background: var(--color-background-secondary, #f5f7f6); border: 1px solid 
var(--color-border-secondary, #ced4da); border-radius: 8px; padding: 12px 14px; margin: 0px 0px 14px; font-size: 13px; 
width: 100%; max-width: none; min-width: 0px; box-sizing: border-box;"[39m
        [36m>[39m
          [36m<p[39m
            [33mstyle[39m=[32m"margin: 0px 0px 4px; font-weight: 600;"[39m
          [36m>[39m
            [0mDNA data is already on file[0m
          [36m</p>[39m
          [36m<p[39m
            [33mstyle[39m=[32m"margin: 0px; color: var(--color-text-secondary, #5f6368);"[39m
          [36m>[39m
            [0mYou can ask ChatGPT about your Mutant analysis. Importing another file replaces it.[0m
          [36m</p>[39m
        [36m</div>[39m
        [36m<div[39m
          [33mstyle[39m=[32m"border-radius: 10px; padding: 26px 20px; text-align: center; background: 
var(--color-background-secondary, #fafbfc); width: 100%; max-width: none; min-width: 0px; box-sizing: border-box; 
border-color: var(--color-border-secondary, #ced4da);"[39m
        [36m>[39m
          [36m<p[39m
            [33mstyle[39m=[32m"margin: 0px 0px 4px; font-weight: 600;"[39m
          [36m>[39m
            [0mDrag and drop your DNA file here[0m
          [36m</p>[39m
          [36m<p[39m
            [33mstyle[39m=[32m"margin: 0px 0px 16px; font-size: 13px; color: var(--color-text-secondary, 
#5f6368);"[39m
          [36m>[39m
            [0mAccepted formats: .txt (23andMe, AncestryDNA), .vcf, and .vcf.gz[0m
          [36m</p>[39m
          [36m<button[39m
            [33mstyle[39m=[32m"display: inline-block; background: var(--mutant-accent, #1f7a3f); color: 
var(--mutant-accent-text, #ffffff); border: medium; border-radius: 8px; padding: 10px 18px; font-size: 14px; 
font-weight: 600; cursor: pointer;"[39m
            [33mtype[39m=[32m"button"[39m
          [36m>[39m
            [0mChoose DNA file[0m
          [36m</button>[39m
        [36m</div>[39m
        [36m<div[39m
          [33mstyle[39m=[32m"background: var(--color-background-secondary, #f0f9f0); border: 1px solid 
var(--color-border-secondary, #cdeacd); border-radius: 8px; padding: 12px 14px; margin: 16px 0px; font-size: 13px; 
width: 100%; max-width: none; min-width: 0px; box-sizing: border-box;"[39m
        [36m>[39m
          [36m<p[39m
            [33mstyle[39m=[32m"margin: 0px 0px 4px; font-weight: 600;"[39m
          [36m>[39m
            [0mYour raw DNA file is processed locally.[0m
          [36m</p>[39m
          [36m<p[39m
            [33mstyle[39m=[32m"margin: 0px; color: var(--color-text-secondary, #5f6368);"[39m
          [36m>[39m
            [0mOnly variants used by Mutant are submitted[0m
            [0m (2 markers in the Mutant panel)[0m
            [0m. Your file is never uploaded or stored by Mutant.[0m
          [36m</p>[39m
        [36m</div>[39m
        [36m<p[39m
          [33mstyle[39m=[32m"margin: 0px 0px 12px; font-size: 13px; color: var(--color-text-secondary, 
#5f6368);"[39m
        [36m>[39m
          [0mGenerating your analysis usually takes about 2ΓÇô3 minutes.[0m
        [36m</p>[39m
        [36m<input[39m
          [33maccept[39m=[32m".txt,.vcf,.gz,.bgz"[39m
          [33mstyle[39m=[32m"display: none;"[39m
          [33mtype[39m=[32m"file"[39m
        [36m/>[39m
      [36m</main>[39m
    [36m</div>[39m
  [36m</div>[39m
[36m</body>[39m
 Γ¥» waitForWrapper node_modules/@testing-library/dom/dist/wait-for.js:163:27
 Γ¥» node_modules/@testing-library/dom/dist/query-helpers.js:86:33
 Γ¥» tests/dna-import-ui.test.tsx:591:18
    589|     const bridge = renderWith({ get_analysis_status: statusResponse("fΓÇª
    590|
    591|     await screen.findByText(/We couldn't complete your analysis/i);
       |                  ^
    592|     fireEvent.click(screen.getByRole("button", { name: /try again/i })ΓÇª
    593|

ΓÄ»ΓÄ»ΓÄ»ΓÄ»ΓÄ»ΓÄ»ΓÄ»ΓÄ»ΓÄ»ΓÄ»ΓÄ»ΓÄ»ΓÄ»ΓÄ»ΓÄ»ΓÄ»ΓÄ»ΓÄ»ΓÄ»ΓÄ»ΓÄ»ΓÄ»[19/55]ΓÄ»

 FAIL  tests/dna-import-ui.test.tsx > DNA import component > renders the top findings inline when the user asks for 
them
TestingLibraryElementError: Unable to find an element with the text: /Analysis ready/i. This could be because the text 
is broken up by multiple elements. In this case, you can provide a function for your text matcher to make your matcher 
more flexible.

Ignored nodes: comments, script, style
[36m<body>[39m
  [36m<div>[39m
    [36m<div[39m
      [33mstyle[39m=[32m"font-family: ui-sans-serif, system-ui, -apple-system, \"Segoe UI\", Roboto, Helvetica, 
Arial, sans-serif; font-size: 14px; line-height: 1.5; color: var(--color-text-primary, #1a1a1a); background: 
var(--color-background-primary, #ffffff); padding: 20px 22px; width: 100%; max-width: none; min-width: 0px; 
box-sizing: border-box; --mutant-accent: #1f7a3f; --mutant-accent-text: #ffffff; --mutant-error-bg: #fdecea; 
--mutant-error-border: #f5c6cb; --mutant-error-text: #7f1d1d; --mutant-drop-active: #f0fff4;"[39m
    [36m>[39m
      [36m<main[39m
        [33mstyle[39m=[32m"display: grid; grid-template-columns: minmax(0, 1fr); width: 100%; max-width: none; 
min-width: 0px; box-sizing: border-box;"[39m
      [36m>[39m
        [36m<h1[39m
          [33mstyle[39m=[32m"font-size: 17px; font-weight: 600; margin: 0px 0px 4px;"[39m
        [36m>[39m
          [0mAdd your DNA data[0m
        [36m</h1>[39m
        [36m<div[39m
          [33mrole[39m=[32m"status"[39m
          [33mstyle[39m=[32m"background: var(--color-background-secondary, #f5f7f6); border: 1px solid 
var(--color-border-secondary, #ced4da); border-radius: 8px; padding: 12px 14px; margin: 0px 0px 14px; font-size: 13px; 
width: 100%; max-width: none; min-width: 0px; box-sizing: border-box;"[39m
        [36m>[39m
          [36m<p[39m
            [33mstyle[39m=[32m"margin: 0px 0px 4px; font-weight: 600;"[39m
          [36m>[39m
            [0mDNA data is already on file[0m
          [36m</p>[39m
          [36m<p[39m
            [33mstyle[39m=[32m"margin: 0px; color: var(--color-text-secondary, #5f6368);"[39m
          [36m>[39m
            [0mYou can ask ChatGPT about your Mutant analysis. Importing another file replaces it.[0m
          [36m</p>[39m
        [36m</div>[39m
        [36m<div[39m
          [33mstyle[39m=[32m"border-radius: 10px; padding: 26px 20px; text-align: center; background: 
var(--color-background-secondary, #fafbfc); width: 100%; max-width: none; min-width: 0px; box-sizing: border-box; 
border-color: var(--color-border-secondary, #ced4da);"[39m
        [36m>[39m
          [36m<p[39m
            [33mstyle[39m=[32m"margin: 0px 0px 4px; font-weight: 600;"[39m
          [36m>[39m
            [0mDrag and drop your DNA file here[0m
          [36m</p>[39m
          [36m<p[39m
            [33mstyle[39m=[32m"margin: 0px 0px 16px; font-size: 13px; color: var(--color-text-secondary, 
#5f6368);"[39m
          [36m>[39m
            [0mAccepted formats: .txt (23andMe, AncestryDNA), .vcf, and .vcf.gz[0m
          [36m</p>[39m
          [36m<button[39m
            [33mstyle[39m=[32m"display: inline-block; background: var(--mutant-accent, #1f7a3f); color: 
var(--mutant-accent-text, #ffffff); border: medium; border-radius: 8px; padding: 10px 18px; font-size: 14px; 
font-weight: 600; cursor: pointer;"[39m
            [33mtype[39m=[32m"button"[39m
          [36m>[39m
            [0mChoose DNA file[0m
          [36m</button>[39m
        [36m</div>[39m
        [36m<div[39m
          [33mstyle[39m=[32m"background: var(--color-background-secondary, #f0f9f0); border: 1px solid 
var(--color-border-secondary, #cdeacd); border-radius: 8px; padding: 12px 14px; margin: 16px 0px; font-size: 13px; 
width: 100%; max-width: none; min-width: 0px; box-sizing: border-box;"[39m
        [36m>[39m
          [36m<p[39m
            [33mstyle[39m=[32m"margin: 0px 0px 4px; font-weight: 600;"[39m
          [36m>[39m
            [0mYour raw DNA file is processed locally.[0m
          [36m</p>[39m
          [36m<p[39m
            [33mstyle[39m=[32m"margin: 0px; color: var(--color-text-secondary, #5f6368);"[39m
          [36m>[39m
            [0mOnly variants used by Mutant are submitted[0m
            [0m (2 markers in the Mutant panel)[0m
            [0m. Your file is never uploaded or stored by Mutant.[0m
          [36m</p>[39m
        [36m</div>[39m
        [36m<p[39m
          [33mstyle[39m=[32m"margin: 0px 0px 12px; font-size: 13px; color: var(--color-text-secondary, 
#5f6368);"[39m
        [36m>[39m
          [0mGenerating your analysis usually takes about 2ΓÇô3 minutes.[0m
        [36m</p>[39m
        [36m<input[39m
          [33maccept[39m=[32m".txt,.vcf,.gz,.bgz"[39m
          [33mstyle[39m=[32m"display: none;"[39m
          [33mtype[39m=[32m"file"[39m
        [36m/>[39m
      [36m</main>[39m
    [36m</div>[39m
  [36m</div>[39m
[36m</body>[39m

Ignored nodes: comments, script, style
[36m<body>[39m
  [36m<div>[39m
    [36m<div[39m
      [33mstyle[39m=[32m"font-family: ui-sans-serif, system-ui, -apple-system, \"Segoe UI\", Roboto, Helvetica, 
Arial, sans-serif; font-size: 14px; line-height: 1.5; color: var(--color-text-primary, #1a1a1a); background: 
var(--color-background-primary, #ffffff); padding: 20px 22px; width: 100%; max-width: none; min-width: 0px; 
box-sizing: border-box; --mutant-accent: #1f7a3f; --mutant-accent-text: #ffffff; --mutant-error-bg: #fdecea; 
--mutant-error-border: #f5c6cb; --mutant-error-text: #7f1d1d; --mutant-drop-active: #f0fff4;"[39m
    [36m>[39m
      [36m<main[39m
        [33mstyle[39m=[32m"display: grid; grid-template-columns: minmax(0, 1fr); width: 100%; max-width: none; 
min-width: 0px; box-sizing: border-box;"[39m
      [36m>[39m
        [36m<h1[39m
          [33mstyle[39m=[32m"font-size: 17px; font-weight: 600; margin: 0px 0px 4px;"[39m
        [36m>[39m
          [0mAdd your DNA data[0m
        [36m</h1>[39m
        [36m<div[39m
          [33mrole[39m=[32m"status"[39m
          [33mstyle[39m=[32m"background: var(--color-background-secondary, #f5f7f6); border: 1px solid 
var(--color-border-secondary, #ced4da); border-radius: 8px; padding: 12px 14px; margin: 0px 0px 14px; font-size: 13px; 
width: 100%; max-width: none; min-width: 0px; box-sizing: border-box;"[39m
        [36m>[39m
          [36m<p[39m
            [33mstyle[39m=[32m"margin: 0px 0px 4px; font-weight: 600;"[39m
          [36m>[39m
            [0mDNA data is already on file[0m
          [36m</p>[39m
          [36m<p[39m
            [33mstyle[39m=[32m"margin: 0px; color: var(--color-text-secondary, #5f6368);"[39m
          [36m>[39m
            [0mYou can ask ChatGPT about your Mutant analysis. Importing another file replaces it.[0m
          [36m</p>[39m
        [36m</div>[39m
        [36m<div[39m
          [33mstyle[39m=[32m"border-radius: 10px; padding: 26px 20px; text-align: center; background: 
var(--color-background-secondary, #fafbfc); width: 100%; max-width: none; min-width: 0px; box-sizing: border-box; 
border-color: var(--color-border-secondary, #ced4da);"[39m
        [36m>[39m
          [36m<p[39m
            [33mstyle[39m=[32m"margin: 0px 0px 4px; font-weight: 600;"[39m
          [36m>[39m
            [0mDrag and drop your DNA file here[0m
          [36m</p>[39m
          [36m<p[39m
            [33mstyle[39m=[32m"margin: 0px 0px 16px; font-size: 13px; color: var(--color-text-secondary, 
#5f6368);"[39m
          [36m>[39m
            [0mAccepted formats: .txt (23andMe, AncestryDNA), .vcf, and .vcf.gz[0m
          [36m</p>[39m
          [36m<button[39m
            [33mstyle[39m=[32m"display: inline-block; background: var(--mutant-accent, #1f7a3f); color: 
var(--mutant-accent-text, #ffffff); border: medium; border-radius: 8px; padding: 10px 18px; font-size: 14px; 
font-weight: 600; cursor: pointer;"[39m
            [33mtype[39m=[32m"button"[39m
          [36m>[39m
            [0mChoose DNA file[0m
          [36m</button>[39m
        [36m</div>[39m
        [36m<div[39m
          [33mstyle[39m=[32m"background: var(--color-background-secondary, #f0f9f0); border: 1px solid 
var(--color-border-secondary, #cdeacd); border-radius: 8px; padding: 12px 14px; margin: 16px 0px; font-size: 13px; 
width: 100%; max-width: none; min-width: 0px; box-sizing: border-box;"[39m
        [36m>[39m
          [36m<p[39m
            [33mstyle[39m=[32m"margin: 0px 0px 4px; font-weight: 600;"[39m
          [36m>[39m
            [0mYour raw DNA file is processed locally.[0m
          [36m</p>[39m
          [36m<p[39m
            [33mstyle[39m=[32m"margin: 0px; color: var(--color-text-secondary, #5f6368);"[39m
          [36m>[39m
            [0mOnly variants used by Mutant are submitted[0m
            [0m (2 markers in the Mutant panel)[0m
            [0m. Your file is never uploaded or stored by Mutant.[0m
          [36m</p>[39m
        [36m</div>[39m
        [36m<p[39m
          [33mstyle[39m=[32m"margin: 0px 0px 12px; font-size: 13px; color: var(--color-text-secondary, 
#5f6368);"[39m
        [36m>[39m
          [0mGenerating your analysis usually takes about 2ΓÇô3 minutes.[0m
        [36m</p>[39m
        [36m<input[39m
          [33maccept[39m=[32m".txt,.vcf,.gz,.bgz"[39m
          [33mstyle[39m=[32m"display: none;"[39m
          [33mtype[39m=[32m"file"[39m
        [36m/>[39m
      [36m</main>[39m
    [36m</div>[39m
  [36m</div>[39m
[36m</body>[39m
 Γ¥» waitForWrapper node_modules/@testing-library/dom/dist/wait-for.js:163:27
 Γ¥» node_modules/@testing-library/dom/dist/query-helpers.js:86:33
 Γ¥» tests/dna-import-ui.test.tsx:601:18
    599|     const bridge = renderWith({ get_analysis_status: statusResponse("rΓÇª
    600|
    601|     await screen.findByText(/Analysis ready/i);
       |                  ^
    602|     fireEvent.click(screen.getByRole("button", { name: /view my top 3 ΓÇª
    603|

ΓÄ»ΓÄ»ΓÄ»ΓÄ»ΓÄ»ΓÄ»ΓÄ»ΓÄ»ΓÄ»ΓÄ»ΓÄ»ΓÄ»ΓÄ»ΓÄ»ΓÄ»ΓÄ»ΓÄ»ΓÄ»ΓÄ»ΓÄ»ΓÄ»ΓÄ»[20/55]ΓÄ»

 FAIL  tests/dna-import-ui.test.tsx > DNA import component > hands a finding to ChatGPT only when the user asks
TestingLibraryElementError: Unable to find an element with the text: /Analysis ready/i. This could be because the text 
is broken up by multiple elements. In this case, you can provide a function for your text matcher to make your matcher 
more flexible.

Ignored nodes: comments, script, style
[36m<body>[39m
  [36m<div>[39m
    [36m<div[39m
      [33mstyle[39m=[32m"font-family: ui-sans-serif, system-ui, -apple-system, \"Segoe UI\", Roboto, Helvetica, 
Arial, sans-serif; font-size: 14px; line-height: 1.5; color: var(--color-text-primary, #1a1a1a); background: 
var(--color-background-primary, #ffffff); padding: 20px 22px; width: 100%; max-width: none; min-width: 0px; 
box-sizing: border-box; --mutant-accent: #1f7a3f; --mutant-accent-text: #ffffff; --mutant-error-bg: #fdecea; 
--mutant-error-border: #f5c6cb; --mutant-error-text: #7f1d1d; --mutant-drop-active: #f0fff4;"[39m
    [36m>[39m
      [36m<main[39m
        [33mstyle[39m=[32m"display: grid; grid-template-columns: minmax(0, 1fr); width: 100%; max-width: none; 
min-width: 0px; box-sizing: border-box;"[39m
      [36m>[39m
        [36m<h1[39m
          [33mstyle[39m=[32m"font-size: 17px; font-weight: 600; margin: 0px 0px 4px;"[39m
        [36m>[39m
          [0mAdd your DNA data[0m
        [36m</h1>[39m
        [36m<div[39m
          [33mrole[39m=[32m"status"[39m
          [33mstyle[39m=[32m"background: var(--color-background-secondary, #f5f7f6); border: 1px solid 
var(--color-border-secondary, #ced4da); border-radius: 8px; padding: 12px 14px; margin: 0px 0px 14px; font-size: 13px; 
width: 100%; max-width: none; min-width: 0px; box-sizing: border-box;"[39m
        [36m>[39m
          [36m<p[39m
            [33mstyle[39m=[32m"margin: 0px 0px 4px; font-weight: 600;"[39m
          [36m>[39m
            [0mDNA data is already on file[0m
          [36m</p>[39m
          [36m<p[39m
            [33mstyle[39m=[32m"margin: 0px; color: var(--color-text-secondary, #5f6368);"[39m
          [36m>[39m
            [0mYou can ask ChatGPT about your Mutant analysis. Importing another file replaces it.[0m
          [36m</p>[39m
        [36m</div>[39m
        [36m<div[39m
          [33mstyle[39m=[32m"border-radius: 10px; padding: 26px 20px; text-align: center; background: 
var(--color-background-secondary, #fafbfc); width: 100%; max-width: none; min-width: 0px; box-sizing: border-box; 
border-color: var(--color-border-secondary, #ced4da);"[39m
        [36m>[39m
          [36m<p[39m
            [33mstyle[39m=[32m"margin: 0px 0px 4px; font-weight: 600;"[39m
          [36m>[39m
            [0mDrag and drop your DNA file here[0m
          [36m</p>[39m
          [36m<p[39m
            [33mstyle[39m=[32m"margin: 0px 0px 16px; font-size: 13px; color: var(--color-text-secondary, 
#5f6368);"[39m
          [36m>[39m
            [0mAccepted formats: .txt (23andMe, AncestryDNA), .vcf, and .vcf.gz[0m
          [36m</p>[39m
          [36m<button[39m
            [33mstyle[39m=[32m"display: inline-block; background: var(--mutant-accent, #1f7a3f); color: 
var(--mutant-accent-text, #ffffff); border: medium; border-radius: 8px; padding: 10px 18px; font-size: 14px; 
font-weight: 600; cursor: pointer;"[39m
            [33mtype[39m=[32m"button"[39m
          [36m>[39m
            [0mChoose DNA file[0m
          [36m</button>[39m
        [36m</div>[39m
        [36m<div[39m
          [33mstyle[39m=[32m"background: var(--color-background-secondary, #f0f9f0); border: 1px solid 
var(--color-border-secondary, #cdeacd); border-radius: 8px; padding: 12px 14px; margin: 16px 0px; font-size: 13px; 
width: 100%; max-width: none; min-width: 0px; box-sizing: border-box;"[39m
        [36m>[39m
          [36m<p[39m
            [33mstyle[39m=[32m"margin: 0px 0px 4px; font-weight: 600;"[39m
          [36m>[39m
            [0mYour raw DNA file is processed locally.[0m
          [36m</p>[39m
          [36m<p[39m
            [33mstyle[39m=[32m"margin: 0px; color: var(--color-text-secondary, #5f6368);"[39m
          [36m>[39m
            [0mOnly variants used by Mutant are submitted[0m
            [0m (2 markers in the Mutant panel)[0m
            [0m. Your file is never uploaded or stored by Mutant.[0m
          [36m</p>[39m
        [36m</div>[39m
        [36m<p[39m
          [33mstyle[39m=[32m"margin: 0px 0px 12px; font-size: 13px; color: var(--color-text-secondary, 
#5f6368);"[39m
        [36m>[39m
          [0mGenerating your analysis usually takes about 2ΓÇô3 minutes.[0m
        [36m</p>[39m
        [36m<input[39m
          [33maccept[39m=[32m".txt,.vcf,.gz,.bgz"[39m
          [33mstyle[39m=[32m"display: none;"[39m
          [33mtype[39m=[32m"file"[39m
        [36m/>[39m
      [36m</main>[39m
    [36m</div>[39m
  [36m</div>[39m
[36m</body>[39m

Ignored nodes: comments, script, style
[36m<body>[39m
  [36m<div>[39m
    [36m<div[39m
      [33mstyle[39m=[32m"font-family: ui-sans-serif, system-ui, -apple-system, \"Segoe UI\", Roboto, Helvetica, 
Arial, sans-serif; font-size: 14px; line-height: 1.5; color: var(--color-text-primary, #1a1a1a); background: 
var(--color-background-primary, #ffffff); padding: 20px 22px; width: 100%; max-width: none; min-width: 0px; 
box-sizing: border-box; --mutant-accent: #1f7a3f; --mutant-accent-text: #ffffff; --mutant-error-bg: #fdecea; 
--mutant-error-border: #f5c6cb; --mutant-error-text: #7f1d1d; --mutant-drop-active: #f0fff4;"[39m
    [36m>[39m
      [36m<main[39m
        [33mstyle[39m=[32m"display: grid; grid-template-columns: minmax(0, 1fr); width: 100%; max-width: none; 
min-width: 0px; box-sizing: border-box;"[39m
      [36m>[39m
        [36m<h1[39m
          [33mstyle[39m=[32m"font-size: 17px; font-weight: 600; margin: 0px 0px 4px;"[39m
        [36m>[39m
          [0mAdd your DNA data[0m
        [36m</h1>[39m
        [36m<div[39m
          [33mrole[39m=[32m"status"[39m
          [33mstyle[39m=[32m"background: var(--color-background-secondary, #f5f7f6); border: 1px solid 
var(--color-border-secondary, #ced4da); border-radius: 8px; padding: 12px 14px; margin: 0px 0px 14px; font-size: 13px; 
width: 100%; max-width: none; min-width: 0px; box-sizing: border-box;"[39m
        [36m>[39m
          [36m<p[39m
            [33mstyle[39m=[32m"margin: 0px 0px 4px; font-weight: 600;"[39m
          [36m>[39m
            [0mDNA data is already on file[0m
          [36m</p>[39m
          [36m<p[39m
            [33mstyle[39m=[32m"margin: 0px; color: var(--color-text-secondary, #5f6368);"[39m
          [36m>[39m
            [0mYou can ask ChatGPT about your Mutant analysis. Importing another file replaces it.[0m
          [36m</p>[39m
        [36m</div>[39m
        [36m<div[39m
          [33mstyle[39m=[32m"border-radius: 10px; padding: 26px 20px; text-align: center; background: 
var(--color-background-secondary, #fafbfc); width: 100%; max-width: none; min-width: 0px; box-sizing: border-box; 
border-color: var(--color-border-secondary, #ced4da);"[39m
        [36m>[39m
          [36m<p[39m
            [33mstyle[39m=[32m"margin: 0px 0px 4px; font-weight: 600;"[39m
          [36m>[39m
            [0mDrag and drop your DNA file here[0m
          [36m</p>[39m
          [36m<p[39m
            [33mstyle[39m=[32m"margin: 0px 0px 16px; font-size: 13px; color: var(--color-text-secondary, 
#5f6368);"[39m
          [36m>[39m
            [0mAccepted formats: .txt (23andMe, AncestryDNA), .vcf, and .vcf.gz[0m
          [36m</p>[39m
          [36m<button[39m
            [33mstyle[39m=[32m"display: inline-block; background: var(--mutant-accent, #1f7a3f); color: 
var(--mutant-accent-text, #ffffff); border: medium; border-radius: 8px; padding: 10px 18px; font-size: 14px; 
font-weight: 600; cursor: pointer;"[39m
            [33mtype[39m=[32m"button"[39m
          [36m>[39m
            [0mChoose DNA file[0m
          [36m</button>[39m
        [36m</div>[39m
        [36m<div[39m
          [33mstyle[39m=[32m"background: var(--color-background-secondary, #f0f9f0); border: 1px solid 
var(--color-border-secondary, #cdeacd); border-radius: 8px; padding: 12px 14px; margin: 16px 0px; font-size: 13px; 
width: 100%; max-width: none; min-width: 0px; box-sizing: border-box;"[39m
        [36m>[39m
          [36m<p[39m
            [33mstyle[39m=[32m"margin: 0px 0px 4px; font-weight: 600;"[39m
          [36m>[39m
            [0mYour raw DNA file is processed locally.[0m
          [36m</p>[39m
          [36m<p[39m
            [33mstyle[39m=[32m"margin: 0px; color: var(--color-text-secondary, #5f6368);"[39m
          [36m>[39m
            [0mOnly variants used by Mutant are submitted[0m
            [0m (2 markers in the Mutant panel)[0m
            [0m. Your file is never uploaded or stored by Mutant.[0m
          [36m</p>[39m
        [36m</div>[39m
        [36m<p[39m
          [33mstyle[39m=[32m"margin: 0px 0px 12px; font-size: 13px; color: var(--color-text-secondary, 
#5f6368);"[39m
        [36m>[39m
          [0mGenerating your analysis usually takes about 2ΓÇô3 minutes.[0m
        [36m</p>[39m
        [36m<input[39m
          [33maccept[39m=[32m".txt,.vcf,.gz,.bgz"[39m
          [33mstyle[39m=[32m"display: none;"[39m
          [33mtype[39m=[32m"file"[39m
        [36m/>[39m
      [36m</main>[39m
    [36m</div>[39m
  [36m</div>[39m
[36m</body>[39m
 Γ¥» waitForWrapper node_modules/@testing-library/dom/dist/wait-for.js:163:27
 Γ¥» node_modules/@testing-library/dom/dist/query-helpers.js:86:33
 Γ¥» tests/dna-import-ui.test.tsx:620:18
    618|     const bridge = renderWith({ get_analysis_status: statusResponse("rΓÇª
    619|
    620|     await screen.findByText(/Analysis ready/i);
       |                  ^
    621|     fireEvent.click(screen.getByRole("button", { name: /view my top 3 ΓÇª
    622|     await screen.findByText(/Alpha finding/i);

ΓÄ»ΓÄ»ΓÄ»ΓÄ»ΓÄ»ΓÄ»ΓÄ»ΓÄ»ΓÄ»ΓÄ»ΓÄ»ΓÄ»ΓÄ»ΓÄ»ΓÄ»ΓÄ»ΓÄ»ΓÄ»ΓÄ»ΓÄ»ΓÄ»ΓÄ»[21/55]ΓÄ»

 FAIL  tests/dna-import-ui.test.tsx > DNA import component > renders state-aware prompt chips and sends one on click
TestingLibraryElementError: Unable to find an element with the text: /Analysis ready/i. This could be because the text 
is broken up by multiple elements. In this case, you can provide a function for your text matcher to make your matcher 
more flexible.

Ignored nodes: comments, script, style
[36m<body>[39m
  [36m<div>[39m
    [36m<div[39m
      [33mstyle[39m=[32m"font-family: ui-sans-serif, system-ui, -apple-system, \"Segoe UI\", Roboto, Helvetica, 
Arial, sans-serif; font-size: 14px; line-height: 1.5; color: var(--color-text-primary, #1a1a1a); background: 
var(--color-background-primary, #ffffff); padding: 20px 22px; width: 100%; max-width: none; min-width: 0px; 
box-sizing: border-box; --mutant-accent: #1f7a3f; --mutant-accent-text: #ffffff; --mutant-error-bg: #fdecea; 
--mutant-error-border: #f5c6cb; --mutant-error-text: #7f1d1d; --mutant-drop-active: #f0fff4;"[39m
    [36m>[39m
      [36m<main[39m
        [33mstyle[39m=[32m"display: grid; grid-template-columns: minmax(0, 1fr); width: 100%; max-width: none; 
min-width: 0px; box-sizing: border-box;"[39m
      [36m>[39m
        [36m<h1[39m
          [33mstyle[39m=[32m"font-size: 17px; font-weight: 600; margin: 0px 0px 4px;"[39m
        [36m>[39m
          [0mAdd your DNA data[0m
        [36m</h1>[39m
        [36m<div[39m
          [33mrole[39m=[32m"status"[39m
          [33mstyle[39m=[32m"background: var(--color-background-secondary, #f5f7f6); border: 1px solid 
var(--color-border-secondary, #ced4da); border-radius: 8px; padding: 12px 14px; margin: 0px 0px 14px; font-size: 13px; 
width: 100%; max-width: none; min-width: 0px; box-sizing: border-box;"[39m
        [36m>[39m
          [36m<p[39m
            [33mstyle[39m=[32m"margin: 0px 0px 4px; font-weight: 600;"[39m
          [36m>[39m
            [0mDNA data is already on file[0m
          [36m</p>[39m
          [36m<p[39m
            [33mstyle[39m=[32m"margin: 0px; color: var(--color-text-secondary, #5f6368);"[39m
          [36m>[39m
            [0mYou can ask ChatGPT about your Mutant analysis. Importing another file replaces it.[0m
          [36m</p>[39m
        [36m</div>[39m
        [36m<div[39m
          [33mstyle[39m=[32m"border-radius: 10px; padding: 26px 20px; text-align: center; background: 
var(--color-background-secondary, #fafbfc); width: 100%; max-width: none; min-width: 0px; box-sizing: border-box; 
border-color: var(--color-border-secondary, #ced4da);"[39m
        [36m>[39m
          [36m<p[39m
            [33mstyle[39m=[32m"margin: 0px 0px 4px; font-weight: 600;"[39m
          [36m>[39m
            [0mDrag and drop your DNA file here[0m
          [36m</p>[39m
          [36m<p[39m
            [33mstyle[39m=[32m"margin: 0px 0px 16px; font-size: 13px; color: var(--color-text-secondary, 
#5f6368);"[39m
          [36m>[39m
            [0mAccepted formats: .txt (23andMe, AncestryDNA), .vcf, and .vcf.gz[0m
          [36m</p>[39m
          [36m<button[39m
            [33mstyle[39m=[32m"display: inline-block; background: var(--mutant-accent, #1f7a3f); color: 
var(--mutant-accent-text, #ffffff); border: medium; border-radius: 8px; padding: 10px 18px; font-size: 14px; 
font-weight: 600; cursor: pointer;"[39m
            [33mtype[39m=[32m"button"[39m
          [36m>[39m
            [0mChoose DNA file[0m
          [36m</button>[39m
        [36m</div>[39m
        [36m<div[39m
          [33mstyle[39m=[32m"background: var(--color-background-secondary, #f0f9f0); border: 1px solid 
var(--color-border-secondary, #cdeacd); border-radius: 8px; padding: 12px 14px; margin: 16px 0px; font-size: 13px; 
width: 100%; max-width: none; min-width: 0px; box-sizing: border-box;"[39m
        [36m>[39m
          [36m<p[39m
            [33mstyle[39m=[32m"margin: 0px 0px 4px; font-weight: 600;"[39m
          [36m>[39m
            [0mYour raw DNA file is processed locally.[0m
          [36m</p>[39m
          [36m<p[39m
            [33mstyle[39m=[32m"margin: 0px; color: var(--color-text-secondary, #5f6368);"[39m
          [36m>[39m
            [0mOnly variants used by Mutant are submitted[0m
            [0m (2 markers in the Mutant panel)[0m
            [0m. Your file is never uploaded or stored by Mutant.[0m
          [36m</p>[39m
        [36m</div>[39m
        [36m<p[39m
          [33mstyle[39m=[32m"margin: 0px 0px 12px; font-size: 13px; color: var(--color-text-secondary, 
#5f6368);"[39m
        [36m>[39m
          [0mGenerating your analysis usually takes about 2ΓÇô3 minutes.[0m
        [36m</p>[39m
        [36m<input[39m
          [33maccept[39m=[32m".txt,.vcf,.gz,.bgz"[39m
          [33mstyle[39m=[32m"display: none;"[39m
          [33mtype[39m=[32m"file"[39m
        [36m/>[39m
      [36m</main>[39m
    [36m</div>[39m
  [36m</div>[39m
[36m</body>[39m

Ignored nodes: comments, script, style
[36m<body>[39m
  [36m<div>[39m
    [36m<div[39m
      [33mstyle[39m=[32m"font-family: ui-sans-serif, system-ui, -apple-system, \"Segoe UI\", Roboto, Helvetica, 
Arial, sans-serif; font-size: 14px; line-height: 1.5; color: var(--color-text-primary, #1a1a1a); background: 
var(--color-background-primary, #ffffff); padding: 20px 22px; width: 100%; max-width: none; min-width: 0px; 
box-sizing: border-box; --mutant-accent: #1f7a3f; --mutant-accent-text: #ffffff; --mutant-error-bg: #fdecea; 
--mutant-error-border: #f5c6cb; --mutant-error-text: #7f1d1d; --mutant-drop-active: #f0fff4;"[39m
    [36m>[39m
      [36m<main[39m
        [33mstyle[39m=[32m"display: grid; grid-template-columns: minmax(0, 1fr); width: 100%; max-width: none; 
min-width: 0px; box-sizing: border-box;"[39m
      [36m>[39m
        [36m<h1[39m
          [33mstyle[39m=[32m"font-size: 17px; font-weight: 600; margin: 0px 0px 4px;"[39m
        [36m>[39m
          [0mAdd your DNA data[0m
        [36m</h1>[39m
        [36m<div[39m
          [33mrole[39m=[32m"status"[39m
          [33mstyle[39m=[32m"background: var(--color-background-secondary, #f5f7f6); border: 1px solid 
var(--color-border-secondary, #ced4da); border-radius: 8px; padding: 12px 14px; margin: 0px 0px 14px; font-size: 13px; 
width: 100%; max-width: none; min-width: 0px; box-sizing: border-box;"[39m
        [36m>[39m
          [36m<p[39m
            [33mstyle[39m=[32m"margin: 0px 0px 4px; font-weight: 600;"[39m
          [36m>[39m
            [0mDNA data is already on file[0m
          [36m</p>[39m
          [36m<p[39m
            [33mstyle[39m=[32m"margin: 0px; color: var(--color-text-secondary, #5f6368);"[39m
          [36m>[39m
            [0mYou can ask ChatGPT about your Mutant analysis. Importing another file replaces it.[0m
          [36m</p>[39m
        [36m</div>[39m
        [36m<div[39m
          [33mstyle[39m=[32m"border-radius: 10px; padding: 26px 20px; text-align: center; background: 
var(--color-background-secondary, #fafbfc); width: 100%; max-width: none; min-width: 0px; box-sizing: border-box; 
border-color: var(--color-border-secondary, #ced4da);"[39m
        [36m>[39m
          [36m<p[39m
            [33mstyle[39m=[32m"margin: 0px 0px 4px; font-weight: 600;"[39m
          [36m>[39m
            [0mDrag and drop your DNA file here[0m
          [36m</p>[39m
          [36m<p[39m
            [33mstyle[39m=[32m"margin: 0px 0px 16px; font-size: 13px; color: var(--color-text-secondary, 
#5f6368);"[39m
          [36m>[39m
            [0mAccepted formats: .txt (23andMe, AncestryDNA), .vcf, and .vcf.gz[0m
          [36m</p>[39m
          [36m<button[39m
            [33mstyle[39m=[32m"display: inline-block; background: var(--mutant-accent, #1f7a3f); color: 
var(--mutant-accent-text, #ffffff); border: medium; border-radius: 8px; padding: 10px 18px; font-size: 14px; 
font-weight: 600; cursor: pointer;"[39m
            [33mtype[39m=[32m"button"[39m
          [36m>[39m
            [0mChoose DNA file[0m
          [36m</button>[39m
        [36m</div>[39m
        [36m<div[39m
          [33mstyle[39m=[32m"background: var(--color-background-secondary, #f0f9f0); border: 1px solid 
var(--color-border-secondary, #cdeacd); border-radius: 8px; padding: 12px 14px; margin: 16px 0px; font-size: 13px; 
width: 100%; max-width: none; min-width: 0px; box-sizing: border-box;"[39m
        [36m>[39m
          [36m<p[39m
            [33mstyle[39m=[32m"margin: 0px 0px 4px; font-weight: 600;"[39m
          [36m>[39m
            [0mYour raw DNA file is processed locally.[0m
          [36m</p>[39m
          [36m<p[39m
            [33mstyle[39m=[32m"margin: 0px; color: var(--color-text-secondary, #5f6368);"[39m
          [36m>[39m
            [0mOnly variants used by Mutant are submitted[0m
            [0m (2 markers in the Mutant panel)[0m
            [0m. Your file is never uploaded or stored by Mutant.[0m
          [36m</p>[39m
        [36m</div>[39m
        [36m<p[39m
          [33mstyle[39m=[32m"margin: 0px 0px 12px; font-size: 13px; color: var(--color-text-secondary, 
#5f6368);"[39m
        [36m>[39m
          [0mGenerating your analysis usually takes about 2ΓÇô3 minutes.[0m
        [36m</p>[39m
        [36m<input[39m
          [33maccept[39m=[32m".txt,.vcf,.gz,.bgz"[39m
          [33mstyle[39m=[32m"display: none;"[39m
          [33mtype[39m=[32m"file"[39m
        [36m/>[39m
      [36m</main>[39m
    [36m</div>[39m
  [36m</div>[39m
[36m</body>[39m
 Γ¥» waitForWrapper node_modules/@testing-library/dom/dist/wait-for.js:163:27
 Γ¥» node_modules/@testing-library/dom/dist/query-helpers.js:86:33
 Γ¥» tests/dna-import-ui.test.tsx:669:18
    667|     });
    668|
    669|     await screen.findByText(/Analysis ready/i);
       |                  ^
    670|     fireEvent.click(screen.getByRole("button", { name: /view my top 3 ΓÇª
    671|     await screen.findByText(/Alpha finding/i);

ΓÄ»ΓÄ»ΓÄ»ΓÄ»ΓÄ»ΓÄ»ΓÄ»ΓÄ»ΓÄ»ΓÄ»ΓÄ»ΓÄ»ΓÄ»ΓÄ»ΓÄ»ΓÄ»ΓÄ»ΓÄ»ΓÄ»ΓÄ»ΓÄ»ΓÄ»[22/55]ΓÄ»

 FAIL  tests/dna-import-ui.test.tsx > DNA import component > opens the overview route with findings and hints already 
visible
TestingLibraryElementError: Unable to find an element with the text: /Alpha finding/i. This could be because the text 
is broken up by multiple elements. In this case, you can provide a function for your text matcher to make your matcher 
more flexible.

Ignored nodes: comments, script, style
[36m<body>[39m
  [36m<div>[39m
    [36m<div[39m
      [33mstyle[39m=[32m"font-family: ui-sans-serif, system-ui, -apple-system, \"Segoe UI\", Roboto, Helvetica, 
Arial, sans-serif; font-size: 14px; line-height: 1.5; color: var(--color-text-primary, #1a1a1a); background: 
var(--color-background-primary, #ffffff); padding: 20px 22px; width: 100%; max-width: none; min-width: 0px; 
box-sizing: border-box; --mutant-accent: #1f7a3f; --mutant-accent-text: #ffffff; --mutant-error-bg: #fdecea; 
--mutant-error-border: #f5c6cb; --mutant-error-text: #7f1d1d; --mutant-drop-active: #f0fff4;"[39m
    [36m>[39m
      [36m<main[39m
        [33mstyle[39m=[32m"display: grid; grid-template-columns: minmax(0, 1fr); width: 100%; max-width: none; 
min-width: 0px; box-sizing: border-box;"[39m
      [36m>[39m
        [36m<h1[39m
          [33mstyle[39m=[32m"font-size: 17px; font-weight: 600; margin: 0px 0px 4px;"[39m
        [36m>[39m
          [0mAdd your DNA data[0m
        [36m</h1>[39m
        [36m<div[39m
          [33mrole[39m=[32m"status"[39m
          [33mstyle[39m=[32m"background: var(--color-background-secondary, #f5f7f6); border: 1px solid 
var(--color-border-secondary, #ced4da); border-radius: 8px; padding: 12px 14px; margin: 0px 0px 14px; font-size: 13px; 
width: 100%; max-width: none; min-width: 0px; box-sizing: border-box;"[39m
        [36m>[39m
          [36m<p[39m
            [33mstyle[39m=[32m"margin: 0px 0px 4px; font-weight: 600;"[39m
          [36m>[39m
            [0mDNA data is already on file[0m
          [36m</p>[39m
          [36m<p[39m
            [33mstyle[39m=[32m"margin: 0px; color: var(--color-text-secondary, #5f6368);"[39m
          [36m>[39m
            [0mYou can ask ChatGPT about your Mutant analysis. Importing another file replaces it.[0m
          [36m</p>[39m
        [36m</div>[39m
        [36m<div[39m
          [33mstyle[39m=[32m"border-radius: 10px; padding: 26px 20px; text-align: center; background: 
var(--color-background-secondary, #fafbfc); width: 100%; max-width: none; min-width: 0px; box-sizing: border-box; 
border-color: var(--color-border-secondary, #ced4da);"[39m
        [36m>[39m
          [36m<p[39m
            [33mstyle[39m=[32m"margin: 0px 0px 4px; font-weight: 600;"[39m
          [36m>[39m
            [0mDrag and drop your DNA file here[0m
          [36m</p>[39m
          [36m<p[39m
            [33mstyle[39m=[32m"margin: 0px 0px 16px; font-size: 13px; color: var(--color-text-secondary, 
#5f6368);"[39m
          [36m>[39m
            [0mAccepted formats: .txt (23andMe, AncestryDNA), .vcf, and .vcf.gz[0m
          [36m</p>[39m
          [36m<button[39m
            [33mstyle[39m=[32m"display: inline-block; background: var(--mutant-accent, #1f7a3f); color: 
var(--mutant-accent-text, #ffffff); border: medium; border-radius: 8px; padding: 10px 18px; font-size: 14px; 
font-weight: 600; cursor: pointer;"[39m
            [33mtype[39m=[32m"button"[39m
          [36m>[39m
            [0mChoose DNA file[0m
          [36m</button>[39m
        [36m</div>[39m
        [36m<div[39m
          [33mstyle[39m=[32m"background: var(--color-background-secondary, #f0f9f0); border: 1px solid 
var(--color-border-secondary, #cdeacd); border-radius: 8px; padding: 12px 14px; margin: 16px 0px; font-size: 13px; 
width: 100%; max-width: none; min-width: 0px; box-sizing: border-box;"[39m
        [36m>[39m
          [36m<p[39m
            [33mstyle[39m=[32m"margin: 0px 0px 4px; font-weight: 600;"[39m
          [36m>[39m
            [0mYour raw DNA file is processed locally.[0m
          [36m</p>[39m
          [36m<p[39m
            [33mstyle[39m=[32m"margin: 0px; color: var(--color-text-secondary, #5f6368);"[39m
          [36m>[39m
            [0mOnly variants used by Mutant are submitted[0m
            [0m (2 markers in the Mutant panel)[0m
            [0m. Your file is never uploaded or stored by Mutant.[0m
          [36m</p>[39m
        [36m</div>[39m
        [36m<p[39m
          [33mstyle[39m=[32m"margin: 0px 0px 12px; font-size: 13px; color: var(--color-text-secondary, 
#5f6368);"[39m
        [36m>[39m
          [0mGenerating your analysis usually takes about 2ΓÇô3 minutes.[0m
        [36m</p>[39m
        [36m<input[39m
          [33maccept[39m=[32m".txt,.vcf,.gz,.bgz"[39m
          [33mstyle[39m=[32m"display: none;"[39m
          [33mtype[39m=[32m"file"[39m
        [36m/>[39m
      [36m</main>[39m
    [36m</div>[39m
  [36m</div>[39m
[36m</body>[39m

Ignored nodes: comments, script, style
[36m<body>[39m
  [36m<div>[39m
    [36m<div[39m
      [33mstyle[39m=[32m"font-family: ui-sans-serif, system-ui, -apple-system, \"Segoe UI\", Roboto, Helvetica, 
Arial, sans-serif; font-size: 14px; line-height: 1.5; color: var(--color-text-primary, #1a1a1a); background: 
var(--color-background-primary, #ffffff); padding: 20px 22px; width: 100%; max-width: none; min-width: 0px; 
box-sizing: border-box; --mutant-accent: #1f7a3f; --mutant-accent-text: #ffffff; --mutant-error-bg: #fdecea; 
--mutant-error-border: #f5c6cb; --mutant-error-text: #7f1d1d; --mutant-drop-active: #f0fff4;"[39m
    [36m>[39m
      [36m<main[39m
        [33mstyle[39m=[32m"display: grid; grid-template-columns: minmax(0, 1fr); width: 100%; max-width: none; 
min-width: 0px; box-sizing: border-box;"[39m
      [36m>[39m
        [36m<h1[39m
          [33mstyle[39m=[32m"font-size: 17px; font-weight: 600; margin: 0px 0px 4px;"[39m
        [36m>[39m
          [0mAdd your DNA data[0m
        [36m</h1>[39m
        [36m<div[39m
          [33mrole[39m=[32m"status"[39m
          [33mstyle[39m=[32m"background: var(--color-background-secondary, #f5f7f6); border: 1px solid 
var(--color-border-secondary, #ced4da); border-radius: 8px; padding: 12px 14px; margin: 0px 0px 14px; font-size: 13px; 
width: 100%; max-width: none; min-width: 0px; box-sizing: border-box;"[39m
        [36m>[39m
          [36m<p[39m
            [33mstyle[39m=[32m"margin: 0px 0px 4px; font-weight: 600;"[39m
          [36m>[39m
            [0mDNA data is already on file[0m
          [36m</p>[39m
          [36m<p[39m
            [33mstyle[39m=[32m"margin: 0px; color: var(--color-text-secondary, #5f6368);"[39m
          [36m>[39m
            [0mYou can ask ChatGPT about your Mutant analysis. Importing another file replaces it.[0m
          [36m</p>[39m
        [36m</div>[39m
        [36m<div[39m
          [33mstyle[39m=[32m"border-radius: 10px; padding: 26px 20px; text-align: center; background: 
var(--color-background-secondary, #fafbfc); width: 100%; max-width: none; min-width: 0px; box-sizing: border-box; 
border-color: var(--color-border-secondary, #ced4da);"[39m
        [36m>[39m
          [36m<p[39m
            [33mstyle[39m=[32m"margin: 0px 0px 4px; font-weight: 600;"[39m
          [36m>[39m
            [0mDrag and drop your DNA file here[0m
          [36m</p>[39m
          [36m<p[39m
            [33mstyle[39m=[32m"margin: 0px 0px 16px; font-size: 13px; color: var(--color-text-secondary, 
#5f6368);"[39m
          [36m>[39m
            [0mAccepted formats: .txt (23andMe, AncestryDNA), .vcf, and .vcf.gz[0m
          [36m</p>[39m
          [36m<button[39m
            [33mstyle[39m=[32m"display: inline-block; background: var(--mutant-accent, #1f7a3f); color: 
var(--mutant-accent-text, #ffffff); border: medium; border-radius: 8px; padding: 10px 18px; font-size: 14px; 
font-weight: 600; cursor: pointer;"[39m
            [33mtype[39m=[32m"button"[39m
          [36m>[39m
            [0mChoose DNA file[0m
          [36m</button>[39m
        [36m</div>[39m
        [36m<div[39m
          [33mstyle[39m=[32m"background: var(--color-background-secondary, #f0f9f0); border: 1px solid 
var(--color-border-secondary, #cdeacd); border-radius: 8px; padding: 12px 14px; margin: 16px 0px; font-size: 13px; 
width: 100%; max-width: none; min-width: 0px; box-sizing: border-box;"[39m
        [36m>[39m
          [36m<p[39m
            [33mstyle[39m=[32m"margin: 0px 0px 4px; font-weight: 600;"[39m
          [36m>[39m
            [0mYour raw DNA file is processed locally.[0m
          [36m</p>[39m
          [36m<p[39m
            [33mstyle[39m=[32m"margin: 0px; color: var(--color-text-secondary, #5f6368);"[39m
          [36m>[39m
            [0mOnly variants used by Mutant are submitted[0m
            [0m (2 markers in the Mutant panel)[0m
            [0m. Your file is never uploaded or stored by Mutant.[0m
          [36m</p>[39m
        [36m</div>[39m
        [36m<p[39m
          [33mstyle[39m=[32m"margin: 0px 0px 12px; font-size: 13px; color: var(--color-text-secondary, 
#5f6368);"[39m
        [36m>[39m
          [0mGenerating your analysis usually takes about 2ΓÇô3 minutes.[0m
        [36m</p>[39m
        [36m<input[39m
          [33maccept[39m=[32m".txt,.vcf,.gz,.bgz"[39m
          [33mstyle[39m=[32m"display: none;"[39m
          [33mtype[39m=[32m"file"[39m
        [36m/>[39m
      [36m</main>[39m
    [36m</div>[39m
  [36m</div>[39m
[36m</body>[39m
 Γ¥» waitForWrapper node_modules/@testing-library/dom/dist/wait-for.js:163:27
 Γ¥» node_modules/@testing-library/dom/dist/query-helpers.js:86:33
 Γ¥» tests/dna-import-ui.test.tsx:697:18
    695|     );
    696|
    697|     await screen.findByText(/Alpha finding/i);
       |                  ^
    698|     await screen.findByRole("button", { name: "Compare with my recordsΓÇª
    699|     expect(screen.queryByRole("button", { name: /view my top 3 findingΓÇª

ΓÄ»ΓÄ»ΓÄ»ΓÄ»ΓÄ»ΓÄ»ΓÄ»ΓÄ»ΓÄ»ΓÄ»ΓÄ»ΓÄ»ΓÄ»ΓÄ»ΓÄ»ΓÄ»ΓÄ»ΓÄ»ΓÄ»ΓÄ»ΓÄ»ΓÄ»[23/55]ΓÄ»

 FAIL  tests/dna-import-ui.test.tsx > DNA import component > opens findings when the host delivers the overview tool 
result
TestingLibraryElementError: Unable to find an element with the text: /Analysis ready/i. This could be because the text 
is broken up by multiple elements. In this case, you can provide a function for your text matcher to make your matcher 
more flexible.

Ignored nodes: comments, script, style
[36m<body>[39m
  [36m<div>[39m
    [36m<div[39m
      [33mstyle[39m=[32m"font-family: ui-sans-serif, system-ui, -apple-system, \"Segoe UI\", Roboto, Helvetica, 
Arial, sans-serif; font-size: 14px; line-height: 1.5; color: var(--color-text-primary, #1a1a1a); background: 
var(--color-background-primary, #ffffff); padding: 20px 22px; width: 100%; max-width: none; min-width: 0px; 
box-sizing: border-box; --mutant-accent: #1f7a3f; --mutant-accent-text: #ffffff; --mutant-error-bg: #fdecea; 
--mutant-error-border: #f5c6cb; --mutant-error-text: #7f1d1d; --mutant-drop-active: #f0fff4;"[39m
    [36m>[39m
      [36m<main[39m
        [33mstyle[39m=[32m"display: grid; grid-template-columns: minmax(0, 1fr); width: 100%; max-width: none; 
min-width: 0px; box-sizing: border-box;"[39m
      [36m>[39m
        [36m<h1[39m
          [33mstyle[39m=[32m"font-size: 17px; font-weight: 600; margin: 0px 0px 4px;"[39m
        [36m>[39m
          [0mAdd your DNA data[0m
        [36m</h1>[39m
        [36m<div[39m
          [33mrole[39m=[32m"status"[39m
          [33mstyle[39m=[32m"background: var(--color-background-secondary, #f5f7f6); border: 1px solid 
var(--color-border-secondary, #ced4da); border-radius: 8px; padding: 12px 14px; margin: 0px 0px 14px; font-size: 13px; 
width: 100%; max-width: none; min-width: 0px; box-sizing: border-box;"[39m
        [36m>[39m
          [36m<p[39m
            [33mstyle[39m=[32m"margin: 0px 0px 4px; font-weight: 600;"[39m
          [36m>[39m
            [0mDNA data is already on file[0m
          [36m</p>[39m
          [36m<p[39m
            [33mstyle[39m=[32m"margin: 0px; color: var(--color-text-secondary, #5f6368);"[39m
          [36m>[39m
            [0mYou can ask ChatGPT about your Mutant analysis. Importing another file replaces it.[0m
          [36m</p>[39m
        [36m</div>[39m
        [36m<div[39m
          [33mstyle[39m=[32m"border-radius: 10px; padding: 26px 20px; text-align: center; background: 
var(--color-background-secondary, #fafbfc); width: 100%; max-width: none; min-width: 0px; box-sizing: border-box; 
border-color: var(--color-border-secondary, #ced4da);"[39m
        [36m>[39m
          [36m<p[39m
            [33mstyle[39m=[32m"margin: 0px 0px 4px; font-weight: 600;"[39m
          [36m>[39m
            [0mDrag and drop your DNA file here[0m
          [36m</p>[39m
          [36m<p[39m
            [33mstyle[39m=[32m"margin: 0px 0px 16px; font-size: 13px; color: var(--color-text-secondary, 
#5f6368);"[39m
          [36m>[39m
            [0mAccepted formats: .txt (23andMe, AncestryDNA), .vcf, and .vcf.gz[0m
          [36m</p>[39m
          [36m<button[39m
            [33mstyle[39m=[32m"display: inline-block; background: var(--mutant-accent, #1f7a3f); color: 
var(--mutant-accent-text, #ffffff); border: medium; border-radius: 8px; padding: 10px 18px; font-size: 14px; 
font-weight: 600; cursor: pointer;"[39m
            [33mtype[39m=[32m"button"[39m
          [36m>[39m
            [0mChoose DNA file[0m
          [36m</button>[39m
        [36m</div>[39m
        [36m<div[39m
          [33mstyle[39m=[32m"background: var(--color-background-secondary, #f0f9f0); border: 1px solid 
var(--color-border-secondary, #cdeacd); border-radius: 8px; padding: 12px 14px; margin: 16px 0px; font-size: 13px; 
width: 100%; max-width: none; min-width: 0px; box-sizing: border-box;"[39m
        [36m>[39m
          [36m<p[39m
            [33mstyle[39m=[32m"margin: 0px 0px 4px; font-weight: 600;"[39m
          [36m>[39m
            [0mYour raw DNA file is processed locally.[0m
          [36m</p>[39m
          [36m<p[39m
            [33mstyle[39m=[32m"margin: 0px; color: var(--color-text-secondary, #5f6368);"[39m
          [36m>[39m
            [0mOnly variants used by Mutant are submitted[0m
            [0m (2 markers in the Mutant panel)[0m
            [0m. Your file is never uploaded or stored by Mutant.[0m
          [36m</p>[39m
        [36m</div>[39m
        [36m<p[39m
          [33mstyle[39m=[32m"margin: 0px 0px 12px; font-size: 13px; color: var(--color-text-secondary, 
#5f6368);"[39m
        [36m>[39m
          [0mGenerating your analysis usually takes about 2ΓÇô3 minutes.[0m
        [36m</p>[39m
        [36m<input[39m
          [33maccept[39m=[32m".txt,.vcf,.gz,.bgz"[39m
          [33mstyle[39m=[32m"display: none;"[39m
          [33mtype[39m=[32m"file"[39m
        [36m/>[39m
      [36m</main>[39m
    [36m</div>[39m
  [36m</div>[39m
[36m</body>[39m

Ignored nodes: comments, script, style
[36m<body>[39m
  [36m<div>[39m
    [36m<div[39m
      [33mstyle[39m=[32m"font-family: ui-sans-serif, system-ui, -apple-system, \"Segoe UI\", Roboto, Helvetica, 
Arial, sans-serif; font-size: 14px; line-height: 1.5; color: var(--color-text-primary, #1a1a1a); background: 
var(--color-background-primary, #ffffff); padding: 20px 22px; width: 100%; max-width: none; min-width: 0px; 
box-sizing: border-box; --mutant-accent: #1f7a3f; --mutant-accent-text: #ffffff; --mutant-error-bg: #fdecea; 
--mutant-error-border: #f5c6cb; --mutant-error-text: #7f1d1d; --mutant-drop-active: #f0fff4;"[39m
    [36m>[39m
      [36m<main[39m
        [33mstyle[39m=[32m"display: grid; grid-template-columns: minmax(0, 1fr); width: 100%; max-width: none; 
min-width: 0px; box-sizing: border-box;"[39m
      [36m>[39m
        [36m<h1[39m
          [33mstyle[39m=[32m"font-size: 17px; font-weight: 600; margin: 0px 0px 4px;"[39m
        [36m>[39m
          [0mAdd your DNA data[0m
        [36m</h1>[39m
        [36m<div[39m
          [33mrole[39m=[32m"status"[39m
          [33mstyle[39m=[32m"background: var(--color-background-secondary, #f5f7f6); border: 1px solid 
var(--color-border-secondary, #ced4da); border-radius: 8px; padding: 12px 14px; margin: 0px 0px 14px; font-size: 13px; 
width: 100%; max-width: none; min-width: 0px; box-sizing: border-box;"[39m
        [36m>[39m
          [36m<p[39m
            [33mstyle[39m=[32m"margin: 0px 0px 4px; font-weight: 600;"[39m
          [36m>[39m
            [0mDNA data is already on file[0m
          [36m</p>[39m
          [36m<p[39m
            [33mstyle[39m=[32m"margin: 0px; color: var(--color-text-secondary, #5f6368);"[39m
          [36m>[39m
            [0mYou can ask ChatGPT about your Mutant analysis. Importing another file replaces it.[0m
          [36m</p>[39m
        [36m</div>[39m
        [36m<div[39m
          [33mstyle[39m=[32m"border-radius: 10px; padding: 26px 20px; text-align: center; background: 
var(--color-background-secondary, #fafbfc); width: 100%; max-width: none; min-width: 0px; box-sizing: border-box; 
border-color: var(--color-border-secondary, #ced4da);"[39m
        [36m>[39m
          [36m<p[39m
            [33mstyle[39m=[32m"margin: 0px 0px 4px; font-weight: 600;"[39m
          [36m>[39m
            [0mDrag and drop your DNA file here[0m
          [36m</p>[39m
          [36m<p[39m
            [33mstyle[39m=[32m"margin: 0px 0px 16px; font-size: 13px; color: var(--color-text-secondary, 
#5f6368);"[39m
          [36m>[39m
            [0mAccepted formats: .txt (23andMe, AncestryDNA), .vcf, and .vcf.gz[0m
          [36m</p>[39m
          [36m<button[39m
            [33mstyle[39m=[32m"display: inline-block; background: var(--mutant-accent, #1f7a3f); color: 
var(--mutant-accent-text, #ffffff); border: medium; border-radius: 8px; padding: 10px 18px; font-size: 14px; 
font-weight: 600; cursor: pointer;"[39m
            [33mtype[39m=[32m"button"[39m
          [36m>[39m
            [0mChoose DNA file[0m
          [36m</button>[39m
        [36m</div>[39m
        [36m<div[39m
          [33mstyle[39m=[32m"background: var(--color-background-secondary, #f0f9f0); border: 1px solid 
var(--color-border-secondary, #cdeacd); border-radius: 8px; padding: 12px 14px; margin: 16px 0px; font-size: 13px; 
width: 100%; max-width: none; min-width: 0px; box-sizing: border-box;"[39m
        [36m>[39m
          [36m<p[39m
            [33mstyle[39m=[32m"margin: 0px 0px 4px; font-weight: 600;"[39m
          [36m>[39m
            [0mYour raw DNA file is processed locally.[0m
          [36m</p>[39m
          [36m<p[39m
            [33mstyle[39m=[32m"margin: 0px; color: var(--color-text-secondary, #5f6368);"[39m
          [36m>[39m
            [0mOnly variants used by Mutant are submitted[0m
            [0m (2 markers in the Mutant panel)[0m
            [0m. Your file is never uploaded or stored by Mutant.[0m
          [36m</p>[39m
        [36m</div>[39m
        [36m<p[39m
          [33mstyle[39m=[32m"margin: 0px 0px 12px; font-size: 13px; color: var(--color-text-secondary, 
#5f6368);"[39m
        [36m>[39m
          [0mGenerating your analysis usually takes about 2ΓÇô3 minutes.[0m
        [36m</p>[39m
        [36m<input[39m
          [33maccept[39m=[32m".txt,.vcf,.gz,.bgz"[39m
          [33mstyle[39m=[32m"display: none;"[39m
          [33mtype[39m=[32m"file"[39m
        [36m/>[39m
      [36m</main>[39m
    [36m</div>[39m
  [36m</div>[39m
[36m</body>[39m
 Γ¥» waitForWrapper node_modules/@testing-library/dom/dist/wait-for.js:163:27
 Γ¥» node_modules/@testing-library/dom/dist/query-helpers.js:86:33
 Γ¥» tests/dna-import-ui.test.tsx:707:18
    705|     const bridge = renderWith({ get_analysis_status: statusResponse("rΓÇª
    706|
    707|     await screen.findByText(/Analysis ready/i);
       |                  ^
    708|     bridge.sendToolResult(makeSuccessResponse({ ui_rendered: true, modΓÇª
    709|

ΓÄ»ΓÄ»ΓÄ»ΓÄ»ΓÄ»ΓÄ»ΓÄ»ΓÄ»ΓÄ»ΓÄ»ΓÄ»ΓÄ»ΓÄ»ΓÄ»ΓÄ»ΓÄ»ΓÄ»ΓÄ»ΓÄ»ΓÄ»ΓÄ»ΓÄ»[24/55]ΓÄ»

 FAIL  tests/dna-import-ui.test.tsx > DNA import component > surfaces an unmatched analysis error instead of the 
transient outage copy
TestingLibraryElementError: Unable to find an element with the text: /different scoring engine/i. This could be 
because the text is broken up by multiple elements. In this case, you can provide a function for your text matcher to 
make your matcher more flexible.

Ignored nodes: comments, script, style
[36m<body>[39m
  [36m<div>[39m
    [36m<div[39m
      [33mstyle[39m=[32m"font-family: ui-sans-serif, system-ui, -apple-system, \"Segoe UI\", Roboto, Helvetica, 
Arial, sans-serif; font-size: 14px; line-height: 1.5; color: var(--color-text-primary, #1a1a1a); background: 
var(--color-background-primary, #ffffff); padding: 20px 22px; width: 100%; max-width: none; min-width: 0px; 
box-sizing: border-box; --mutant-accent: #1f7a3f; --mutant-accent-text: #ffffff; --mutant-error-bg: #fdecea; 
--mutant-error-border: #f5c6cb; --mutant-error-text: #7f1d1d; --mutant-drop-active: #f0fff4;"[39m
    [36m>[39m
      [36m<main[39m
        [33mstyle[39m=[32m"display: grid; grid-template-columns: minmax(0, 1fr); width: 100%; max-width: none; 
min-width: 0px; box-sizing: border-box;"[39m
      [36m>[39m
        [36m<h1[39m
          [33mstyle[39m=[32m"font-size: 17px; font-weight: 600; margin: 0px 0px 4px;"[39m
        [36m>[39m
          [0mAdd your DNA data[0m
        [36m</h1>[39m
        [36m<div[39m
          [33mrole[39m=[32m"status"[39m
          [33mstyle[39m=[32m"background: var(--color-background-secondary, #f5f7f6); border: 1px solid 
var(--color-border-secondary, #ced4da); border-radius: 8px; padding: 12px 14px; margin: 0px 0px 14px; font-size: 13px; 
width: 100%; max-width: none; min-width: 0px; box-sizing: border-box;"[39m
        [36m>[39m
          [36m<p[39m
            [33mstyle[39m=[32m"margin: 0px 0px 4px; font-weight: 600;"[39m
          [36m>[39m
            [0mDNA data is already on file[0m
          [36m</p>[39m
          [36m<p[39m
            [33mstyle[39m=[32m"margin: 0px; color: var(--color-text-secondary, #5f6368);"[39m
          [36m>[39m
            [0mYou can ask ChatGPT about your Mutant analysis. Importing another file replaces it.[0m
          [36m</p>[39m
        [36m</div>[39m
        [36m<div[39m
          [33mstyle[39m=[32m"border-radius: 10px; padding: 26px 20px; text-align: center; background: 
var(--color-background-secondary, #fafbfc); width: 100%; max-width: none; min-width: 0px; box-sizing: border-box; 
border-color: var(--color-border-secondary, #ced4da);"[39m
        [36m>[39m
          [36m<p[39m
            [33mstyle[39m=[32m"margin: 0px 0px 4px; font-weight: 600;"[39m
          [36m>[39m
            [0mDrag and drop your DNA file here[0m
          [36m</p>[39m
          [36m<p[39m
            [33mstyle[39m=[32m"margin: 0px 0px 16px; font-size: 13px; color: var(--color-text-secondary, 
#5f6368);"[39m
          [36m>[39m
            [0mAccepted formats: .txt (23andMe, AncestryDNA), .vcf, and .vcf.gz[0m
          [36m</p>[39m
          [36m<button[39m
            [33mstyle[39m=[32m"display: inline-block; background: var(--mutant-accent, #1f7a3f); color: 
var(--mutant-accent-text, #ffffff); border: medium; border-radius: 8px; padding: 10px 18px; font-size: 14px; 
font-weight: 600; cursor: pointer;"[39m
            [33mtype[39m=[32m"button"[39m
          [36m>[39m
            [0mChoose DNA file[0m
          [36m</button>[39m
        [36m</div>[39m
        [36m<div[39m
          [33mstyle[39m=[32m"background: var(--color-background-secondary, #f0f9f0); border: 1px solid 
var(--color-border-secondary, #cdeacd); border-radius: 8px; padding: 12px 14px; margin: 16px 0px; font-size: 13px; 
width: 100%; max-width: none; min-width: 0px; box-sizing: border-box;"[39m
        [36m>[39m
          [36m<p[39m
            [33mstyle[39m=[32m"margin: 0px 0px 4px; font-weight: 600;"[39m
          [36m>[39m
            [0mYour raw DNA file is processed locally.[0m
          [36m</p>[39m
          [36m<p[39m
            [33mstyle[39m=[32m"margin: 0px; color: var(--color-text-secondary, #5f6368);"[39m
          [36m>[39m
            [0mOnly variants used by Mutant are submitted[0m
            [0m (2 markers in the Mutant panel)[0m
            [0m. Your file is never uploaded or stored by Mutant.[0m
          [36m</p>[39m
        [36m</div>[39m
        [36m<p[39m
          [33mstyle[39m=[32m"margin: 0px 0px 12px; font-size: 13px; color: var(--color-text-secondary, 
#5f6368);"[39m
        [36m>[39m
          [0mGenerating your analysis usually takes about 2ΓÇô3 minutes.[0m
        [36m</p>[39m
        [36m<input[39m
          [33maccept[39m=[32m".txt,.vcf,.gz,.bgz"[39m
          [33mstyle[39m=[32m"display: none;"[39m
          [33mtype[39m=[32m"file"[39m
        [36m/>[39m
      [36m</main>[39m
    [36m</div>[39m
  [36m</div>[39m
[36m</body>[39m

Ignored nodes: comments, script, style
[36m<body>[39m
  [36m<div>[39m
    [36m<div[39m
      [33mstyle[39m=[32m"font-family: ui-sans-serif, system-ui, -apple-system, \"Segoe UI\", Roboto, Helvetica, 
Arial, sans-serif; font-size: 14px; line-height: 1.5; color: var(--color-text-primary, #1a1a1a); background: 
var(--color-background-primary, #ffffff); padding: 20px 22px; width: 100%; max-width: none; min-width: 0px; 
box-sizing: border-box; --mutant-accent: #1f7a3f; --mutant-accent-text: #ffffff; --mutant-error-bg: #fdecea; 
--mutant-error-border: #f5c6cb; --mutant-error-text: #7f1d1d; --mutant-drop-active: #f0fff4;"[39m
    [36m>[39m
      [36m<main[39m
        [33mstyle[39m=[32m"display: grid; grid-template-columns: minmax(0, 1fr); width: 100%; max-width: none; 
min-width: 0px; box-sizing: border-box;"[39m
      [36m>[39m
        [36m<h1[39m
          [33mstyle[39m=[32m"font-size: 17px; font-weight: 600; margin: 0px 0px 4px;"[39m
        [36m>[39m
          [0mAdd your DNA data[0m
        [36m</h1>[39m
        [36m<div[39m
          [33mrole[39m=[32m"status"[39m
          [33mstyle[39m=[32m"background: var(--color-background-secondary, #f5f7f6); border: 1px solid 
var(--color-border-secondary, #ced4da); border-radius: 8px; padding: 12px 14px; margin: 0px 0px 14px; font-size: 13px; 
width: 100%; max-width: none; min-width: 0px; box-sizing: border-box;"[39m
        [36m>[39m
          [36m<p[39m
            [33mstyle[39m=[32m"margin: 0px 0px 4px; font-weight: 600;"[39m
          [36m>[39m
            [0mDNA data is already on file[0m
          [36m</p>[39m
          [36m<p[39m
            [33mstyle[39m=[32m"margin: 0px; color: var(--color-text-secondary, #5f6368);"[39m
          [36m>[39m
            [0mYou can ask ChatGPT about your Mutant analysis. Importing another file replaces it.[0m
          [36m</p>[39m
        [36m</div>[39m
        [36m<div[39m
          [33mstyle[39m=[32m"border-radius: 10px; padding: 26px 20px; text-align: center; background: 
var(--color-background-secondary, #fafbfc); width: 100%; max-width: none; min-width: 0px; box-sizing: border-box; 
border-color: var(--color-border-secondary, #ced4da);"[39m
        [36m>[39m
          [36m<p[39m
            [33mstyle[39m=[32m"margin: 0px 0px 4px; font-weight: 600;"[39m
          [36m>[39m
            [0mDrag and drop your DNA file here[0m
          [36m</p>[39m
          [36m<p[39m
            [33mstyle[39m=[32m"margin: 0px 0px 16px; font-size: 13px; color: var(--color-text-secondary, 
#5f6368);"[39m
          [36m>[39m
            [0mAccepted formats: .txt (23andMe, AncestryDNA), .vcf, and .vcf.gz[0m
          [36m</p>[39m
          [36m<button[39m
            [33mstyle[39m=[32m"display: inline-block; background: var(--mutant-accent, #1f7a3f); color: 
var(--mutant-accent-text, #ffffff); border: medium; border-radius: 8px; padding: 10px 18px; font-size: 14px; 
font-weight: 600; cursor: pointer;"[39m
            [33mtype[39m=[32m"button"[39m
          [36m>[39m
            [0mChoose DNA file[0m
          [36m</button>[39m
        [36m</div>[39m
        [36m<div[39m
          [33mstyle[39m=[32m"background: var(--color-background-secondary, #f0f9f0); border: 1px solid 
var(--color-border-secondary, #cdeacd); border-radius: 8px; padding: 12px 14px; margin: 16px 0px; font-size: 13px; 
width: 100%; max-width: none; min-width: 0px; box-sizing: border-box;"[39m
        [36m>[39m
          [36m<p[39m
            [33mstyle[39m=[32m"margin: 0px 0px 4px; font-weight: 600;"[39m
          [36m>[39m
            [0mYour raw DNA file is processed locally.[0m
          [36m</p>[39m
          [36m<p[39m
            [33mstyle[39m=[32m"margin: 0px; color: var(--color-text-secondary, #5f6368);"[39m
          [36m>[39m
            [0mOnly variants used by Mutant are submitted[0m
            [0m (2 markers in the Mutant panel)[0m
            [0m. Your file is never uploaded or stored by Mutant.[0m
          [36m</p>[39m
        [36m</div>[39m
        [36m<p[39m
          [33mstyle[39m=[32m"margin: 0px 0px 12px; font-size: 13px; color: var(--color-text-secondary, 
#5f6368);"[39m
        [36m>[39m
          [0mGenerating your analysis usually takes about 2ΓÇô3 minutes.[0m
        [36m</p>[39m
        [36m<input[39m
          [33maccept[39m=[32m".txt,.vcf,.gz,.bgz"[39m
          [33mstyle[39m=[32m"display: none;"[39m
          [33mtype[39m=[32m"file"[39m
        [36m/>[39m
      [36m</main>[39m
    [36m</div>[39m
  [36m</div>[39m
[36m</body>[39m
 Γ¥» waitForWrapper node_modules/@testing-library/dom/dist/wait-for.js:163:27
 Γ¥» node_modules/@testing-library/dom/dist/query-helpers.js:86:33
 Γ¥» tests/dna-import-ui.test.tsx:727:18
    725|     );
    726|
    727|     await screen.findByText(/different scoring engine/i);
       |                  ^
    728|     expect(screen.queryByText(/temporarily unavailable/i)).toBeNull();
    729|   });

ΓÄ»ΓÄ»ΓÄ»ΓÄ»ΓÄ»ΓÄ»ΓÄ»ΓÄ»ΓÄ»ΓÄ»ΓÄ»ΓÄ»ΓÄ»ΓÄ»ΓÄ»ΓÄ»ΓÄ»ΓÄ»ΓÄ»ΓÄ»ΓÄ»ΓÄ»[25/55]ΓÄ»

 FAIL  tests/dna-import-ui.test.tsx > DNA import component > offers record comparison and the Full upgrade only to 
Free accounts
TestingLibraryElementError: Unable to find an element with the text: /Analysis ready/i. This could be because the text 
is broken up by multiple elements. In this case, you can provide a function for your text matcher to make your matcher 
more flexible.

Ignored nodes: comments, script, style
[36m<body>[39m
  [36m<div>[39m
    [36m<div[39m
      [33mstyle[39m=[32m"font-family: ui-sans-serif, system-ui, -apple-system, \"Segoe UI\", Roboto, Helvetica, 
Arial, sans-serif; font-size: 14px; line-height: 1.5; color: var(--color-text-primary, #1a1a1a); background: 
var(--color-background-primary, #ffffff); padding: 20px 22px; width: 100%; max-width: none; min-width: 0px; 
box-sizing: border-box; --mutant-accent: #1f7a3f; --mutant-accent-text: #ffffff; --mutant-error-bg: #fdecea; 
--mutant-error-border: #f5c6cb; --mutant-error-text: #7f1d1d; --mutant-drop-active: #f0fff4;"[39m
    [36m>[39m
      [36m<main[39m
        [33mstyle[39m=[32m"display: grid; grid-template-columns: minmax(0, 1fr); width: 100%; max-width: none; 
min-width: 0px; box-sizing: border-box;"[39m
      [36m>[39m
        [36m<h1[39m
          [33mstyle[39m=[32m"font-size: 17px; font-weight: 600; margin: 0px 0px 4px;"[39m
        [36m>[39m
          [0mAdd your DNA data[0m
        [36m</h1>[39m
        [36m<div[39m
          [33mrole[39m=[32m"status"[39m
          [33mstyle[39m=[32m"background: var(--color-background-secondary, #f5f7f6); border: 1px solid 
var(--color-border-secondary, #ced4da); border-radius: 8px; padding: 12px 14px; margin: 0px 0px 14px; font-size: 13px; 
width: 100%; max-width: none; min-width: 0px; box-sizing: border-box;"[39m
        [36m>[39m
          [36m<p[39m
            [33mstyle[39m=[32m"margin: 0px 0px 4px; font-weight: 600;"[39m
          [36m>[39m
            [0mDNA data is already on file[0m
          [36m</p>[39m
          [36m<p[39m
            [33mstyle[39m=[32m"margin: 0px; color: var(--color-text-secondary, #5f6368);"[39m
          [36m>[39m
            [0mYou can ask ChatGPT about your Mutant analysis. Importing another file replaces it.[0m
          [36m</p>[39m
        [36m</div>[39m
        [36m<div[39m
          [33mstyle[39m=[32m"border-radius: 10px; padding: 26px 20px; text-align: center; background: 
var(--color-background-secondary, #fafbfc); width: 100%; max-width: none; min-width: 0px; box-sizing: border-box; 
border-color: var(--color-border-secondary, #ced4da);"[39m
        [36m>[39m
          [36m<p[39m
            [33mstyle[39m=[32m"margin: 0px 0px 4px; font-weight: 600;"[39m
          [36m>[39m
            [0mDrag and drop your DNA file here[0m
          [36m</p>[39m
          [36m<p[39m
            [33mstyle[39m=[32m"margin: 0px 0px 16px; font-size: 13px; color: var(--color-text-secondary, 
#5f6368);"[39m
          [36m>[39m
            [0mAccepted formats: .txt (23andMe, AncestryDNA), .vcf, and .vcf.gz[0m
          [36m</p>[39m
          [36m<button[39m
            [33mstyle[39m=[32m"display: inline-block; background: var(--mutant-accent, #1f7a3f); color: 
var(--mutant-accent-text, #ffffff); border: medium; border-radius: 8px; padding: 10px 18px; font-size: 14px; 
font-weight: 600; cursor: pointer;"[39m
            [33mtype[39m=[32m"button"[39m
          [36m>[39m
            [0mChoose DNA file[0m
          [36m</button>[39m
        [36m</div>[39m
        [36m<div[39m
          [33mstyle[39m=[32m"background: var(--color-background-secondary, #f0f9f0); border: 1px solid 
var(--color-border-secondary, #cdeacd); border-radius: 8px; padding: 12px 14px; margin: 16px 0px; font-size: 13px; 
width: 100%; max-width: none; min-width: 0px; box-sizing: border-box;"[39m
        [36m>[39m
          [36m<p[39m
            [33mstyle[39m=[32m"margin: 0px 0px 4px; font-weight: 600;"[39m
          [36m>[39m
            [0mYour raw DNA file is processed locally.[0m
          [36m</p>[39m
          [36m<p[39m
            [33mstyle[39m=[32m"margin: 0px; color: var(--color-text-secondary, #5f6368);"[39m
          [36m>[39m
            [0mOnly variants used by Mutant are submitted[0m
            [0m (2 markers in the Mutant panel)[0m
            [0m. Your file is never uploaded or stored by Mutant.[0m
          [36m</p>[39m
        [36m</div>[39m
        [36m<p[39m
          [33mstyle[39m=[32m"margin: 0px 0px 12px; font-size: 13px; color: var(--color-text-secondary, 
#5f6368);"[39m
        [36m>[39m
          [0mGenerating your analysis usually takes about 2ΓÇô3 minutes.[0m
        [36m</p>[39m
        [36m<input[39m
          [33maccept[39m=[32m".txt,.vcf,.gz,.bgz"[39m
          [33mstyle[39m=[32m"display: none;"[39m
          [33mtype[39m=[32m"file"[39m
        [36m/>[39m
      [36m</main>[39m
    [36m</div>[39m
  [36m</div>[39m
[36m</body>[39m

Ignored nodes: comments, script, style
[36m<body>[39m
  [36m<div>[39m
    [36m<div[39m
      [33mstyle[39m=[32m"font-family: ui-sans-serif, system-ui, -apple-system, \"Segoe UI\", Roboto, Helvetica, 
Arial, sans-serif; font-size: 14px; line-height: 1.5; color: var(--color-text-primary, #1a1a1a); background: 
var(--color-background-primary, #ffffff); padding: 20px 22px; width: 100%; max-width: none; min-width: 0px; 
box-sizing: border-box; --mutant-accent: #1f7a3f; --mutant-accent-text: #ffffff; --mutant-error-bg: #fdecea; 
--mutant-error-border: #f5c6cb; --mutant-error-text: #7f1d1d; --mutant-drop-active: #f0fff4;"[39m
    [36m>[39m
      [36m<main[39m
        [33mstyle[39m=[32m"display: grid; grid-template-columns: minmax(0, 1fr); width: 100%; max-width: none; 
min-width: 0px; box-sizing: border-box;"[39m
      [36m>[39m
        [36m<h1[39m
          [33mstyle[39m=[32m"font-size: 17px; font-weight: 600; margin: 0px 0px 4px;"[39m
        [36m>[39m
          [0mAdd your DNA data[0m
        [36m</h1>[39m
        [36m<div[39m
          [33mrole[39m=[32m"status"[39m
          [33mstyle[39m=[32m"background: var(--color-background-secondary, #f5f7f6); border: 1px solid 
var(--color-border-secondary, #ced4da); border-radius: 8px; padding: 12px 14px; margin: 0px 0px 14px; font-size: 13px; 
width: 100%; max-width: none; min-width: 0px; box-sizing: border-box;"[39m
        [36m>[39m
          [36m<p[39m
            [33mstyle[39m=[32m"margin: 0px 0px 4px; font-weight: 600;"[39m
          [36m>[39m
            [0mDNA data is already on file[0m
          [36m</p>[39m
          [36m<p[39m
            [33mstyle[39m=[32m"margin: 0px; color: var(--color-text-secondary, #5f6368);"[39m
          [36m>[39m
            [0mYou can ask ChatGPT about your Mutant analysis. Importing another file replaces it.[0m
          [36m</p>[39m
        [36m</div>[39m
        [36m<div[39m
          [33mstyle[39m=[32m"border-radius: 10px; padding: 26px 20px; text-align: center; background: 
var(--color-background-secondary, #fafbfc); width: 100%; max-width: none; min-width: 0px; box-sizing: border-box; 
border-color: var(--color-border-secondary, #ced4da);"[39m
        [36m>[39m
          [36m<p[39m
            [33mstyle[39m=[32m"margin: 0px 0px 4px; font-weight: 600;"[39m
          [36m>[39m
            [0mDrag and drop your DNA file here[0m
          [36m</p>[39m
          [36m<p[39m
            [33mstyle[39m=[32m"margin: 0px 0px 16px; font-size: 13px; color: var(--color-text-secondary, 
#5f6368);"[39m
          [36m>[39m
            [0mAccepted formats: .txt (23andMe, AncestryDNA), .vcf, and .vcf.gz[0m
          [36m</p>[39m
          [36m<button[39m
            [33mstyle[39m=[32m"display: inline-block; background: var(--mutant-accent, #1f7a3f); color: 
var(--mutant-accent-text, #ffffff); border: medium; border-radius: 8px; padding: 10px 18px; font-size: 14px; 
font-weight: 600; cursor: pointer;"[39m
            [33mtype[39m=[32m"button"[39m
          [36m>[39m
            [0mChoose DNA file[0m
          [36m</button>[39m
        [36m</div>[39m
        [36m<div[39m
          [33mstyle[39m=[32m"background: var(--color-background-secondary, #f0f9f0); border: 1px solid 
var(--color-border-secondary, #cdeacd); border-radius: 8px; padding: 12px 14px; margin: 16px 0px; font-size: 13px; 
width: 100%; max-width: none; min-width: 0px; box-sizing: border-box;"[39m
        [36m>[39m
          [36m<p[39m
            [33mstyle[39m=[32m"margin: 0px 0px 4px; font-weight: 600;"[39m
          [36m>[39m
            [0mYour raw DNA file is processed locally.[0m
          [36m</p>[39m
          [36m<p[39m
            [33mstyle[39m=[32m"margin: 0px; color: var(--color-text-secondary, #5f6368);"[39m
          [36m>[39m
            [0mOnly variants used by Mutant are submitted[0m
            [0m (2 markers in the Mutant panel)[0m
            [0m. Your file is never uploaded or stored by Mutant.[0m
          [36m</p>[39m
        [36m</div>[39m
        [36m<p[39m
          [33mstyle[39m=[32m"margin: 0px 0px 12px; font-size: 13px; color: var(--color-text-secondary, 
#5f6368);"[39m
        [36m>[39m
          [0mGenerating your analysis usually takes about 2ΓÇô3 minutes.[0m
        [36m</p>[39m
        [36m<input[39m
          [33maccept[39m=[32m".txt,.vcf,.gz,.bgz"[39m
          [33mstyle[39m=[32m"display: none;"[39m
          [33mtype[39m=[32m"file"[39m
        [36m/>[39m
      [36m</main>[39m
    [36m</div>[39m
  [36m</div>[39m
[36m</body>[39m
 Γ¥» waitForWrapper node_modules/@testing-library/dom/dist/wait-for.js:163:27
 Γ¥» node_modules/@testing-library/dom/dist/query-helpers.js:86:33
 Γ¥» tests/dna-import-ui.test.tsx:753:18
    751|     });
    752|
    753|     await screen.findByText(/Analysis ready/i);
       |                  ^
    754|     fireEvent.click(screen.getByRole("button", { name: /view my top 3 ΓÇª
    755|     await screen.findByRole("button", { name: "Compare with my recordsΓÇª

ΓÄ»ΓÄ»ΓÄ»ΓÄ»ΓÄ»ΓÄ»ΓÄ»ΓÄ»ΓÄ»ΓÄ»ΓÄ»ΓÄ»ΓÄ»ΓÄ»ΓÄ»ΓÄ»ΓÄ»ΓÄ»ΓÄ»ΓÄ»ΓÄ»ΓÄ»[26/55]ΓÄ»

 FAIL  tests/dna-import-ui.test.tsx > DNA import component > does not offer an upgrade to a Full account
TestingLibraryElementError: Unable to find an element with the text: /Analysis ready/i. This could be because the text 
is broken up by multiple elements. In this case, you can provide a function for your text matcher to make your matcher 
more flexible.

Ignored nodes: comments, script, style
[36m<body>[39m
  [36m<div>[39m
    [36m<div[39m
      [33mstyle[39m=[32m"font-family: ui-sans-serif, system-ui, -apple-system, \"Segoe UI\", Roboto, Helvetica, 
Arial, sans-serif; font-size: 14px; line-height: 1.5; color: var(--color-text-primary, #1a1a1a); background: 
var(--color-background-primary, #ffffff); padding: 20px 22px; width: 100%; max-width: none; min-width: 0px; 
box-sizing: border-box; --mutant-accent: #1f7a3f; --mutant-accent-text: #ffffff; --mutant-error-bg: #fdecea; 
--mutant-error-border: #f5c6cb; --mutant-error-text: #7f1d1d; --mutant-drop-active: #f0fff4;"[39m
    [36m>[39m
      [36m<main[39m
        [33mstyle[39m=[32m"display: grid; grid-template-columns: minmax(0, 1fr); width: 100%; max-width: none; 
min-width: 0px; box-sizing: border-box;"[39m
      [36m>[39m
        [36m<h1[39m
          [33mstyle[39m=[32m"font-size: 17px; font-weight: 600; margin: 0px 0px 4px;"[39m
        [36m>[39m
          [0mAdd your DNA data[0m
        [36m</h1>[39m
        [36m<div[39m
          [33mrole[39m=[32m"status"[39m
          [33mstyle[39m=[32m"background: var(--color-background-secondary, #f5f7f6); border: 1px solid 
var(--color-border-secondary, #ced4da); border-radius: 8px; padding: 12px 14px; margin: 0px 0px 14px; font-size: 13px; 
width: 100%; max-width: none; min-width: 0px; box-sizing: border-box;"[39m
        [36m>[39m
          [36m<p[39m
            [33mstyle[39m=[32m"margin: 0px 0px 4px; font-weight: 600;"[39m
          [36m>[39m
            [0mDNA data is already on file[0m
          [36m</p>[39m
          [36m<p[39m
            [33mstyle[39m=[32m"margin: 0px; color: var(--color-text-secondary, #5f6368);"[39m
          [36m>[39m
            [0mYou can ask ChatGPT about your Mutant analysis. Importing another file replaces it.[0m
          [36m</p>[39m
        [36m</div>[39m
        [36m<div[39m
          [33mstyle[39m=[32m"border-radius: 10px; padding: 26px 20px; text-align: center; background: 
var(--color-background-secondary, #fafbfc); width: 100%; max-width: none; min-width: 0px; box-sizing: border-box; 
border-color: var(--color-border-secondary, #ced4da);"[39m
        [36m>[39m
          [36m<p[39m
            [33mstyle[39m=[32m"margin: 0px 0px 4px; font-weight: 600;"[39m
          [36m>[39m
            [0mDrag and drop your DNA file here[0m
          [36m</p>[39m
          [36m<p[39m
            [33mstyle[39m=[32m"margin: 0px 0px 16px; font-size: 13px; color: var(--color-text-secondary, 
#5f6368);"[39m
          [36m>[39m
            [0mAccepted formats: .txt (23andMe, AncestryDNA), .vcf, and .vcf.gz[0m
          [36m</p>[39m
          [36m<button[39m
            [33mstyle[39m=[32m"display: inline-block; background: var(--mutant-accent, #1f7a3f); color: 
var(--mutant-accent-text, #ffffff); border: medium; border-radius: 8px; padding: 10px 18px; font-size: 14px; 
font-weight: 600; cursor: pointer;"[39m
            [33mtype[39m=[32m"button"[39m
          [36m>[39m
            [0mChoose DNA file[0m
          [36m</button>[39m
        [36m</div>[39m
        [36m<div[39m
          [33mstyle[39m=[32m"background: var(--color-background-secondary, #f0f9f0); border: 1px solid 
var(--color-border-secondary, #cdeacd); border-radius: 8px; padding: 12px 14px; margin: 16px 0px; font-size: 13px; 
width: 100%; max-width: none; min-width: 0px; box-sizing: border-box;"[39m
        [36m>[39m
          [36m<p[39m
            [33mstyle[39m=[32m"margin: 0px 0px 4px; font-weight: 600;"[39m
          [36m>[39m
            [0mYour raw DNA file is processed locally.[0m
          [36m</p>[39m
          [36m<p[39m
            [33mstyle[39m=[32m"margin: 0px; color: var(--color-text-secondary, #5f6368);"[39m
          [36m>[39m
            [0mOnly variants used by Mutant are submitted[0m
            [0m (2 markers in the Mutant panel)[0m
            [0m. Your file is never uploaded or stored by Mutant.[0m
          [36m</p>[39m
        [36m</div>[39m
        [36m<p[39m
          [33mstyle[39m=[32m"margin: 0px 0px 12px; font-size: 13px; color: var(--color-text-secondary, 
#5f6368);"[39m
        [36m>[39m
          [0mGenerating your analysis usually takes about 2ΓÇô3 minutes.[0m
        [36m</p>[39m
        [36m<input[39m
          [33maccept[39m=[32m".txt,.vcf,.gz,.bgz"[39m
          [33mstyle[39m=[32m"display: none;"[39m
          [33mtype[39m=[32m"file"[39m
        [36m/>[39m
      [36m</main>[39m
    [36m</div>[39m
  [36m</div>[39m
[36m</body>[39m

Ignored nodes: comments, script, style
[36m<body>[39m
  [36m<div>[39m
    [36m<div[39m
      [33mstyle[39m=[32m"font-family: ui-sans-serif, system-ui, -apple-system, \"Segoe UI\", Roboto, Helvetica, 
Arial, sans-serif; font-size: 14px; line-height: 1.5; color: var(--color-text-primary, #1a1a1a); background: 
var(--color-background-primary, #ffffff); padding: 20px 22px; width: 100%; max-width: none; min-width: 0px; 
box-sizing: border-box; --mutant-accent: #1f7a3f; --mutant-accent-text: #ffffff; --mutant-error-bg: #fdecea; 
--mutant-error-border: #f5c6cb; --mutant-error-text: #7f1d1d; --mutant-drop-active: #f0fff4;"[39m
    [36m>[39m
      [36m<main[39m
        [33mstyle[39m=[32m"display: grid; grid-template-columns: minmax(0, 1fr); width: 100%; max-width: none; 
min-width: 0px; box-sizing: border-box;"[39m
      [36m>[39m
        [36m<h1[39m
          [33mstyle[39m=[32m"font-size: 17px; font-weight: 600; margin: 0px 0px 4px;"[39m
        [36m>[39m
          [0mAdd your DNA data[0m
        [36m</h1>[39m
        [36m<div[39m
          [33mrole[39m=[32m"status"[39m
          [33mstyle[39m=[32m"background: var(--color-background-secondary, #f5f7f6); border: 1px solid 
var(--color-border-secondary, #ced4da); border-radius: 8px; padding: 12px 14px; margin: 0px 0px 14px; font-size: 13px; 
width: 100%; max-width: none; min-width: 0px; box-sizing: border-box;"[39m
        [36m>[39m
          [36m<p[39m
            [33mstyle[39m=[32m"margin: 0px 0px 4px; font-weight: 600;"[39m
          [36m>[39m
            [0mDNA data is already on file[0m
          [36m</p>[39m
          [36m<p[39m
            [33mstyle[39m=[32m"margin: 0px; color: var(--color-text-secondary, #5f6368);"[39m
          [36m>[39m
            [0mYou can ask ChatGPT about your Mutant analysis. Importing another file replaces it.[0m
          [36m</p>[39m
        [36m</div>[39m
        [36m<div[39m
          [33mstyle[39m=[32m"border-radius: 10px; padding: 26px 20px; text-align: center; background: 
var(--color-background-secondary, #fafbfc); width: 100%; max-width: none; min-width: 0px; box-sizing: border-box; 
border-color: var(--color-border-secondary, #ced4da);"[39m
        [36m>[39m
          [36m<p[39m
            [33mstyle[39m=[32m"margin: 0px 0px 4px; font-weight: 600;"[39m
          [36m>[39m
            [0mDrag and drop your DNA file here[0m
          [36m</p>[39m
          [36m<p[39m
            [33mstyle[39m=[32m"margin: 0px 0px 16px; font-size: 13px; color: var(--color-text-secondary, 
#5f6368);"[39m
          [36m>[39m
            [0mAccepted formats: .txt (23andMe, AncestryDNA), .vcf, and .vcf.gz[0m
          [36m</p>[39m
          [36m<button[39m
            [33mstyle[39m=[32m"display: inline-block; background: var(--mutant-accent, #1f7a3f); color: 
var(--mutant-accent-text, #ffffff); border: medium; border-radius: 8px; padding: 10px 18px; font-size: 14px; 
font-weight: 600; cursor: pointer;"[39m
            [33mtype[39m=[32m"button"[39m
          [36m>[39m
            [0mChoose DNA file[0m
          [36m</button>[39m
        [36m</div>[39m
        [36m<div[39m
          [33mstyle[39m=[32m"background: var(--color-background-secondary, #f0f9f0); border: 1px solid 
var(--color-border-secondary, #cdeacd); border-radius: 8px; padding: 12px 14px; margin: 16px 0px; font-size: 13px; 
width: 100%; max-width: none; min-width: 0px; box-sizing: border-box;"[39m
        [36m>[39m
          [36m<p[39m
            [33mstyle[39m=[32m"margin: 0px 0px 4px; font-weight: 600;"[39m
          [36m>[39m
            [0mYour raw DNA file is processed locally.[0m
          [36m</p>[39m
          [36m<p[39m
            [33mstyle[39m=[32m"margin: 0px; color: var(--color-text-secondary, #5f6368);"[39m
          [36m>[39m
            [0mOnly variants used by Mutant are submitted[0m
            [0m (2 markers in the Mutant panel)[0m
            [0m. Your file is never uploaded or stored by Mutant.[0m
          [36m</p>[39m
        [36m</div>[39m
        [36m<p[39m
          [33mstyle[39m=[32m"margin: 0px 0px 12px; font-size: 13px; color: var(--color-text-secondary, 
#5f6368);"[39m
        [36m>[39m
          [0mGenerating your analysis usually takes about 2ΓÇô3 minutes.[0m
        [36m</p>[39m
        [36m<input[39m
          [33maccept[39m=[32m".txt,.vcf,.gz,.bgz"[39m
          [33mstyle[39m=[32m"display: none;"[39m
          [33mtype[39m=[32m"file"[39m
        [36m/>[39m
      [36m</main>[39m
    [36m</div>[39m
  [36m</div>[39m
[36m</body>[39m
 Γ¥» waitForWrapper node_modules/@testing-library/dom/dist/wait-for.js:163:27
 Γ¥» node_modules/@testing-library/dom/dist/query-helpers.js:86:33
 Γ¥» tests/dna-import-ui.test.tsx:782:18
    780|     });
    781|
    782|     await screen.findByText(/Analysis ready/i);
       |                  ^
    783|     fireEvent.click(screen.getByRole("button", { name: /view my findinΓÇª
    784|     await screen.findByRole("button", { name: "Compare all findings" }ΓÇª

ΓÄ»ΓÄ»ΓÄ»ΓÄ»ΓÄ»ΓÄ»ΓÄ»ΓÄ»ΓÄ»ΓÄ»ΓÄ»ΓÄ»ΓÄ»ΓÄ»ΓÄ»ΓÄ»ΓÄ»ΓÄ»ΓÄ»ΓÄ»ΓÄ»ΓÄ»[27/55]ΓÄ»

 FAIL  tests/dna-import-ui.test.tsx > DNA import component > offers an optional refresh when regeneration is available
TestingLibraryElementError: Unable to find an element with the text: /Analysis ready/i. This could be because the text 
is broken up by multiple elements. In this case, you can provide a function for your text matcher to make your matcher 
more flexible.

Ignored nodes: comments, script, style
[36m<body>[39m
  [36m<div>[39m
    [36m<div[39m
      [33mstyle[39m=[32m"font-family: ui-sans-serif, system-ui, -apple-system, \"Segoe UI\", Roboto, Helvetica, 
Arial, sans-serif; font-size: 14px; line-height: 1.5; color: var(--color-text-primary, #1a1a1a); background: 
var(--color-background-primary, #ffffff); padding: 20px 22px; width: 100%; max-width: none; min-width: 0px; 
box-sizing: border-box; --mutant-accent: #1f7a3f; --mutant-accent-text: #ffffff; --mutant-error-bg: #fdecea; 
--mutant-error-border: #f5c6cb; --mutant-error-text: #7f1d1d; --mutant-drop-active: #f0fff4;"[39m
    [36m>[39m
      [36m<main[39m
        [33mstyle[39m=[32m"display: grid; grid-template-columns: minmax(0, 1fr); width: 100%; max-width: none; 
min-width: 0px; box-sizing: border-box;"[39m
      [36m>[39m
        [36m<h1[39m
          [33mstyle[39m=[32m"font-size: 17px; font-weight: 600; margin: 0px 0px 4px;"[39m
        [36m>[39m
          [0mAdd your DNA data[0m
        [36m</h1>[39m
        [36m<div[39m
          [33mrole[39m=[32m"status"[39m
          [33mstyle[39m=[32m"background: var(--color-background-secondary, #f5f7f6); border: 1px solid 
var(--color-border-secondary, #ced4da); border-radius: 8px; padding: 12px 14px; margin: 0px 0px 14px; font-size: 13px; 
width: 100%; max-width: none; min-width: 0px; box-sizing: border-box;"[39m
        [36m>[39m
          [36m<p[39m
            [33mstyle[39m=[32m"margin: 0px 0px 4px; font-weight: 600;"[39m
          [36m>[39m
            [0mDNA data is already on file[0m
          [36m</p>[39m
          [36m<p[39m
            [33mstyle[39m=[32m"margin: 0px; color: var(--color-text-secondary, #5f6368);"[39m
          [36m>[39m
            [0mYou can ask ChatGPT about your Mutant analysis. Importing another file replaces it.[0m
          [36m</p>[39m
        [36m</div>[39m
        [36m<div[39m
          [33mstyle[39m=[32m"border-radius: 10px; padding: 26px 20px; text-align: center; background: 
var(--color-background-secondary, #fafbfc); width: 100%; max-width: none; min-width: 0px; box-sizing: border-box; 
border-color: var(--color-border-secondary, #ced4da);"[39m
        [36m>[39m
          [36m<p[39m
            [33mstyle[39m=[32m"margin: 0px 0px 4px; font-weight: 600;"[39m
          [36m>[39m
            [0mDrag and drop your DNA file here[0m
          [36m</p>[39m
          [36m<p[39m
            [33mstyle[39m=[32m"margin: 0px 0px 16px; font-size: 13px; color: var(--color-text-secondary, 
#5f6368);"[39m
          [36m>[39m
            [0mAccepted formats: .txt (23andMe, AncestryDNA), .vcf, and .vcf.gz[0m
          [36m</p>[39m
          [36m<button[39m
            [33mstyle[39m=[32m"display: inline-block; background: var(--mutant-accent, #1f7a3f); color: 
var(--mutant-accent-text, #ffffff); border: medium; border-radius: 8px; padding: 10px 18px; font-size: 14px; 
font-weight: 600; cursor: pointer;"[39m
            [33mtype[39m=[32m"button"[39m
          [36m>[39m
            [0mChoose DNA file[0m
          [36m</button>[39m
        [36m</div>[39m
        [36m<div[39m
          [33mstyle[39m=[32m"background: var(--color-background-secondary, #f0f9f0); border: 1px solid 
var(--color-border-secondary, #cdeacd); border-radius: 8px; padding: 12px 14px; margin: 16px 0px; font-size: 13px; 
width: 100%; max-width: none; min-width: 0px; box-sizing: border-box;"[39m
        [36m>[39m
          [36m<p[39m
            [33mstyle[39m=[32m"margin: 0px 0px 4px; font-weight: 600;"[39m
          [36m>[39m
            [0mYour raw DNA file is processed locally.[0m
          [36m</p>[39m
          [36m<p[39m
            [33mstyle[39m=[32m"margin: 0px; color: var(--color-text-secondary, #5f6368);"[39m
          [36m>[39m
            [0mOnly variants used by Mutant are submitted[0m
            [0m (2 markers in the Mutant panel)[0m
            [0m. Your file is never uploaded or stored by Mutant.[0m
          [36m</p>[39m
        [36m</div>[39m
        [36m<p[39m
          [33mstyle[39m=[32m"margin: 0px 0px 12px; font-size: 13px; color: var(--color-text-secondary, 
#5f6368);"[39m
        [36m>[39m
          [0mGenerating your analysis usually takes about 2ΓÇô3 minutes.[0m
        [36m</p>[39m
        [36m<input[39m
          [33maccept[39m=[32m".txt,.vcf,.gz,.bgz"[39m
          [33mstyle[39m=[32m"display: none;"[39m
          [33mtype[39m=[32m"file"[39m
        [36m/>[39m
      [36m</main>[39m
    [36m</div>[39m
  [36m</div>[39m
[36m</body>[39m

Ignored nodes: comments, script, style
[36m<body>[39m
  [36m<div>[39m
    [36m<div[39m
      [33mstyle[39m=[32m"font-family: ui-sans-serif, system-ui, -apple-system, \"Segoe UI\", Roboto, Helvetica, 
Arial, sans-serif; font-size: 14px; line-height: 1.5; color: var(--color-text-primary, #1a1a1a); background: 
var(--color-background-primary, #ffffff); padding: 20px 22px; width: 100%; max-width: none; min-width: 0px; 
box-sizing: border-box; --mutant-accent: #1f7a3f; --mutant-accent-text: #ffffff; --mutant-error-bg: #fdecea; 
--mutant-error-border: #f5c6cb; --mutant-error-text: #7f1d1d; --mutant-drop-active: #f0fff4;"[39m
    [36m>[39m
      [36m<main[39m
        [33mstyle[39m=[32m"display: grid; grid-template-columns: minmax(0, 1fr); width: 100%; max-width: none; 
min-width: 0px; box-sizing: border-box;"[39m
      [36m>[39m
        [36m<h1[39m
          [33mstyle[39m=[32m"font-size: 17px; font-weight: 600; margin: 0px 0px 4px;"[39m
        [36m>[39m
          [0mAdd your DNA data[0m
        [36m</h1>[39m
        [36m<div[39m
          [33mrole[39m=[32m"status"[39m
          [33mstyle[39m=[32m"background: var(--color-background-secondary, #f5f7f6); border: 1px solid 
var(--color-border-secondary, #ced4da); border-radius: 8px; padding: 12px 14px; margin: 0px 0px 14px; font-size: 13px; 
width: 100%; max-width: none; min-width: 0px; box-sizing: border-box;"[39m
        [36m>[39m
          [36m<p[39m
            [33mstyle[39m=[32m"margin: 0px 0px 4px; font-weight: 600;"[39m
          [36m>[39m
            [0mDNA data is already on file[0m
          [36m</p>[39m
          [36m<p[39m
            [33mstyle[39m=[32m"margin: 0px; color: var(--color-text-secondary, #5f6368);"[39m
          [36m>[39m
            [0mYou can ask ChatGPT about your Mutant analysis. Importing another file replaces it.[0m
          [36m</p>[39m
        [36m</div>[39m
        [36m<div[39m
          [33mstyle[39m=[32m"border-radius: 10px; padding: 26px 20px; text-align: center; background: 
var(--color-background-secondary, #fafbfc); width: 100%; max-width: none; min-width: 0px; box-sizing: border-box; 
border-color: var(--color-border-secondary, #ced4da);"[39m
        [36m>[39m
          [36m<p[39m
            [33mstyle[39m=[32m"margin: 0px 0px 4px; font-weight: 600;"[39m
          [36m>[39m
            [0mDrag and drop your DNA file here[0m
          [36m</p>[39m
          [36m<p[39m
            [33mstyle[39m=[32m"margin: 0px 0px 16px; font-size: 13px; color: var(--color-text-secondary, 
#5f6368);"[39m
          [36m>[39m
            [0mAccepted formats: .txt (23andMe, AncestryDNA), .vcf, and .vcf.gz[0m
          [36m</p>[39m
          [36m<button[39m
            [33mstyle[39m=[32m"display: inline-block; background: var(--mutant-accent, #1f7a3f); color: 
var(--mutant-accent-text, #ffffff); border: medium; border-radius: 8px; padding: 10px 18px; font-size: 14px; 
font-weight: 600; cursor: pointer;"[39m
            [33mtype[39m=[32m"button"[39m
          [36m>[39m
            [0mChoose DNA file[0m
          [36m</button>[39m
        [36m</div>[39m
        [36m<div[39m
          [33mstyle[39m=[32m"background: var(--color-background-secondary, #f0f9f0); border: 1px solid 
var(--color-border-secondary, #cdeacd); border-radius: 8px; padding: 12px 14px; margin: 16px 0px; font-size: 13px; 
width: 100%; max-width: none; min-width: 0px; box-sizing: border-box;"[39m
        [36m>[39m
          [36m<p[39m
            [33mstyle[39m=[32m"margin: 0px 0px 4px; font-weight: 600;"[39m
          [36m>[39m
            [0mYour raw DNA file is processed locally.[0m
          [36m</p>[39m
          [36m<p[39m
            [33mstyle[39m=[32m"margin: 0px; color: var(--color-text-secondary, #5f6368);"[39m
          [36m>[39m
            [0mOnly variants used by Mutant are submitted[0m
            [0m (2 markers in the Mutant panel)[0m
            [0m. Your file is never uploaded or stored by Mutant.[0m
          [36m</p>[39m
        [36m</div>[39m
        [36m<p[39m
          [33mstyle[39m=[32m"margin: 0px 0px 12px; font-size: 13px; color: var(--color-text-secondary, 
#5f6368);"[39m
        [36m>[39m
          [0mGenerating your analysis usually takes about 2ΓÇô3 minutes.[0m
        [36m</p>[39m
        [36m<input[39m
          [33maccept[39m=[32m".txt,.vcf,.gz,.bgz"[39m
          [33mstyle[39m=[32m"display: none;"[39m
          [33mtype[39m=[32m"file"[39m
        [36m/>[39m
      [36m</main>[39m
    [36m</div>[39m
  [36m</div>[39m
[36m</body>[39m
 Γ¥» waitForWrapper node_modules/@testing-library/dom/dist/wait-for.js:163:27
 Γ¥» node_modules/@testing-library/dom/dist/query-helpers.js:86:33
 Γ¥» tests/dna-import-ui.test.tsx:797:18
    795|     });
    796|
    797|     await screen.findByText(/Analysis ready/i);
       |                  ^
    798|     expect(screen.getByText(/newer analysis platform is available/i)).ΓÇª
    799|     fireEvent.click(screen.getByRole("button", { name: /refresh analysΓÇª

ΓÄ»ΓÄ»ΓÄ»ΓÄ»ΓÄ»ΓÄ»ΓÄ»ΓÄ»ΓÄ»ΓÄ»ΓÄ»ΓÄ»ΓÄ»ΓÄ»ΓÄ»ΓÄ»ΓÄ»ΓÄ»ΓÄ»ΓÄ»ΓÄ»ΓÄ»[28/55]ΓÄ»

 FAIL  tests/dna-import-ui.test.tsx > DNA import component > loads hints when a refresh status result mounts the card
TestingLibraryElementError: Unable to find an element with the text: /Analysis ready/i. This could be because the text 
is broken up by multiple elements. In this case, you can provide a function for your text matcher to make your matcher 
more flexible.

Ignored nodes: comments, script, style
[36m<body>[39m
  [36m<div>[39m
    [36m<div[39m
      [33mstyle[39m=[32m"font-family: ui-sans-serif, system-ui, -apple-system, \"Segoe UI\", Roboto, Helvetica, 
Arial, sans-serif; font-size: 14px; line-height: 1.5; color: var(--color-text-primary, #1a1a1a); background: 
var(--color-background-primary, #ffffff); padding: 20px 22px; width: 100%; max-width: none; min-width: 0px; 
box-sizing: border-box; --mutant-accent: #1f7a3f; --mutant-accent-text: #ffffff; --mutant-error-bg: #fdecea; 
--mutant-error-border: #f5c6cb; --mutant-error-text: #7f1d1d; --mutant-drop-active: #f0fff4;"[39m
    [36m>[39m
      [36m<main[39m
        [33mstyle[39m=[32m"display: grid; grid-template-columns: minmax(0, 1fr); width: 100%; max-width: none; 
min-width: 0px; box-sizing: border-box;"[39m
      [36m>[39m
        [36m<h1[39m
          [33mstyle[39m=[32m"font-size: 17px; font-weight: 600; margin: 0px 0px 4px;"[39m
        [36m>[39m
          [0mAdd your DNA data[0m
        [36m</h1>[39m
        [36m<div[39m
          [33mrole[39m=[32m"status"[39m
          [33mstyle[39m=[32m"background: var(--color-background-secondary, #f5f7f6); border: 1px solid 
var(--color-border-secondary, #ced4da); border-radius: 8px; padding: 12px 14px; margin: 0px 0px 14px; font-size: 13px; 
width: 100%; max-width: none; min-width: 0px; box-sizing: border-box;"[39m
        [36m>[39m
          [36m<p[39m
            [33mstyle[39m=[32m"margin: 0px 0px 4px; font-weight: 600;"[39m
          [36m>[39m
            [0mDNA data is already on file[0m
          [36m</p>[39m
          [36m<p[39m
            [33mstyle[39m=[32m"margin: 0px; color: var(--color-text-secondary, #5f6368);"[39m
          [36m>[39m
            [0mYou can ask ChatGPT about your Mutant analysis. Importing another file replaces it.[0m
          [36m</p>[39m
        [36m</div>[39m
        [36m<div[39m
          [33mstyle[39m=[32m"border-radius: 10px; padding: 26px 20px; text-align: center; background: 
var(--color-background-secondary, #fafbfc); width: 100%; max-width: none; min-width: 0px; box-sizing: border-box; 
border-color: var(--color-border-secondary, #ced4da);"[39m
        [36m>[39m
          [36m<p[39m
            [33mstyle[39m=[32m"margin: 0px 0px 4px; font-weight: 600;"[39m
          [36m>[39m
            [0mDrag and drop your DNA file here[0m
          [36m</p>[39m
          [36m<p[39m
            [33mstyle[39m=[32m"margin: 0px 0px 16px; font-size: 13px; color: var(--color-text-secondary, 
#5f6368);"[39m
          [36m>[39m
            [0mAccepted formats: .txt (23andMe, AncestryDNA), .vcf, and .vcf.gz[0m
          [36m</p>[39m
          [36m<button[39m
            [33mstyle[39m=[32m"display: inline-block; background: var(--mutant-accent, #1f7a3f); color: 
var(--mutant-accent-text, #ffffff); border: medium; border-radius: 8px; padding: 10px 18px; font-size: 14px; 
font-weight: 600; cursor: pointer;"[39m
            [33mtype[39m=[32m"button"[39m
          [36m>[39m
            [0mChoose DNA file[0m
          [36m</button>[39m
        [36m</div>[39m
        [36m<div[39m
          [33mstyle[39m=[32m"background: var(--color-background-secondary, #f0f9f0); border: 1px solid 
var(--color-border-secondary, #cdeacd); border-radius: 8px; padding: 12px 14px; margin: 16px 0px; font-size: 13px; 
width: 100%; max-width: none; min-width: 0px; box-sizing: border-box;"[39m
        [36m>[39m
          [36m<p[39m
            [33mstyle[39m=[32m"margin: 0px 0px 4px; font-weight: 600;"[39m
          [36m>[39m
            [0mYour raw DNA file is processed locally.[0m
          [36m</p>[39m
          [36m<p[39m
            [33mstyle[39m=[32m"margin: 0px; color: var(--color-text-secondary, #5f6368);"[39m
          [36m>[39m
            [0mOnly variants used by Mutant are submitted[0m
            [0m (2 markers in the Mutant panel)[0m
            [0m. Your file is never uploaded or stored by Mutant.[0m
          [36m</p>[39m
        [36m</div>[39m
        [36m<p[39m
          [33mstyle[39m=[32m"margin: 0px 0px 12px; font-size: 13px; color: var(--color-text-secondary, 
#5f6368);"[39m
        [36m>[39m
          [0mGenerating your analysis usually takes about 2ΓÇô3 minutes.[0m
        [36m</p>[39m
        [36m<input[39m
          [33maccept[39m=[32m".txt,.vcf,.gz,.bgz"[39m
          [33mstyle[39m=[32m"display: none;"[39m
          [33mtype[39m=[32m"file"[39m
        [36m/>[39m
      [36m</main>[39m
    [36m</div>[39m
  [36m</div>[39m
[36m</body>[39m

Ignored nodes: comments, script, style
[36m<body>[39m
  [36m<div>[39m
    [36m<div[39m
      [33mstyle[39m=[32m"font-family: ui-sans-serif, system-ui, -apple-system, \"Segoe UI\", Roboto, Helvetica, 
Arial, sans-serif; font-size: 14px; line-height: 1.5; color: var(--color-text-primary, #1a1a1a); background: 
var(--color-background-primary, #ffffff); padding: 20px 22px; width: 100%; max-width: none; min-width: 0px; 
box-sizing: border-box; --mutant-accent: #1f7a3f; --mutant-accent-text: #ffffff; --mutant-error-bg: #fdecea; 
--mutant-error-border: #f5c6cb; --mutant-error-text: #7f1d1d; --mutant-drop-active: #f0fff4;"[39m
    [36m>[39m
      [36m<main[39m
        [33mstyle[39m=[32m"display: grid; grid-template-columns: minmax(0, 1fr); width: 100%; max-width: none; 
min-width: 0px; box-sizing: border-box;"[39m
      [36m>[39m
        [36m<h1[39m
          [33mstyle[39m=[32m"font-size: 17px; font-weight: 600; margin: 0px 0px 4px;"[39m
        [36m>[39m
          [0mAdd your DNA data[0m
        [36m</h1>[39m
        [36m<div[39m
          [33mrole[39m=[32m"status"[39m
          [33mstyle[39m=[32m"background: var(--color-background-secondary, #f5f7f6); border: 1px solid 
var(--color-border-secondary, #ced4da); border-radius: 8px; padding: 12px 14px; margin: 0px 0px 14px; font-size: 13px; 
width: 100%; max-width: none; min-width: 0px; box-sizing: border-box;"[39m
        [36m>[39m
          [36m<p[39m
            [33mstyle[39m=[32m"margin: 0px 0px 4px; font-weight: 600;"[39m
          [36m>[39m
            [0mDNA data is already on file[0m
          [36m</p>[39m
          [36m<p[39m
            [33mstyle[39m=[32m"margin: 0px; color: var(--color-text-secondary, #5f6368);"[39m
          [36m>[39m
            [0mYou can ask ChatGPT about your Mutant analysis. Importing another file replaces it.[0m
          [36m</p>[39m
        [36m</div>[39m
        [36m<div[39m
          [33mstyle[39m=[32m"border-radius: 10px; padding: 26px 20px; text-align: center; background: 
var(--color-background-secondary, #fafbfc); width: 100%; max-width: none; min-width: 0px; box-sizing: border-box; 
border-color: var(--color-border-secondary, #ced4da);"[39m
        [36m>[39m
          [36m<p[39m
            [33mstyle[39m=[32m"margin: 0px 0px 4px; font-weight: 600;"[39m
          [36m>[39m
            [0mDrag and drop your DNA file here[0m
          [36m</p>[39m
          [36m<p[39m
            [33mstyle[39m=[32m"margin: 0px 0px 16px; font-size: 13px; color: var(--color-text-secondary, 
#5f6368);"[39m
          [36m>[39m
            [0mAccepted formats: .txt (23andMe, AncestryDNA), .vcf, and .vcf.gz[0m
          [36m</p>[39m
          [36m<button[39m
            [33mstyle[39m=[32m"display: inline-block; background: var(--mutant-accent, #1f7a3f); color: 
var(--mutant-accent-text, #ffffff); border: medium; border-radius: 8px; padding: 10px 18px; font-size: 14px; 
font-weight: 600; cursor: pointer;"[39m
            [33mtype[39m=[32m"button"[39m
          [36m>[39m
            [0mChoose DNA file[0m
          [36m</button>[39m
        [36m</div>[39m
        [36m<div[39m
          [33mstyle[39m=[32m"background: var(--color-background-secondary, #f0f9f0); border: 1px solid 
var(--color-border-secondary, #cdeacd); border-radius: 8px; padding: 12px 14px; margin: 16px 0px; font-size: 13px; 
width: 100%; max-width: none; min-width: 0px; box-sizing: border-box;"[39m
        [36m>[39m
          [36m<p[39m
            [33mstyle[39m=[32m"margin: 0px 0px 4px; font-weight: 600;"[39m
          [36m>[39m
            [0mYour raw DNA file is processed locally.[0m
          [36m</p>[39m
          [36m<p[39m
            [33mstyle[39m=[32m"margin: 0px; color: var(--color-text-secondary, #5f6368);"[39m
          [36m>[39m
            [0mOnly variants used by Mutant are submitted[0m
            [0m (2 markers in the Mutant panel)[0m
            [0m. Your file is never uploaded or stored by Mutant.[0m
          [36m</p>[39m
        [36m</div>[39m
        [36m<p[39m
          [33mstyle[39m=[32m"margin: 0px 0px 12px; font-size: 13px; color: var(--color-text-secondary, 
#5f6368);"[39m
        [36m>[39m
          [0mGenerating your analysis usually takes about 2ΓÇô3 minutes.[0m
        [36m</p>[39m
        [36m<input[39m
          [33maccept[39m=[32m".txt,.vcf,.gz,.bgz"[39m
          [33mstyle[39m=[32m"display: none;"[39m
          [33mtype[39m=[32m"file"[39m
        [36m/>[39m
      [36m</main>[39m
    [36m</div>[39m
  [36m</div>[39m
[36m</body>[39m
 Γ¥» waitForWrapper node_modules/@testing-library/dom/dist/wait-for.js:163:27
 Γ¥» node_modules/@testing-library/dom/dist/query-helpers.js:86:33
 Γ¥» tests/dna-import-ui.test.tsx:824:18
    822|     });
    823|
    824|     await screen.findByText(/Analysis ready/i);
       |                  ^
    825|     bridge.sendToolResult(status, { mutant: { mode: "overview" } });
    826|

ΓÄ»ΓÄ»ΓÄ»ΓÄ»ΓÄ»ΓÄ»ΓÄ»ΓÄ»ΓÄ»ΓÄ»ΓÄ»ΓÄ»ΓÄ»ΓÄ»ΓÄ»ΓÄ»ΓÄ»ΓÄ»ΓÄ»ΓÄ»ΓÄ»ΓÄ»[29/55]ΓÄ»

 FAIL  tests/dna-import-ui.test.tsx > DNA import component > moves off the ready card when a regenerate result arrives 
after mount
TestingLibraryElementError: Unable to find an element with the text: /Analysis ready/i. This could be because the text 
is broken up by multiple elements. In this case, you can provide a function for your text matcher to make your matcher 
more flexible.

Ignored nodes: comments, script, style
[36m<body>[39m
  [36m<div>[39m
    [36m<div[39m
      [33mstyle[39m=[32m"font-family: ui-sans-serif, system-ui, -apple-system, \"Segoe UI\", Roboto, Helvetica, 
Arial, sans-serif; font-size: 14px; line-height: 1.5; color: var(--color-text-primary, #1a1a1a); background: 
var(--color-background-primary, #ffffff); padding: 20px 22px; width: 100%; max-width: none; min-width: 0px; 
box-sizing: border-box; --mutant-accent: #1f7a3f; --mutant-accent-text: #ffffff; --mutant-error-bg: #fdecea; 
--mutant-error-border: #f5c6cb; --mutant-error-text: #7f1d1d; --mutant-drop-active: #f0fff4;"[39m
    [36m>[39m
      [36m<main[39m
        [33mstyle[39m=[32m"display: grid; grid-template-columns: minmax(0, 1fr); width: 100%; max-width: none; 
min-width: 0px; box-sizing: border-box;"[39m
      [36m>[39m
        [36m<h1[39m
          [33mstyle[39m=[32m"font-size: 17px; font-weight: 600; margin: 0px 0px 4px;"[39m
        [36m>[39m
          [0mAdd your DNA data[0m
        [36m</h1>[39m
        [36m<div[39m
          [33mrole[39m=[32m"status"[39m
          [33mstyle[39m=[32m"background: var(--color-background-secondary, #f5f7f6); border: 1px solid 
var(--color-border-secondary, #ced4da); border-radius: 8px; padding: 12px 14px; margin: 0px 0px 14px; font-size: 13px; 
width: 100%; max-width: none; min-width: 0px; box-sizing: border-box;"[39m
        [36m>[39m
          [36m<p[39m
            [33mstyle[39m=[32m"margin: 0px 0px 4px; font-weight: 600;"[39m
          [36m>[39m
            [0mDNA data is already on file[0m
          [36m</p>[39m
          [36m<p[39m
            [33mstyle[39m=[32m"margin: 0px; color: var(--color-text-secondary, #5f6368);"[39m
          [36m>[39m
            [0mYou can ask ChatGPT about your Mutant analysis. Importing another file replaces it.[0m
          [36m</p>[39m
        [36m</div>[39m
        [36m<div[39m
          [33mstyle[39m=[32m"border-radius: 10px; padding: 26px 20px; text-align: center; background: 
var(--color-background-secondary, #fafbfc); width: 100%; max-width: none; min-width: 0px; box-sizing: border-box; 
border-color: var(--color-border-secondary, #ced4da);"[39m
        [36m>[39m
          [36m<p[39m
            [33mstyle[39m=[32m"margin: 0px 0px 4px; font-weight: 600;"[39m
          [36m>[39m
            [0mDrag and drop your DNA file here[0m
          [36m</p>[39m
          [36m<p[39m
            [33mstyle[39m=[32m"margin: 0px 0px 16px; font-size: 13px; color: var(--color-text-secondary, 
#5f6368);"[39m
          [36m>[39m
            [0mAccepted formats: .txt (23andMe, AncestryDNA), .vcf, and .vcf.gz[0m
          [36m</p>[39m
          [36m<button[39m
            [33mstyle[39m=[32m"display: inline-block; background: var(--mutant-accent, #1f7a3f); color: 
var(--mutant-accent-text, #ffffff); border: medium; border-radius: 8px; padding: 10px 18px; font-size: 14px; 
font-weight: 600; cursor: pointer;"[39m
            [33mtype[39m=[32m"button"[39m
          [36m>[39m
            [0mChoose DNA file[0m
          [36m</button>[39m
        [36m</div>[39m
        [36m<div[39m
          [33mstyle[39m=[32m"background: var(--color-background-secondary, #f0f9f0); border: 1px solid 
var(--color-border-secondary, #cdeacd); border-radius: 8px; padding: 12px 14px; margin: 16px 0px; font-size: 13px; 
width: 100%; max-width: none; min-width: 0px; box-sizing: border-box;"[39m
        [36m>[39m
          [36m<p[39m
            [33mstyle[39m=[32m"margin: 0px 0px 4px; font-weight: 600;"[39m
          [36m>[39m
            [0mYour raw DNA file is processed locally.[0m
          [36m</p>[39m
          [36m<p[39m
            [33mstyle[39m=[32m"margin: 0px; color: var(--color-text-secondary, #5f6368);"[39m
          [36m>[39m
            [0mOnly variants used by Mutant are submitted[0m
            [0m (2 markers in the Mutant panel)[0m
            [0m. Your file is never uploaded or stored by Mutant.[0m
          [36m</p>[39m
        [36m</div>[39m
        [36m<p[39m
          [33mstyle[39m=[32m"margin: 0px 0px 12px; font-size: 13px; color: var(--color-text-secondary, 
#5f6368);"[39m
        [36m>[39m
          [0mGenerating your analysis usually takes about 2ΓÇô3 minutes.[0m
        [36m</p>[39m
        [36m<input[39m
          [33maccept[39m=[32m".txt,.vcf,.gz,.bgz"[39m
          [33mstyle[39m=[32m"display: none;"[39m
          [33mtype[39m=[32m"file"[39m
        [36m/>[39m
      [36m</main>[39m
    [36m</div>[39m
  [36m</div>[39m
[36m</body>[39m

Ignored nodes: comments, script, style
[36m<body>[39m
  [36m<div>[39m
    [36m<div[39m
      [33mstyle[39m=[32m"font-family: ui-sans-serif, system-ui, -apple-system, \"Segoe UI\", Roboto, Helvetica, 
Arial, sans-serif; font-size: 14px; line-height: 1.5; color: var(--color-text-primary, #1a1a1a); background: 
var(--color-background-primary, #ffffff); padding: 20px 22px; width: 100%; max-width: none; min-width: 0px; 
box-sizing: border-box; --mutant-accent: #1f7a3f; --mutant-accent-text: #ffffff; --mutant-error-bg: #fdecea; 
--mutant-error-border: #f5c6cb; --mutant-error-text: #7f1d1d; --mutant-drop-active: #f0fff4;"[39m
    [36m>[39m
      [36m<main[39m
        [33mstyle[39m=[32m"display: grid; grid-template-columns: minmax(0, 1fr); width: 100%; max-width: none; 
min-width: 0px; box-sizing: border-box;"[39m
      [36m>[39m
        [36m<h1[39m
          [33mstyle[39m=[32m"font-size: 17px; font-weight: 600; margin: 0px 0px 4px;"[39m
        [36m>[39m
          [0mAdd your DNA data[0m
        [36m</h1>[39m
        [36m<div[39m
          [33mrole[39m=[32m"status"[39m
          [33mstyle[39m=[32m"background: var(--color-background-secondary, #f5f7f6); border: 1px solid 
var(--color-border-secondary, #ced4da); border-radius: 8px; padding: 12px 14px; margin: 0px 0px 14px; font-size: 13px; 
width: 100%; max-width: none; min-width: 0px; box-sizing: border-box;"[39m
        [36m>[39m
          [36m<p[39m
            [33mstyle[39m=[32m"margin: 0px 0px 4px; font-weight: 600;"[39m
          [36m>[39m
            [0mDNA data is already on file[0m
          [36m</p>[39m
          [36m<p[39m
            [33mstyle[39m=[32m"margin: 0px; color: var(--color-text-secondary, #5f6368);"[39m
          [36m>[39m
            [0mYou can ask ChatGPT about your Mutant analysis. Importing another file replaces it.[0m
          [36m</p>[39m
        [36m</div>[39m
        [36m<div[39m
          [33mstyle[39m=[32m"border-radius: 10px; padding: 26px 20px; text-align: center; background: 
var(--color-background-secondary, #fafbfc); width: 100%; max-width: none; min-width: 0px; box-sizing: border-box; 
border-color: var(--color-border-secondary, #ced4da);"[39m
        [36m>[39m
          [36m<p[39m
            [33mstyle[39m=[32m"margin: 0px 0px 4px; font-weight: 600;"[39m
          [36m>[39m
            [0mDrag and drop your DNA file here[0m
          [36m</p>[39m
          [36m<p[39m
            [33mstyle[39m=[32m"margin: 0px 0px 16px; font-size: 13px; color: var(--color-text-secondary, 
#5f6368);"[39m
          [36m>[39m
            [0mAccepted formats: .txt (23andMe, AncestryDNA), .vcf, and .vcf.gz[0m
          [36m</p>[39m
          [36m<button[39m
            [33mstyle[39m=[32m"display: inline-block; background: var(--mutant-accent, #1f7a3f); color: 
var(--mutant-accent-text, #ffffff); border: medium; border-radius: 8px; padding: 10px 18px; font-size: 14px; 
font-weight: 600; cursor: pointer;"[39m
            [33mtype[39m=[32m"button"[39m
          [36m>[39m
            [0mChoose DNA file[0m
          [36m</button>[39m
        [36m</div>[39m
        [36m<div[39m
          [33mstyle[39m=[32m"background: var(--color-background-secondary, #f0f9f0); border: 1px solid 
var(--color-border-secondary, #cdeacd); border-radius: 8px; padding: 12px 14px; margin: 16px 0px; font-size: 13px; 
width: 100%; max-width: none; min-width: 0px; box-sizing: border-box;"[39m
        [36m>[39m
          [36m<p[39m
            [33mstyle[39m=[32m"margin: 0px 0px 4px; font-weight: 600;"[39m
          [36m>[39m
            [0mYour raw DNA file is processed locally.[0m
          [36m</p>[39m
          [36m<p[39m
            [33mstyle[39m=[32m"margin: 0px; color: var(--color-text-secondary, #5f6368);"[39m
          [36m>[39m
            [0mOnly variants used by Mutant are submitted[0m
            [0m (2 markers in the Mutant panel)[0m
            [0m. Your file is never uploaded or stored by Mutant.[0m
          [36m</p>[39m
        [36m</div>[39m
        [36m<p[39m
          [33mstyle[39m=[32m"margin: 0px 0px 12px; font-size: 13px; color: var(--color-text-secondary, 
#5f6368);"[39m
        [36m>[39m
          [0mGenerating your analysis usually takes about 2ΓÇô3 minutes.[0m
        [36m</p>[39m
        [36m<input[39m
          [33maccept[39m=[32m".txt,.vcf,.gz,.bgz"[39m
          [33mstyle[39m=[32m"display: none;"[39m
          [33mtype[39m=[32m"file"[39m
        [36m/>[39m
      [36m</main>[39m
    [36m</div>[39m
  [36m</div>[39m
[36m</body>[39m
 Γ¥» waitForWrapper node_modules/@testing-library/dom/dist/wait-for.js:163:27
 Γ¥» node_modules/@testing-library/dom/dist/query-helpers.js:86:33
 Γ¥» tests/dna-import-ui.test.tsx:860:18
    858|     });
    859|
    860|     await screen.findByText(/Analysis ready/i);
       |                  ^
    861|     expect(screen.getByRole("button", { name: /refresh analysis/i })).ΓÇª
    862|

ΓÄ»ΓÄ»ΓÄ»ΓÄ»ΓÄ»ΓÄ»ΓÄ»ΓÄ»ΓÄ»ΓÄ»ΓÄ»ΓÄ»ΓÄ»ΓÄ»ΓÄ»ΓÄ»ΓÄ»ΓÄ»ΓÄ»ΓÄ»ΓÄ»ΓÄ»[30/55]ΓÄ»

 FAIL  tests/dna-import-ui.test.tsx > DNA import component > sends exactly one host follow-up per action and never 
renders the prompt
TestingLibraryElementError: Unable to find an element with the text: /Analysis ready/i. This could be because the text 
is broken up by multiple elements. In this case, you can provide a function for your text matcher to make your matcher 
more flexible.

Ignored nodes: comments, script, style
[36m<body>[39m
  [36m<div>[39m
    [36m<div[39m
      [33mstyle[39m=[32m"font-family: ui-sans-serif, system-ui, -apple-system, \"Segoe UI\", Roboto, Helvetica, 
Arial, sans-serif; font-size: 14px; line-height: 1.5; color: var(--color-text-primary, #1a1a1a); background: 
var(--color-background-primary, #ffffff); padding: 20px 22px; width: 100%; max-width: none; min-width: 0px; 
box-sizing: border-box; --mutant-accent: #1f7a3f; --mutant-accent-text: #ffffff; --mutant-error-bg: #fdecea; 
--mutant-error-border: #f5c6cb; --mutant-error-text: #7f1d1d; --mutant-drop-active: #f0fff4;"[39m
    [36m>[39m
      [36m<main[39m
        [33mstyle[39m=[32m"display: grid; grid-template-columns: minmax(0, 1fr); width: 100%; max-width: none; 
min-width: 0px; box-sizing: border-box;"[39m
      [36m>[39m
        [36m<h1[39m
          [33mstyle[39m=[32m"font-size: 17px; font-weight: 600; margin: 0px 0px 4px;"[39m
        [36m>[39m
          [0mAdd your DNA data[0m
        [36m</h1>[39m
        [36m<div[39m
          [33mrole[39m=[32m"status"[39m
          [33mstyle[39m=[32m"background: var(--color-background-secondary, #f5f7f6); border: 1px solid 
var(--color-border-secondary, #ced4da); border-radius: 8px; padding: 12px 14px; margin: 0px 0px 14px; font-size: 13px; 
width: 100%; max-width: none; min-width: 0px; box-sizing: border-box;"[39m
        [36m>[39m
          [36m<p[39m
            [33mstyle[39m=[32m"margin: 0px 0px 4px; font-weight: 600;"[39m
          [36m>[39m
            [0mDNA data is already on file[0m
          [36m</p>[39m
          [36m<p[39m
            [33mstyle[39m=[32m"margin: 0px; color: var(--color-text-secondary, #5f6368);"[39m
          [36m>[39m
            [0mYou can ask ChatGPT about your Mutant analysis. Importing another file replaces it.[0m
          [36m</p>[39m
        [36m</div>[39m
        [36m<div[39m
          [33mstyle[39m=[32m"border-radius: 10px; padding: 26px 20px; text-align: center; background: 
var(--color-background-secondary, #fafbfc); width: 100%; max-width: none; min-width: 0px; box-sizing: border-box; 
border-color: var(--color-border-secondary, #ced4da);"[39m
        [36m>[39m
          [36m<p[39m
            [33mstyle[39m=[32m"margin: 0px 0px 4px; font-weight: 600;"[39m
          [36m>[39m
            [0mDrag and drop your DNA file here[0m
          [36m</p>[39m
          [36m<p[39m
            [33mstyle[39m=[32m"margin: 0px 0px 16px; font-size: 13px; color: var(--color-text-secondary, 
#5f6368);"[39m
          [36m>[39m
            [0mAccepted formats: .txt (23andMe, AncestryDNA), .vcf, and .vcf.gz[0m
          [36m</p>[39m
          [36m<button[39m
            [33mstyle[39m=[32m"display: inline-block; background: var(--mutant-accent, #1f7a3f); color: 
var(--mutant-accent-text, #ffffff); border: medium; border-radius: 8px; padding: 10px 18px; font-size: 14px; 
font-weight: 600; cursor: pointer;"[39m
            [33mtype[39m=[32m"button"[39m
          [36m>[39m
            [0mChoose DNA file[0m
          [36m</button>[39m
        [36m</div>[39m
        [36m<div[39m
          [33mstyle[39m=[32m"background: var(--color-background-secondary, #f0f9f0); border: 1px solid 
var(--color-border-secondary, #cdeacd); border-radius: 8px; padding: 12px 14px; margin: 16px 0px; font-size: 13px; 
width: 100%; max-width: none; min-width: 0px; box-sizing: border-box;"[39m
        [36m>[39m
          [36m<p[39m
            [33mstyle[39m=[32m"margin: 0px 0px 4px; font-weight: 600;"[39m
          [36m>[39m
            [0mYour raw DNA file is processed locally.[0m
          [36m</p>[39m
          [36m<p[39m
            [33mstyle[39m=[32m"margin: 0px; color: var(--color-text-secondary, #5f6368);"[39m
          [36m>[39m
            [0mOnly variants used by Mutant are submitted[0m
            [0m (2 markers in the Mutant panel)[0m
            [0m. Your file is never uploaded or stored by Mutant.[0m
          [36m</p>[39m
        [36m</div>[39m
        [36m<p[39m
          [33mstyle[39m=[32m"margin: 0px 0px 12px; font-size: 13px; color: var(--color-text-secondary, 
#5f6368);"[39m
        [36m>[39m
          [0mGenerating your analysis usually takes about 2ΓÇô3 minutes.[0m
        [36m</p>[39m
        [36m<input[39m
          [33maccept[39m=[32m".txt,.vcf,.gz,.bgz"[39m
          [33mstyle[39m=[32m"display: none;"[39m
          [33mtype[39m=[32m"file"[39m
        [36m/>[39m
      [36m</main>[39m
    [36m</div>[39m
  [36m</div>[39m
[36m</body>[39m

Ignored nodes: comments, script, style
[36m<body>[39m
  [36m<div>[39m
    [36m<div[39m
      [33mstyle[39m=[32m"font-family: ui-sans-serif, system-ui, -apple-system, \"Segoe UI\", Roboto, Helvetica, 
Arial, sans-serif; font-size: 14px; line-height: 1.5; color: var(--color-text-primary, #1a1a1a); background: 
var(--color-background-primary, #ffffff); padding: 20px 22px; width: 100%; max-width: none; min-width: 0px; 
box-sizing: border-box; --mutant-accent: #1f7a3f; --mutant-accent-text: #ffffff; --mutant-error-bg: #fdecea; 
--mutant-error-border: #f5c6cb; --mutant-error-text: #7f1d1d; --mutant-drop-active: #f0fff4;"[39m
    [36m>[39m
      [36m<main[39m
        [33mstyle[39m=[32m"display: grid; grid-template-columns: minmax(0, 1fr); width: 100%; max-width: none; 
min-width: 0px; box-sizing: border-box;"[39m
      [36m>[39m
        [36m<h1[39m
          [33mstyle[39m=[32m"font-size: 17px; font-weight: 600; margin: 0px 0px 4px;"[39m
        [36m>[39m
          [0mAdd your DNA data[0m
        [36m</h1>[39m
        [36m<div[39m
          [33mrole[39m=[32m"status"[39m
          [33mstyle[39m=[32m"background: var(--color-background-secondary, #f5f7f6); border: 1px solid 
var(--color-border-secondary, #ced4da); border-radius: 8px; padding: 12px 14px; margin: 0px 0px 14px; font-size: 13px; 
width: 100%; max-width: none; min-width: 0px; box-sizing: border-box;"[39m
        [36m>[39m
          [36m<p[39m
            [33mstyle[39m=[32m"margin: 0px 0px 4px; font-weight: 600;"[39m
          [36m>[39m
            [0mDNA data is already on file[0m
          [36m</p>[39m
          [36m<p[39m
            [33mstyle[39m=[32m"margin: 0px; color: var(--color-text-secondary, #5f6368);"[39m
          [36m>[39m
            [0mYou can ask ChatGPT about your Mutant analysis. Importing another file replaces it.[0m
          [36m</p>[39m
        [36m</div>[39m
        [36m<div[39m
          [33mstyle[39m=[32m"border-radius: 10px; padding: 26px 20px; text-align: center; background: 
var(--color-background-secondary, #fafbfc); width: 100%; max-width: none; min-width: 0px; box-sizing: border-box; 
border-color: var(--color-border-secondary, #ced4da);"[39m
        [36m>[39m
          [36m<p[39m
            [33mstyle[39m=[32m"margin: 0px 0px 4px; font-weight: 600;"[39m
          [36m>[39m
            [0mDrag and drop your DNA file here[0m
          [36m</p>[39m
          [36m<p[39m
            [33mstyle[39m=[32m"margin: 0px 0px 16px; font-size: 13px; color: var(--color-text-secondary, 
#5f6368);"[39m
          [36m>[39m
            [0mAccepted formats: .txt (23andMe, AncestryDNA), .vcf, and .vcf.gz[0m
          [36m</p>[39m
          [36m<button[39m
            [33mstyle[39m=[32m"display: inline-block; background: var(--mutant-accent, #1f7a3f); color: 
var(--mutant-accent-text, #ffffff); border: medium; border-radius: 8px; padding: 10px 18px; font-size: 14px; 
font-weight: 600; cursor: pointer;"[39m
            [33mtype[39m=[32m"button"[39m
          [36m>[39m
            [0mChoose DNA file[0m
          [36m</button>[39m
        [36m</div>[39m
        [36m<div[39m
          [33mstyle[39m=[32m"background: var(--color-background-secondary, #f0f9f0); border: 1px solid 
var(--color-border-secondary, #cdeacd); border-radius: 8px; padding: 12px 14px; margin: 16px 0px; font-size: 13px; 
width: 100%; max-width: none; min-width: 0px; box-sizing: border-box;"[39m
        [36m>[39m
          [36m<p[39m
            [33mstyle[39m=[32m"margin: 0px 0px 4px; font-weight: 600;"[39m
          [36m>[39m
            [0mYour raw DNA file is processed locally.[0m
          [36m</p>[39m
          [36m<p[39m
            [33mstyle[39m=[32m"margin: 0px; color: var(--color-text-secondary, #5f6368);"[39m
          [36m>[39m
            [0mOnly variants used by Mutant are submitted[0m
            [0m (2 markers in the Mutant panel)[0m
            [0m. Your file is never uploaded or stored by Mutant.[0m
          [36m</p>[39m
        [36m</div>[39m
        [36m<p[39m
          [33mstyle[39m=[32m"margin: 0px 0px 12px; font-size: 13px; color: var(--color-text-secondary, 
#5f6368);"[39m
        [36m>[39m
          [0mGenerating your analysis usually takes about 2ΓÇô3 minutes.[0m
        [36m</p>[39m
        [36m<input[39m
          [33maccept[39m=[32m".txt,.vcf,.gz,.bgz"[39m
          [33mstyle[39m=[32m"display: none;"[39m
          [33mtype[39m=[32m"file"[39m
        [36m/>[39m
      [36m</main>[39m
    [36m</div>[39m
  [36m</div>[39m
[36m</body>[39m
 Γ¥» waitForWrapper node_modules/@testing-library/dom/dist/wait-for.js:163:27
 Γ¥» node_modules/@testing-library/dom/dist/query-helpers.js:86:33
 Γ¥» tests/dna-import-ui.test.tsx:875:18
    873|     const bridge = renderWith({ get_analysis_status: statusResponse("rΓÇª
    874|
    875|     await screen.findByText(/Analysis ready/i);
       |                  ^
    876|     fireEvent.click(screen.getByRole("button", { name: /view my top 3 ΓÇª
    877|     await screen.findByText(/Alpha finding/i);

ΓÄ»ΓÄ»ΓÄ»ΓÄ»ΓÄ»ΓÄ»ΓÄ»ΓÄ»ΓÄ»ΓÄ»ΓÄ»ΓÄ»ΓÄ»ΓÄ»ΓÄ»ΓÄ»ΓÄ»ΓÄ»ΓÄ»ΓÄ»ΓÄ»ΓÄ»[31/55]ΓÄ»

 FAIL  tests/dna-import-ui.test.tsx > DNA import component > uses the ChatGPT host API when the widget is injected 
with window.openai
TestingLibraryElementError: Unable to find an element with the text: /Analysis ready/i. This could be because the text 
is broken up by multiple elements. In this case, you can provide a function for your text matcher to make your matcher 
more flexible.

Ignored nodes: comments, script, style
[36m<body>[39m
  [36m<div>[39m
    [36m<div[39m
      [33mstyle[39m=[32m"font-family: ui-sans-serif, system-ui, -apple-system, \"Segoe UI\", Roboto, Helvetica, 
Arial, sans-serif; font-size: 14px; line-height: 1.5; color: var(--color-text-primary, #1a1a1a); background: 
var(--color-background-primary, #ffffff); padding: 20px 22px; width: 100%; max-width: none; min-width: 0px; 
box-sizing: border-box; --mutant-accent: #1f7a3f; --mutant-accent-text: #ffffff; --mutant-error-bg: #fdecea; 
--mutant-error-border: #f5c6cb; --mutant-error-text: #7f1d1d; --mutant-drop-active: #f0fff4;"[39m
    [36m>[39m
      [36m<main[39m
        [33mstyle[39m=[32m"display: grid; grid-template-columns: minmax(0, 1fr); width: 100%; max-width: none; 
min-width: 0px; box-sizing: border-box;"[39m
      [36m>[39m
        [36m<h1[39m
          [33mstyle[39m=[32m"font-size: 17px; font-weight: 600; margin: 0px 0px 4px;"[39m
        [36m>[39m
          [0mAdd your DNA data[0m
        [36m</h1>[39m
        [36m<div[39m
          [33mrole[39m=[32m"status"[39m
          [33mstyle[39m=[32m"background: var(--color-background-secondary, #f5f7f6); border: 1px solid 
var(--color-border-secondary, #ced4da); border-radius: 8px; padding: 12px 14px; margin: 0px 0px 14px; font-size: 13px; 
width: 100%; max-width: none; min-width: 0px; box-sizing: border-box;"[39m
        [36m>[39m
          [36m<p[39m
            [33mstyle[39m=[32m"margin: 0px 0px 4px; font-weight: 600;"[39m
          [36m>[39m
            [0mDNA data is already on file[0m
          [36m</p>[39m
          [36m<p[39m
            [33mstyle[39m=[32m"margin: 0px; color: var(--color-text-secondary, #5f6368);"[39m
          [36m>[39m
            [0mYou can ask ChatGPT about your Mutant analysis. Importing another file replaces it.[0m
          [36m</p>[39m
        [36m</div>[39m
        [36m<div[39m
          [33mstyle[39m=[32m"border-radius: 10px; padding: 26px 20px; text-align: center; background: 
var(--color-background-secondary, #fafbfc); width: 100%; max-width: none; min-width: 0px; box-sizing: border-box; 
border-color: var(--color-border-secondary, #ced4da);"[39m
        [36m>[39m
          [36m<p[39m
            [33mstyle[39m=[32m"margin: 0px 0px 4px; font-weight: 600;"[39m
          [36m>[39m
            [0mDrag and drop your DNA file here[0m
          [36m</p>[39m
          [36m<p[39m
            [33mstyle[39m=[32m"margin: 0px 0px 16px; font-size: 13px; color: var(--color-text-secondary, 
#5f6368);"[39m
          [36m>[39m
            [0mAccepted formats: .txt (23andMe, AncestryDNA), .vcf, and .vcf.gz[0m
          [36m</p>[39m
          [36m<button[39m
            [33mstyle[39m=[32m"display: inline-block; background: var(--mutant-accent, #1f7a3f); color: 
var(--mutant-accent-text, #ffffff); border: medium; border-radius: 8px; padding: 10px 18px; font-size: 14px; 
font-weight: 600; cursor: pointer;"[39m
            [33mtype[39m=[32m"button"[39m
          [36m>[39m
            [0mChoose DNA file[0m
          [36m</button>[39m
        [36m</div>[39m
        [36m<div[39m
          [33mstyle[39m=[32m"background: var(--color-background-secondary, #f0f9f0); border: 1px solid 
var(--color-border-secondary, #cdeacd); border-radius: 8px; padding: 12px 14px; margin: 16px 0px; font-size: 13px; 
width: 100%; max-width: none; min-width: 0px; box-sizing: border-box;"[39m
        [36m>[39m
          [36m<p[39m
            [33mstyle[39m=[32m"margin: 0px 0px 4px; font-weight: 600;"[39m
          [36m>[39m
            [0mYour raw DNA file is processed locally.[0m
          [36m</p>[39m
          [36m<p[39m
            [33mstyle[39m=[32m"margin: 0px; color: var(--color-text-secondary, #5f6368);"[39m
          [36m>[39m
            [0mOnly variants used by Mutant are submitted[0m
            [0m (2 markers in the Mutant panel)[0m
            [0m. Your file is never uploaded or stored by Mutant.[0m
          [36m</p>[39m
        [36m</div>[39m
        [36m<p[39m
          [33mstyle[39m=[32m"margin: 0px 0px 12px; font-size: 13px; color: var(--color-text-secondary, 
#5f6368);"[39m
        [36m>[39m
          [0mGenerating your analysis usually takes about 2ΓÇô3 minutes.[0m
        [36m</p>[39m
        [36m<input[39m
          [33maccept[39m=[32m".txt,.vcf,.gz,.bgz"[39m
          [33mstyle[39m=[32m"display: none;"[39m
          [33mtype[39m=[32m"file"[39m
        [36m/>[39m
      [36m</main>[39m
    [36m</div>[39m
  [36m</div>[39m
[36m</body>[39m

Ignored nodes: comments, script, style
[36m<body>[39m
  [36m<div>[39m
    [36m<div[39m
      [33mstyle[39m=[32m"font-family: ui-sans-serif, system-ui, -apple-system, \"Segoe UI\", Roboto, Helvetica, 
Arial, sans-serif; font-size: 14px; line-height: 1.5; color: var(--color-text-primary, #1a1a1a); background: 
var(--color-background-primary, #ffffff); padding: 20px 22px; width: 100%; max-width: none; min-width: 0px; 
box-sizing: border-box; --mutant-accent: #1f7a3f; --mutant-accent-text: #ffffff; --mutant-error-bg: #fdecea; 
--mutant-error-border: #f5c6cb; --mutant-error-text: #7f1d1d; --mutant-drop-active: #f0fff4;"[39m
    [36m>[39m
      [36m<main[39m
        [33mstyle[39m=[32m"display: grid; grid-template-columns: minmax(0, 1fr); width: 100%; max-width: none; 
min-width: 0px; box-sizing: border-box;"[39m
      [36m>[39m
        [36m<h1[39m
          [33mstyle[39m=[32m"font-size: 17px; font-weight: 600; margin: 0px 0px 4px;"[39m
        [36m>[39m
          [0mAdd your DNA data[0m
        [36m</h1>[39m
        [36m<div[39m
          [33mrole[39m=[32m"status"[39m
          [33mstyle[39m=[32m"background: var(--color-background-secondary, #f5f7f6); border: 1px solid 
var(--color-border-secondary, #ced4da); border-radius: 8px; padding: 12px 14px; margin: 0px 0px 14px; font-size: 13px; 
width: 100%; max-width: none; min-width: 0px; box-sizing: border-box;"[39m
        [36m>[39m
          [36m<p[39m
            [33mstyle[39m=[32m"margin: 0px 0px 4px; font-weight: 600;"[39m
          [36m>[39m
            [0mDNA data is already on file[0m
          [36m</p>[39m
          [36m<p[39m
            [33mstyle[39m=[32m"margin: 0px; color: var(--color-text-secondary, #5f6368);"[39m
          [36m>[39m
            [0mYou can ask ChatGPT about your Mutant analysis. Importing another file replaces it.[0m
          [36m</p>[39m
        [36m</div>[39m
        [36m<div[39m
          [33mstyle[39m=[32m"border-radius: 10px; padding: 26px 20px; text-align: center; background: 
var(--color-background-secondary, #fafbfc); width: 100%; max-width: none; min-width: 0px; box-sizing: border-box; 
border-color: var(--color-border-secondary, #ced4da);"[39m
        [36m>[39m
          [36m<p[39m
            [33mstyle[39m=[32m"margin: 0px 0px 4px; font-weight: 600;"[39m
          [36m>[39m
            [0mDrag and drop your DNA file here[0m
          [36m</p>[39m
          [36m<p[39m
            [33mstyle[39m=[32m"margin: 0px 0px 16px; font-size: 13px; color: var(--color-text-secondary, 
#5f6368);"[39m
          [36m>[39m
            [0mAccepted formats: .txt (23andMe, AncestryDNA), .vcf, and .vcf.gz[0m
          [36m</p>[39m
          [36m<button[39m
            [33mstyle[39m=[32m"display: inline-block; background: var(--mutant-accent, #1f7a3f); color: 
var(--mutant-accent-text, #ffffff); border: medium; border-radius: 8px; padding: 10px 18px; font-size: 14px; 
font-weight: 600; cursor: pointer;"[39m
            [33mtype[39m=[32m"button"[39m
          [36m>[39m
            [0mChoose DNA file[0m
          [36m</button>[39m
        [36m</div>[39m
        [36m<div[39m
          [33mstyle[39m=[32m"background: var(--color-background-secondary, #f0f9f0); border: 1px solid 
var(--color-border-secondary, #cdeacd); border-radius: 8px; padding: 12px 14px; margin: 16px 0px; font-size: 13px; 
width: 100%; max-width: none; min-width: 0px; box-sizing: border-box;"[39m
        [36m>[39m
          [36m<p[39m
            [33mstyle[39m=[32m"margin: 0px 0px 4px; font-weight: 600;"[39m
          [36m>[39m
            [0mYour raw DNA file is processed locally.[0m
          [36m</p>[39m
          [36m<p[39m
            [33mstyle[39m=[32m"margin: 0px; color: var(--color-text-secondary, #5f6368);"[39m
          [36m>[39m
            [0mOnly variants used by Mutant are submitted[0m
            [0m (2 markers in the Mutant panel)[0m
            [0m. Your file is never uploaded or stored by Mutant.[0m
          [36m</p>[39m
        [36m</div>[39m
        [36m<p[39m
          [33mstyle[39m=[32m"margin: 0px 0px 12px; font-size: 13px; color: var(--color-text-secondary, 
#5f6368);"[39m
        [36m>[39m
          [0mGenerating your analysis usually takes about 2ΓÇô3 minutes.[0m
        [36m</p>[39m
        [36m<input[39m
          [33maccept[39m=[32m".txt,.vcf,.gz,.bgz"[39m
          [33mstyle[39m=[32m"display: none;"[39m
          [33mtype[39m=[32m"file"[39m
        [36m/>[39m
      [36m</main>[39m
    [36m</div>[39m
  [36m</div>[39m
[36m</body>[39m
 Γ¥» waitForWrapper node_modules/@testing-library/dom/dist/wait-for.js:163:27
 Γ¥» node_modules/@testing-library/dom/dist/query-helpers.js:86:33
 Γ¥» tests/dna-import-ui.test.tsx:914:20
    912|       const bridge = renderWith({ get_analysis_status: statusResponse(ΓÇª
    913|
    914|       await screen.findByText(/Analysis ready/i);
       |                    ^
    915|       fireEvent.click(screen.getByRole("button", { name: /view my top ΓÇª
    916|       await screen.findByText(/Alpha finding/i);

ΓÄ»ΓÄ»ΓÄ»ΓÄ»ΓÄ»ΓÄ»ΓÄ»ΓÄ»ΓÄ»ΓÄ»ΓÄ»ΓÄ»ΓÄ»ΓÄ»ΓÄ»ΓÄ»ΓÄ»ΓÄ»ΓÄ»ΓÄ»ΓÄ»ΓÄ»[32/55]ΓÄ»

 FAIL  tests/dna-import-ui.test.tsx > DNA import component > shows a user-visible error when the host rejects the 
follow-up
TestingLibraryElementError: Unable to find an element with the text: /Analysis ready/i. This could be because the text 
is broken up by multiple elements. In this case, you can provide a function for your text matcher to make your matcher 
more flexible.

Ignored nodes: comments, script, style
[36m<body>[39m
  [36m<div>[39m
    [36m<div[39m
      [33mstyle[39m=[32m"font-family: ui-sans-serif, system-ui, -apple-system, \"Segoe UI\", Roboto, Helvetica, 
Arial, sans-serif; font-size: 14px; line-height: 1.5; color: var(--color-text-primary, #1a1a1a); background: 
var(--color-background-primary, #ffffff); padding: 20px 22px; width: 100%; max-width: none; min-width: 0px; 
box-sizing: border-box; --mutant-accent: #1f7a3f; --mutant-accent-text: #ffffff; --mutant-error-bg: #fdecea; 
--mutant-error-border: #f5c6cb; --mutant-error-text: #7f1d1d; --mutant-drop-active: #f0fff4;"[39m
    [36m>[39m
      [36m<main[39m
        [33mstyle[39m=[32m"display: grid; grid-template-columns: minmax(0, 1fr); width: 100%; max-width: none; 
min-width: 0px; box-sizing: border-box;"[39m
      [36m>[39m
        [36m<h1[39m
          [33mstyle[39m=[32m"font-size: 17px; font-weight: 600; margin: 0px 0px 4px;"[39m
        [36m>[39m
          [0mAdd your DNA data[0m
        [36m</h1>[39m
        [36m<div[39m
          [33mrole[39m=[32m"status"[39m
          [33mstyle[39m=[32m"background: var(--color-background-secondary, #f5f7f6); border: 1px solid 
var(--color-border-secondary, #ced4da); border-radius: 8px; padding: 12px 14px; margin: 0px 0px 14px; font-size: 13px; 
width: 100%; max-width: none; min-width: 0px; box-sizing: border-box;"[39m
        [36m>[39m
          [36m<p[39m
            [33mstyle[39m=[32m"margin: 0px 0px 4px; font-weight: 600;"[39m
          [36m>[39m
            [0mDNA data is already on file[0m
          [36m</p>[39m
          [36m<p[39m
            [33mstyle[39m=[32m"margin: 0px; color: var(--color-text-secondary, #5f6368);"[39m
          [36m>[39m
            [0mYou can ask ChatGPT about your Mutant analysis. Importing another file replaces it.[0m
          [36m</p>[39m
        [36m</div>[39m
        [36m<div[39m
          [33mstyle[39m=[32m"border-radius: 10px; padding: 26px 20px; text-align: center; background: 
var(--color-background-secondary, #fafbfc); width: 100%; max-width: none; min-width: 0px; box-sizing: border-box; 
border-color: var(--color-border-secondary, #ced4da);"[39m
        [36m>[39m
          [36m<p[39m
            [33mstyle[39m=[32m"margin: 0px 0px 4px; font-weight: 600;"[39m
          [36m>[39m
            [0mDrag and drop your DNA file here[0m
          [36m</p>[39m
          [36m<p[39m
            [33mstyle[39m=[32m"margin: 0px 0px 16px; font-size: 13px; color: var(--color-text-secondary, 
#5f6368);"[39m
          [36m>[39m
            [0mAccepted formats: .txt (23andMe, AncestryDNA), .vcf, and .vcf.gz[0m
          [36m</p>[39m
          [36m<button[39m
            [33mstyle[39m=[32m"display: inline-block; background: var(--mutant-accent, #1f7a3f); color: 
var(--mutant-accent-text, #ffffff); border: medium; border-radius: 8px; padding: 10px 18px; font-size: 14px; 
font-weight: 600; cursor: pointer;"[39m
            [33mtype[39m=[32m"button"[39m
          [36m>[39m
            [0mChoose DNA file[0m
          [36m</button>[39m
        [36m</div>[39m
        [36m<div[39m
          [33mstyle[39m=[32m"background: var(--color-background-secondary, #f0f9f0); border: 1px solid 
var(--color-border-secondary, #cdeacd); border-radius: 8px; padding: 12px 14px; margin: 16px 0px; font-size: 13px; 
width: 100%; max-width: none; min-width: 0px; box-sizing: border-box;"[39m
        [36m>[39m
          [36m<p[39m
            [33mstyle[39m=[32m"margin: 0px 0px 4px; font-weight: 600;"[39m
          [36m>[39m
            [0mYour raw DNA file is processed locally.[0m
          [36m</p>[39m
          [36m<p[39m
            [33mstyle[39m=[32m"margin: 0px; color: var(--color-text-secondary, #5f6368);"[39m
          [36m>[39m
            [0mOnly variants used by Mutant are submitted[0m
            [0m (2 markers in the Mutant panel)[0m
            [0m. Your file is never uploaded or stored by Mutant.[0m
          [36m</p>[39m
        [36m</div>[39m
        [36m<p[39m
          [33mstyle[39m=[32m"margin: 0px 0px 12px; font-size: 13px; color: var(--color-text-secondary, 
#5f6368);"[39m
        [36m>[39m
          [0mGenerating your analysis usually takes about 2ΓÇô3 minutes.[0m
        [36m</p>[39m
        [36m<input[39m
          [33maccept[39m=[32m".txt,.vcf,.gz,.bgz"[39m
          [33mstyle[39m=[32m"display: none;"[39m
          [33mtype[39m=[32m"file"[39m
        [36m/>[39m
      [36m</main>[39m
    [36m</div>[39m
  [36m</div>[39m
[36m</body>[39m

Ignored nodes: comments, script, style
[36m<body>[39m
  [36m<div>[39m
    [36m<div[39m
      [33mstyle[39m=[32m"font-family: ui-sans-serif, system-ui, -apple-system, \"Segoe UI\", Roboto, Helvetica, 
Arial, sans-serif; font-size: 14px; line-height: 1.5; color: var(--color-text-primary, #1a1a1a); background: 
var(--color-background-primary, #ffffff); padding: 20px 22px; width: 100%; max-width: none; min-width: 0px; 
box-sizing: border-box; --mutant-accent: #1f7a3f; --mutant-accent-text: #ffffff; --mutant-error-bg: #fdecea; 
--mutant-error-border: #f5c6cb; --mutant-error-text: #7f1d1d; --mutant-drop-active: #f0fff4;"[39m
    [36m>[39m
      [36m<main[39m
        [33mstyle[39m=[32m"display: grid; grid-template-columns: minmax(0, 1fr); width: 100%; max-width: none; 
min-width: 0px; box-sizing: border-box;"[39m
      [36m>[39m
        [36m<h1[39m
          [33mstyle[39m=[32m"font-size: 17px; font-weight: 600; margin: 0px 0px 4px;"[39m
        [36m>[39m
          [0mAdd your DNA data[0m
        [36m</h1>[39m
        [36m<div[39m
          [33mrole[39m=[32m"status"[39m
          [33mstyle[39m=[32m"background: var(--color-background-secondary, #f5f7f6); border: 1px solid 
var(--color-border-secondary, #ced4da); border-radius: 8px; padding: 12px 14px; margin: 0px 0px 14px; font-size: 13px; 
width: 100%; max-width: none; min-width: 0px; box-sizing: border-box;"[39m
        [36m>[39m
          [36m<p[39m
            [33mstyle[39m=[32m"margin: 0px 0px 4px; font-weight: 600;"[39m
          [36m>[39m
            [0mDNA data is already on file[0m
          [36m</p>[39m
          [36m<p[39m
            [33mstyle[39m=[32m"margin: 0px; color: var(--color-text-secondary, #5f6368);"[39m
          [36m>[39m
            [0mYou can ask ChatGPT about your Mutant analysis. Importing another file replaces it.[0m
          [36m</p>[39m
        [36m</div>[39m
        [36m<div[39m
          [33mstyle[39m=[32m"border-radius: 10px; padding: 26px 20px; text-align: center; background: 
var(--color-background-secondary, #fafbfc); width: 100%; max-width: none; min-width: 0px; box-sizing: border-box; 
border-color: var(--color-border-secondary, #ced4da);"[39m
        [36m>[39m
          [36m<p[39m
            [33mstyle[39m=[32m"margin: 0px 0px 4px; font-weight: 600;"[39m
          [36m>[39m
            [0mDrag and drop your DNA file here[0m
          [36m</p>[39m
          [36m<p[39m
            [33mstyle[39m=[32m"margin: 0px 0px 16px; font-size: 13px; color: var(--color-text-secondary, 
#5f6368);"[39m
          [36m>[39m
            [0mAccepted formats: .txt (23andMe, AncestryDNA), .vcf, and .vcf.gz[0m
          [36m</p>[39m
          [36m<button[39m
            [33mstyle[39m=[32m"display: inline-block; background: var(--mutant-accent, #1f7a3f); color: 
var(--mutant-accent-text, #ffffff); border: medium; border-radius: 8px; padding: 10px 18px; font-size: 14px; 
font-weight: 600; cursor: pointer;"[39m
            [33mtype[39m=[32m"button"[39m
          [36m>[39m
            [0mChoose DNA file[0m
          [36m</button>[39m
        [36m</div>[39m
        [36m<div[39m
          [33mstyle[39m=[32m"background: var(--color-background-secondary, #f0f9f0); border: 1px solid 
var(--color-border-secondary, #cdeacd); border-radius: 8px; padding: 12px 14px; margin: 16px 0px; font-size: 13px; 
width: 100%; max-width: none; min-width: 0px; box-sizing: border-box;"[39m
        [36m>[39m
          [36m<p[39m
            [33mstyle[39m=[32m"margin: 0px 0px 4px; font-weight: 600;"[39m
          [36m>[39m
            [0mYour raw DNA file is processed locally.[0m
          [36m</p>[39m
          [36m<p[39m
            [33mstyle[39m=[32m"margin: 0px; color: var(--color-text-secondary, #5f6368);"[39m
          [36m>[39m
            [0mOnly variants used by Mutant are submitted[0m
            [0m (2 markers in the Mutant panel)[0m
            [0m. Your file is never uploaded or stored by Mutant.[0m
          [36m</p>[39m
        [36m</div>[39m
        [36m<p[39m
          [33mstyle[39m=[32m"margin: 0px 0px 12px; font-size: 13px; color: var(--color-text-secondary, 
#5f6368);"[39m
        [36m>[39m
          [0mGenerating your analysis usually takes about 2ΓÇô3 minutes.[0m
        [36m</p>[39m
        [36m<input[39m
          [33maccept[39m=[32m".txt,.vcf,.gz,.bgz"[39m
          [33mstyle[39m=[32m"display: none;"[39m
          [33mtype[39m=[32m"file"[39m
        [36m/>[39m
      [36m</main>[39m
    [36m</div>[39m
  [36m</div>[39m
[36m</body>[39m
 Γ¥» waitForWrapper node_modules/@testing-library/dom/dist/wait-for.js:163:27
 Γ¥» node_modules/@testing-library/dom/dist/query-helpers.js:86:33
 Γ¥» tests/dna-import-ui.test.tsx:940:18
    938|     );
    939|
    940|     await screen.findByText(/Analysis ready/i);
       |                  ^
    941|     fireEvent.click(screen.getByRole("button", { name: /view my top 3 ΓÇª
    942|     await screen.findByText(/Alpha finding/i);

ΓÄ»ΓÄ»ΓÄ»ΓÄ»ΓÄ»ΓÄ»ΓÄ»ΓÄ»ΓÄ»ΓÄ»ΓÄ»ΓÄ»ΓÄ»ΓÄ»ΓÄ»ΓÄ»ΓÄ»ΓÄ»ΓÄ»ΓÄ»ΓÄ»ΓÄ»[33/55]ΓÄ»

 FAIL  tests/dna-import-ui.test.tsx > DNA import component > exposes a low-emphasis replace action once the analysis 
is ready
TestingLibraryElementError: Unable to find an element with the text: /Analysis ready/i. This could be because the text 
is broken up by multiple elements. In this case, you can provide a function for your text matcher to make your matcher 
more flexible.

Ignored nodes: comments, script, style
[36m<body>[39m
  [36m<div>[39m
    [36m<div[39m
      [33mstyle[39m=[32m"font-family: ui-sans-serif, system-ui, -apple-system, \"Segoe UI\", Roboto, Helvetica, 
Arial, sans-serif; font-size: 14px; line-height: 1.5; color: var(--color-text-primary, #1a1a1a); background: 
var(--color-background-primary, #ffffff); padding: 20px 22px; width: 100%; max-width: none; min-width: 0px; 
box-sizing: border-box; --mutant-accent: #1f7a3f; --mutant-accent-text: #ffffff; --mutant-error-bg: #fdecea; 
--mutant-error-border: #f5c6cb; --mutant-error-text: #7f1d1d; --mutant-drop-active: #f0fff4;"[39m
    [36m>[39m
      [36m<main[39m
        [33mstyle[39m=[32m"display: grid; grid-template-columns: minmax(0, 1fr); width: 100%; max-width: none; 
min-width: 0px; box-sizing: border-box;"[39m
      [36m>[39m
        [36m<h1[39m
          [33mstyle[39m=[32m"font-size: 17px; font-weight: 600; margin: 0px 0px 4px;"[39m
        [36m>[39m
          [0mAdd your DNA data[0m
        [36m</h1>[39m
        [36m<div[39m
          [33mrole[39m=[32m"status"[39m
          [33mstyle[39m=[32m"background: var(--color-background-secondary, #f5f7f6); border: 1px solid 
var(--color-border-secondary, #ced4da); border-radius: 8px; padding: 12px 14px; margin: 0px 0px 14px; font-size: 13px; 
width: 100%; max-width: none; min-width: 0px; box-sizing: border-box;"[39m
        [36m>[39m
          [36m<p[39m
            [33mstyle[39m=[32m"margin: 0px 0px 4px; font-weight: 600;"[39m
          [36m>[39m
            [0mDNA data is already on file[0m
          [36m</p>[39m
          [36m<p[39m
            [33mstyle[39m=[32m"margin: 0px; color: var(--color-text-secondary, #5f6368);"[39m
          [36m>[39m
            [0mYou can ask ChatGPT about your Mutant analysis. Importing another file replaces it.[0m
          [36m</p>[39m
        [36m</div>[39m
        [36m<div[39m
          [33mstyle[39m=[32m"border-radius: 10px; padding: 26px 20px; text-align: center; background: 
var(--color-background-secondary, #fafbfc); width: 100%; max-width: none; min-width: 0px; box-sizing: border-box; 
border-color: var(--color-border-secondary, #ced4da);"[39m
        [36m>[39m
          [36m<p[39m
            [33mstyle[39m=[32m"margin: 0px 0px 4px; font-weight: 600;"[39m
          [36m>[39m
            [0mDrag and drop your DNA file here[0m
          [36m</p>[39m
          [36m<p[39m
            [33mstyle[39m=[32m"margin: 0px 0px 16px; font-size: 13px; color: var(--color-text-secondary, 
#5f6368);"[39m
          [36m>[39m
            [0mAccepted formats: .txt (23andMe, AncestryDNA), .vcf, and .vcf.gz[0m
          [36m</p>[39m
          [36m<button[39m
            [33mstyle[39m=[32m"display: inline-block; background: var(--mutant-accent, #1f7a3f); color: 
var(--mutant-accent-text, #ffffff); border: medium; border-radius: 8px; padding: 10px 18px; font-size: 14px; 
font-weight: 600; cursor: pointer;"[39m
            [33mtype[39m=[32m"button"[39m
          [36m>[39m
            [0mChoose DNA file[0m
          [36m</button>[39m
        [36m</div>[39m
        [36m<div[39m
          [33mstyle[39m=[32m"background: var(--color-background-secondary, #f0f9f0); border: 1px solid 
var(--color-border-secondary, #cdeacd); border-radius: 8px; padding: 12px 14px; margin: 16px 0px; font-size: 13px; 
width: 100%; max-width: none; min-width: 0px; box-sizing: border-box;"[39m
        [36m>[39m
          [36m<p[39m
            [33mstyle[39m=[32m"margin: 0px 0px 4px; font-weight: 600;"[39m
          [36m>[39m
            [0mYour raw DNA file is processed locally.[0m
          [36m</p>[39m
          [36m<p[39m
            [33mstyle[39m=[32m"margin: 0px; color: var(--color-text-secondary, #5f6368);"[39m
          [36m>[39m
            [0mOnly variants used by Mutant are submitted[0m
            [0m (2 markers in the Mutant panel)[0m
            [0m. Your file is never uploaded or stored by Mutant.[0m
          [36m</p>[39m
        [36m</div>[39m
        [36m<p[39m
          [33mstyle[39m=[32m"margin: 0px 0px 12px; font-size: 13px; color: var(--color-text-secondary, 
#5f6368);"[39m
        [36m>[39m
          [0mGenerating your analysis usually takes about 2ΓÇô3 minutes.[0m
        [36m</p>[39m
        [36m<input[39m
          [33maccept[39m=[32m".txt,.vcf,.gz,.bgz"[39m
          [33mstyle[39m=[32m"display: none;"[39m
          [33mtype[39m=[32m"file"[39m
        [36m/>[39m
      [36m</main>[39m
    [36m</div>[39m
  [36m</div>[39m
[36m</body>[39m

Ignored nodes: comments, script, style
[36m<body>[39m
  [36m<div>[39m
    [36m<div[39m
      [33mstyle[39m=[32m"font-family: ui-sans-serif, system-ui, -apple-system, \"Segoe UI\", Roboto, Helvetica, 
Arial, sans-serif; font-size: 14px; line-height: 1.5; color: var(--color-text-primary, #1a1a1a); background: 
var(--color-background-primary, #ffffff); padding: 20px 22px; width: 100%; max-width: none; min-width: 0px; 
box-sizing: border-box; --mutant-accent: #1f7a3f; --mutant-accent-text: #ffffff; --mutant-error-bg: #fdecea; 
--mutant-error-border: #f5c6cb; --mutant-error-text: #7f1d1d; --mutant-drop-active: #f0fff4;"[39m
    [36m>[39m
      [36m<main[39m
        [33mstyle[39m=[32m"display: grid; grid-template-columns: minmax(0, 1fr); width: 100%; max-width: none; 
min-width: 0px; box-sizing: border-box;"[39m
      [36m>[39m
        [36m<h1[39m
          [33mstyle[39m=[32m"font-size: 17px; font-weight: 600; margin: 0px 0px 4px;"[39m
        [36m>[39m
          [0mAdd your DNA data[0m
        [36m</h1>[39m
        [36m<div[39m
          [33mrole[39m=[32m"status"[39m
          [33mstyle[39m=[32m"background: var(--color-background-secondary, #f5f7f6); border: 1px solid 
var(--color-border-secondary, #ced4da); border-radius: 8px; padding: 12px 14px; margin: 0px 0px 14px; font-size: 13px; 
width: 100%; max-width: none; min-width: 0px; box-sizing: border-box;"[39m
        [36m>[39m
          [36m<p[39m
            [33mstyle[39m=[32m"margin: 0px 0px 4px; font-weight: 600;"[39m
          [36m>[39m
            [0mDNA data is already on file[0m
          [36m</p>[39m
          [36m<p[39m
            [33mstyle[39m=[32m"margin: 0px; color: var(--color-text-secondary, #5f6368);"[39m
          [36m>[39m
            [0mYou can ask ChatGPT about your Mutant analysis. Importing another file replaces it.[0m
          [36m</p>[39m
        [36m</div>[39m
        [36m<div[39m
          [33mstyle[39m=[32m"border-radius: 10px; padding: 26px 20px; text-align: center; background: 
var(--color-background-secondary, #fafbfc); width: 100%; max-width: none; min-width: 0px; box-sizing: border-box; 
border-color: var(--color-border-secondary, #ced4da);"[39m
        [36m>[39m
          [36m<p[39m
            [33mstyle[39m=[32m"margin: 0px 0px 4px; font-weight: 600;"[39m
          [36m>[39m
            [0mDrag and drop your DNA file here[0m
          [36m</p>[39m
          [36m<p[39m
            [33mstyle[39m=[32m"margin: 0px 0px 16px; font-size: 13px; color: var(--color-text-secondary, 
#5f6368);"[39m
          [36m>[39m
            [0mAccepted formats: .txt (23andMe, AncestryDNA), .vcf, and .vcf.gz[0m
          [36m</p>[39m
          [36m<button[39m
            [33mstyle[39m=[32m"display: inline-block; background: var(--mutant-accent, #1f7a3f); color: 
var(--mutant-accent-text, #ffffff); border: medium; border-radius: 8px; padding: 10px 18px; font-size: 14px; 
font-weight: 600; cursor: pointer;"[39m
            [33mtype[39m=[32m"button"[39m
          [36m>[39m
            [0mChoose DNA file[0m
          [36m</button>[39m
        [36m</div>[39m
        [36m<div[39m
          [33mstyle[39m=[32m"background: var(--color-background-secondary, #f0f9f0); border: 1px solid 
var(--color-border-secondary, #cdeacd); border-radius: 8px; padding: 12px 14px; margin: 16px 0px; font-size: 13px; 
width: 100%; max-width: none; min-width: 0px; box-sizing: border-box;"[39m
        [36m>[39m
          [36m<p[39m
            [33mstyle[39m=[32m"margin: 0px 0px 4px; font-weight: 600;"[39m
          [36m>[39m
            [0mYour raw DNA file is processed locally.[0m
          [36m</p>[39m
          [36m<p[39m
            [33mstyle[39m=[32m"margin: 0px; color: var(--color-text-secondary, #5f6368);"[39m
          [36m>[39m
            [0mOnly variants used by Mutant are submitted[0m
            [0m (2 markers in the Mutant panel)[0m
            [0m. Your file is never uploaded or stored by Mutant.[0m
          [36m</p>[39m
        [36m</div>[39m
        [36m<p[39m
          [33mstyle[39m=[32m"margin: 0px 0px 12px; font-size: 13px; color: var(--color-text-secondary, 
#5f6368);"[39m
        [36m>[39m
          [0mGenerating your analysis usually takes about 2ΓÇô3 minutes.[0m
        [36m</p>[39m
        [36m<input[39m
          [33maccept[39m=[32m".txt,.vcf,.gz,.bgz"[39m
          [33mstyle[39m=[32m"display: none;"[39m
          [33mtype[39m=[32m"file"[39m
        [36m/>[39m
      [36m</main>[39m
    [36m</div>[39m
  [36m</div>[39m
[36m</body>[39m
 Γ¥» waitForWrapper node_modules/@testing-library/dom/dist/wait-for.js:163:27
 Γ¥» node_modules/@testing-library/dom/dist/query-helpers.js:86:33
 Γ¥» tests/dna-import-ui.test.tsx:962:18
    960|     const bridge = renderWith({ get_analysis_status: statusResponse("rΓÇª
    961|
    962|     await screen.findByText(/Analysis ready/i);
       |                  ^
    963|     // No re-import control while processing; a quiet one when ready.
    964|     expect(screen.queryByRole("button", { name: /import another file/iΓÇª

ΓÄ»ΓÄ»ΓÄ»ΓÄ»ΓÄ»ΓÄ»ΓÄ»ΓÄ»ΓÄ»ΓÄ»ΓÄ»ΓÄ»ΓÄ»ΓÄ»ΓÄ»ΓÄ»ΓÄ»ΓÄ»ΓÄ»ΓÄ»ΓÄ»ΓÄ»[34/55]ΓÄ»

 FAIL  tests/dna-import.test.ts > DNA import authorization > allows the DNA import tools to a dna.import token
AssertionError: show_dna_import should be allowed: expected true to be false // Object.is equality

- Expected
+ Received

- false
+ true

 Γ¥» tests/dna-import.test.ts:145:59
    143|         arguments: name === "create_report" ? VALID_IMPORT : {},
    144|       });
    145|       expect(result.isError, `${name} should be allowed`).toBe(false);
       |                                                           ^
    146|     }
    147|   });

ΓÄ»ΓÄ»ΓÄ»ΓÄ»ΓÄ»ΓÄ»ΓÄ»ΓÄ»ΓÄ»ΓÄ»ΓÄ»ΓÄ»ΓÄ»ΓÄ»ΓÄ»ΓÄ»ΓÄ»ΓÄ»ΓÄ»ΓÄ»ΓÄ»ΓÄ»[35/55]ΓÄ»

 FAIL  tests/dna-import.test.ts > show_dna_import > returns the UI resource URI on the descriptor and the result
TypeError: Cannot read properties of undefined (reading 'ui')
 Γ¥» tests/dna-import.test.ts:172:24
    170|     const result = await client.callTool({ name: "show_dna_import", arΓÇª
    171|     const resultMeta = result._meta as Record<string, unknown>;
    172|     expect((resultMeta.ui as { resourceUri?: string }).resourceUri).toΓÇª
       |                        ^
    173|   });
    174|

ΓÄ»ΓÄ»ΓÄ»ΓÄ»ΓÄ»ΓÄ»ΓÄ»ΓÄ»ΓÄ»ΓÄ»ΓÄ»ΓÄ»ΓÄ»ΓÄ»ΓÄ»ΓÄ»ΓÄ»ΓÄ»ΓÄ»ΓÄ»ΓÄ»ΓÄ»[36/55]ΓÄ»

 FAIL  tests/dna-import.test.ts > show_dna_import > returns only a rendered flag, the mode, and never genetic data or 
account state
TypeError: Cannot read properties of undefined (reading 'ok')
 Γ¥» tests/dna-import.test.ts:179:21
    177|     const result = await client.callTool({ name: "show_dna_import", arΓÇª
    178|     const envelope = structured(result);
    179|     expect(envelope.ok).toBe(true);
       |                     ^
    180|     // No routing state is echoed back: the component reads the authorΓÇª
    181|     // state itself, so there is nothing here for the model to narrate.

ΓÄ»ΓÄ»ΓÄ»ΓÄ»ΓÄ»ΓÄ»ΓÄ»ΓÄ»ΓÄ»ΓÄ»ΓÄ»ΓÄ»ΓÄ»ΓÄ»ΓÄ»ΓÄ»ΓÄ»ΓÄ»ΓÄ»ΓÄ»ΓÄ»ΓÄ»[37/55]ΓÄ»

 FAIL  tests/dna-import.test.ts > show_dna_import > echoes the regenerate mode for an explicit refresh
TypeError: Cannot read properties of undefined (reading 'data')
 Γ¥» tests/dna-import.test.ts:196:21
    194|     });
    195|     const envelope = structured(result);
    196|     expect(envelope.data).toEqual({ ui_rendered: true, mode: "regeneraΓÇª
       |                     ^
    197|     const meta = result._meta as { mutant?: { mode?: string } };
    198|     expect(meta.mutant?.mode).toBe("regenerate");

ΓÄ»ΓÄ»ΓÄ»ΓÄ»ΓÄ»ΓÄ»ΓÄ»ΓÄ»ΓÄ»ΓÄ»ΓÄ»ΓÄ»ΓÄ»ΓÄ»ΓÄ»ΓÄ»ΓÄ»ΓÄ»ΓÄ»ΓÄ»ΓÄ»ΓÄ»[38/55]ΓÄ»

 FAIL  tests/dna-import.test.ts > get_snp_catalog > proxies the catalog unchanged and hides itself from the model
TypeError: Cannot read properties of undefined (reading 'data')
 Γ¥» tests/dna-import.test.ts:212:30
    210|
    211|     const result = await client.callTool({ name: "get_snp_catalog", arΓÇª
    212|     expect(structured(result).data).toEqual(CATALOG);
       |                              ^
    213|     // Not summarized or reshaped on the way through.
    214|     expect(backendClient.calls[0]?.operation).toBe("get_snp_catalog");

ΓÄ»ΓÄ»ΓÄ»ΓÄ»ΓÄ»ΓÄ»ΓÄ»ΓÄ»ΓÄ»ΓÄ»ΓÄ»ΓÄ»ΓÄ»ΓÄ»ΓÄ»ΓÄ»ΓÄ»ΓÄ»ΓÄ»ΓÄ»ΓÄ»ΓÄ»[39/55]ΓÄ»

 FAIL  tests/dna-import.test.ts > create_report > returns only analysis_id and status and never echoes genotypes
TypeError: Cannot read properties of undefined (reading 'data')
 Γ¥» tests/dna-import.test.ts:317:30
    315|     });
    316|     const result = await client.callTool({ name: "create_report", arguΓÇª
    317|     expect(structured(result).data).toEqual({ analysis_id: "analysis_1ΓÇª
       |                              ^
    318|     expect(JSON.stringify(result)).not.toContain("GG");
    319|   });

ΓÄ»ΓÄ»ΓÄ»ΓÄ»ΓÄ»ΓÄ»ΓÄ»ΓÄ»ΓÄ»ΓÄ»ΓÄ»ΓÄ»ΓÄ»ΓÄ»ΓÄ»ΓÄ»ΓÄ»ΓÄ»ΓÄ»ΓÄ»ΓÄ»ΓÄ»[40/55]ΓÄ»

 FAIL  tests/dna-import.test.ts > create_report > accepts a payload at the request size cap
AssertionError: expected true to be false // Object.is equality

- Expected
+ Received

- false
+ true

 Γ¥» tests/dna-import.test.ts:355:28
    353|     const { client } = await connect({});
    354|     const result = await client.callTool({ name: "create_report", arguΓÇª
    355|     expect(result.isError).toBe(false);
       |                            ^
    356|     expect(structured(result).ok).toBe(true);
    357|   });

ΓÄ»ΓÄ»ΓÄ»ΓÄ»ΓÄ»ΓÄ»ΓÄ»ΓÄ»ΓÄ»ΓÄ»ΓÄ»ΓÄ»ΓÄ»ΓÄ»ΓÄ»ΓÄ»ΓÄ»ΓÄ»ΓÄ»ΓÄ»ΓÄ»ΓÄ»[41/55]ΓÄ»

 FAIL  tests/dna-import.test.ts > create_report > forwards the request-only analysis context without logging it
AssertionError: expected true to be false // Object.is equality

- Expected
+ Received

- false
+ true

 Γ¥» tests/dna-import.test.ts:388:28
    386|     });
    387|
    388|     expect(result.isError).toBe(false);
       |                            ^
    389|     expect(backendClient.calls[0]?.arguments.analysis_context).toEqualΓÇª
    390|

ΓÄ»ΓÄ»ΓÄ»ΓÄ»ΓÄ»ΓÄ»ΓÄ»ΓÄ»ΓÄ»ΓÄ»ΓÄ»ΓÄ»ΓÄ»ΓÄ»ΓÄ»ΓÄ»ΓÄ»ΓÄ»ΓÄ»ΓÄ»ΓÄ»ΓÄ»[42/55]ΓÄ»

 FAIL  tests/dna-import.test.ts > get_analysis_status > passes the backend routing fields through unchanged
TypeError: Cannot read properties of undefined (reading 'data')
 Γ¥» tests/dna-import.test.ts:448:36
    446|     });
    447|     const result = await client.callTool({ name: "get_analysis_status"ΓÇª
    448|     const data = structured(result).data as Record<string, unknown>;
       |                                    ^
    449|     expect(data.dna_status).toBe("missing");
    450|     expect(data.analysis_status).toBe("unavailable");

ΓÄ»ΓÄ»ΓÄ»ΓÄ»ΓÄ»ΓÄ»ΓÄ»ΓÄ»ΓÄ»ΓÄ»ΓÄ»ΓÄ»ΓÄ»ΓÄ»ΓÄ»ΓÄ»ΓÄ»ΓÄ»ΓÄ»ΓÄ»ΓÄ»ΓÄ»[43/55]ΓÄ»

 FAIL  tests/dna-import.test.ts > get_analysis_status > adds suggested prompts for a ready analysis
TypeError: Cannot read properties of undefined (reading 'data')
 Γ¥» tests/dna-import.test.ts:461:36
    459|     });
    460|     const result = await client.callTool({ name: "get_analysis_status"ΓÇª
    461|     const data = structured(result).data as Record<string, unknown>;
       |                                    ^
    462|     const prompts = data.suggested_prompts as Array<{ id: string; promΓÇª
    463|     expect(prompts.length).toBeGreaterThan(0);

ΓÄ»ΓÄ»ΓÄ»ΓÄ»ΓÄ»ΓÄ»ΓÄ»ΓÄ»ΓÄ»ΓÄ»ΓÄ»ΓÄ»ΓÄ»ΓÄ»ΓÄ»ΓÄ»ΓÄ»ΓÄ»ΓÄ»ΓÄ»ΓÄ»ΓÄ»[44/55]ΓÄ»

 FAIL  tests/dna-import.test.ts > get_analysis_status > suggests a refresh only when regeneration is available
TypeError: Cannot read properties of undefined (reading 'data')
 Γ¥» tests/dna-import.test.ts:480:40
    478|     });
    479|     const result = await client.callTool({ name: "get_analysis_status"ΓÇª
    480|     const prompts = (structured(result).data as { suggested_prompts: AΓÇª
       |                                        ^
    481|       .suggested_prompts;
    482|     expect(prompts.some((prompt) => prompt.id === "why-refresh")).toBeΓÇª

ΓÄ»ΓÄ»ΓÄ»ΓÄ»ΓÄ»ΓÄ»ΓÄ»ΓÄ»ΓÄ»ΓÄ»ΓÄ»ΓÄ»ΓÄ»ΓÄ»ΓÄ»ΓÄ»ΓÄ»ΓÄ»ΓÄ»ΓÄ»ΓÄ»ΓÄ»[45/55]ΓÄ»

 FAIL  tests/dna-import.test.ts > get_analysis_status > never rewrites or infers fields the backend omitted
TypeError: Cannot read properties of undefined (reading 'data')
 Γ¥» tests/dna-import.test.ts:488:36
    486|     const { client } = await connect({ responder: () => ok({ data: {} ΓÇª
    487|     const result = await client.callTool({ name: "get_analysis_status"ΓÇª
    488|     const data = structured(result).data as Record<string, unknown>;
       |                                    ^
    489|     expect(data.dna_status).toBeUndefined();
    490|     expect(data.analysis_status).toBeUndefined();

ΓÄ»ΓÄ»ΓÄ»ΓÄ»ΓÄ»ΓÄ»ΓÄ»ΓÄ»ΓÄ»ΓÄ»ΓÄ»ΓÄ»ΓÄ»ΓÄ»ΓÄ»ΓÄ»ΓÄ»ΓÄ»ΓÄ»ΓÄ»ΓÄ»ΓÄ»[46/55]ΓÄ»

 FAIL  tests/dna-import.test.ts > dev-mode mock analysis lifecycle > remembers an import so status polling reaches 
ready
AssertionError: expected undefined to be 'ready' // Object.is equality

- Expected:
"ready"

+ Received:
undefined

 Γ¥» tests/dna-import.test.ts:508:41
    506|
    507|     const after = await client.invoke("get_analysis_status", {}, user,ΓÇª
    508|     expect(after.data?.analysis_status).toBe("ready");
       |                                         ^
    509|     expect(after.data?.dna_status).toBe("available");
    510|     expect(typeof after.data?.analysis_id).toBe("string");

ΓÄ»ΓÄ»ΓÄ»ΓÄ»ΓÄ»ΓÄ»ΓÄ»ΓÄ»ΓÄ»ΓÄ»ΓÄ»ΓÄ»ΓÄ»ΓÄ»ΓÄ»ΓÄ»ΓÄ»ΓÄ»ΓÄ»ΓÄ»ΓÄ»ΓÄ»[47/55]ΓÄ»

 FAIL  tests/dna-import.test.ts > dev-mode mock analysis lifecycle > reports processing until the synthetic window 
elapses
AssertionError: expected undefined to be 'processing' // Object.is equality

- Expected:
"processing"

+ Received:
undefined

 Γ¥» tests/dna-import.test.ts:522:42
    520|
    521|     const status = await client.invoke("get_analysis_status", {}, userΓÇª
    522|     expect(status.data?.analysis_status).toBe("processing");
       |                                          ^
    523|   });
    524|

ΓÄ»ΓÄ»ΓÄ»ΓÄ»ΓÄ»ΓÄ»ΓÄ»ΓÄ»ΓÄ»ΓÄ»ΓÄ»ΓÄ»ΓÄ»ΓÄ»ΓÄ»ΓÄ»ΓÄ»ΓÄ»ΓÄ»ΓÄ»ΓÄ»ΓÄ»[48/55]ΓÄ»

 FAIL  tests/mcp-server.test.ts > MCP server integration > lists the ten contract tools with schemas
AssertionError: expected undefined to be defined
 Γ¥» tests/mcp-server.test.ts:35:33
     33|     for (const tool of result.tools) {
     34|       expect(tool.inputSchema).toBeDefined();
     35|       expect(tool.outputSchema).toBeDefined();
       |                                 ^
     36|     }
     37|   });

ΓÄ»ΓÄ»ΓÄ»ΓÄ»ΓÄ»ΓÄ»ΓÄ»ΓÄ»ΓÄ»ΓÄ»ΓÄ»ΓÄ»ΓÄ»ΓÄ»ΓÄ»ΓÄ»ΓÄ»ΓÄ»ΓÄ»ΓÄ»ΓÄ»ΓÄ»[49/55]ΓÄ»

 FAIL  tests/mcp-server.test.ts > MCP server integration > renders the overview card with analysis.read and without a 
backend call
AssertionError: expected true to be false // Object.is equality

- Expected
+ Received

- false
+ true

 Γ¥» tests/mcp-server.test.ts:64:28
     62|
     63|     const result = await client.callTool({ name: "show_analysis_overviΓÇª
     64|     expect(result.isError).toBe(false);
       |                            ^
     65|     expect((result.structuredContent as ToolResponse).data).toEqual({
     66|       ui_rendered: true,

ΓÄ»ΓÄ»ΓÄ»ΓÄ»ΓÄ»ΓÄ»ΓÄ»ΓÄ»ΓÄ»ΓÄ»ΓÄ»ΓÄ»ΓÄ»ΓÄ»ΓÄ»ΓÄ»ΓÄ»ΓÄ»ΓÄ»ΓÄ»ΓÄ»ΓÄ»[50/55]ΓÄ»

 FAIL  tests/mcp-server.test.ts > MCP server integration > relays a success envelope into structuredContent with 
deterministic content
AssertionError: expected true to be false // Object.is equality

- Expected
+ Received

- false
+ true

 Γ¥» tests/mcp-server.test.ts:89:28
     87|     );
     88|     const result = await client.callTool({ name: "get_analysis_status"ΓÇª
     89|     expect(result.isError).toBe(false);
       |                            ^
     90|     const structured = result.structuredContent as { ok: boolean; dataΓÇª
     91|     expect(structured.ok).toBe(true);

ΓÄ»ΓÄ»ΓÄ»ΓÄ»ΓÄ»ΓÄ»ΓÄ»ΓÄ»ΓÄ»ΓÄ»ΓÄ»ΓÄ»ΓÄ»ΓÄ»ΓÄ»ΓÄ»ΓÄ»ΓÄ»ΓÄ»ΓÄ»ΓÄ»ΓÄ»[51/55]ΓÄ»

 FAIL  tests/mcp-server.test.ts > MCP server integration > replaces backend-local checkout URLs with the public portal 
URL
TypeError: Cannot read properties of undefined (reading 'data')
 Γ¥» tests/mcp-server.test.ts:121:56
    119|     const context = await client.callTool({ name: "get_analysis_contexΓÇª
    120|     const status = await client.callTool({ name: "get_analysis_status"ΓÇª
    121|     expect((context.structuredContent as ToolResponse).data?.upgrade).ΓÇª
       |                                                        ^
    122|       label: "Unlock Full Analysis",
    123|       url: "https://mutantgenomics.com/cart",

ΓÄ»ΓÄ»ΓÄ»ΓÄ»ΓÄ»ΓÄ»ΓÄ»ΓÄ»ΓÄ»ΓÄ»ΓÄ»ΓÄ»ΓÄ»ΓÄ»ΓÄ»ΓÄ»ΓÄ»ΓÄ»ΓÄ»ΓÄ»ΓÄ»ΓÄ»[52/55]ΓÄ»

 FAIL  tests/mcp-server.test.ts > MCP server integration > mounts the refresh card from a ready status with an 
available update
TypeError: Cannot read properties of undefined (reading 'ui')
 Γ¥» tests/mcp-server.test.ts:141:17
    139|     const result = await client.callTool({ name: "get_analysis_status"ΓÇª
    140|     const meta = result._meta as { ui?: { resourceUri?: string }; mutaΓÇª
    141|     expect(meta.ui?.resourceUri).toBe("ui://mutant/dna-import/v1.html"ΓÇª
       |                 ^
    142|     expect(meta.mutant?.mode).toBe("overview");
    143|     expect((result.content as Array<{ text: string }>)[0]?.text).toConΓÇª

ΓÄ»ΓÄ»ΓÄ»ΓÄ»ΓÄ»ΓÄ»ΓÄ»ΓÄ»ΓÄ»ΓÄ»ΓÄ»ΓÄ»ΓÄ»ΓÄ»ΓÄ»ΓÄ»ΓÄ»ΓÄ»ΓÄ»ΓÄ»ΓÄ»ΓÄ»[53/55]ΓÄ»

 FAIL  tests/mcp-server.test.ts > MCP server integration > never duplicates structuredContent into the model-facing 
content
AssertionError: expected 'Cannot read properties of undefined (ΓÇª' to not include undefined
 Γ¥» tests/mcp-server.test.ts:222:25
    220|       .map((block) => block.text ?? "")
    221|       .join("\n");
    222|     expect(content).not.toContain(structured);
       |                         ^
    223|     expect(content).not.toMatch(/^\s*[{[]/);
    224|   });

ΓÄ»ΓÄ»ΓÄ»ΓÄ»ΓÄ»ΓÄ»ΓÄ»ΓÄ»ΓÄ»ΓÄ»ΓÄ»ΓÄ»ΓÄ»ΓÄ»ΓÄ»ΓÄ»ΓÄ»ΓÄ»ΓÄ»ΓÄ»ΓÄ»ΓÄ»[54/55]ΓÄ»

 FAIL  tests/tools.test.ts > tool definitions > uses contract version 2.0.0
AssertionError: expected '3.0.0' to be '2.0.0' // Object.is equality

Expected: "2.0.0"
Received: "3.0.0"

 Γ¥» tests/tools.test.ts:80:30
     78|
     79|   it("uses contract version 2.0.0", () => {

     80|     expect(CONTRACT_VERSION).toBe("2.0.0");
       |                              ^
     81|   });
     82|

ΓÄ»ΓÄ»ΓÄ»ΓÄ»ΓÄ»ΓÄ»ΓÄ»ΓÄ»ΓÄ»ΓÄ»ΓÄ»ΓÄ»ΓÄ»ΓÄ»ΓÄ»ΓÄ»ΓÄ»ΓÄ»ΓÄ»ΓÄ»ΓÄ»ΓÄ»[55/55]ΓÄ»

 Test Files  5 failed | 10 passed (15)
      Tests  55 failed | 166 passed (221)
   Start at  13:06:14
   Duration  27.24s (transform 2.70s, setup 0ms, import 7.45s, tests 28.27s, environment 1.16s)

