node.exe : npm warn Unknown env config "devdir". This will stop working in the next major version of npm.
At line:1 char:1
+ & "C:\Program Files\nodejs/node.exe" "C:\Program Files\nodejs/node_mo ...
+ ~~~~~~~~~~~~~~~~~~~~~~~~~~~~~~~~~~~~~~~~~~~~~~~~~~~~~~~~~~~~~~~~~~~~~
    + CategoryInfo          : NotSpecified: (npm warn Unknow...version of npm.:String) [], RemoteException
    + FullyQualifiedErrorId : NativeCommandError
 

 RUN  v4.1.10 C:/ghrepos/mcp_server/mutant-mcp

stdout | tests/dna-import-ui.test.tsx > DNA import component > shows a truthful processing card without internal identifiers
Sending message {
  method: 'ui/initialize',
  params: {
    appCapabilities: {},
    appInfo: { name: 'Mutant Genomics', version: '1.0.0' },
    protocolVersion: '2026-01-26'
  },
  jsonrpc: '2.0',
  id: 0
}

stdout | tests/dna-import-ui.test.tsx > DNA import component > shows a truthful processing card without internal identifiers
Parsed message {
  jsonrpc: '2.0',
  id: 0,
  result: {
    protocolVersion: '2026-01-26',
    hostInfo: { name: 'fake-host', version: '1.0.0' },
    hostCapabilities: {},
    hostContext: { theme: 'light' }
  }
}
Ignoring message from unknown source MessageEvent { isTrusted: [Getter] }
Sending message { method: 'ui/notifications/initialized', jsonrpc: '2.0' }

stdout | tests/dna-import-ui.test.tsx > DNA import component > shows a truthful processing card without internal identifiers
Ignoring message from unknown source MessageEvent { isTrusted: [Getter] }

stdout | tests/dna-import-ui.test.tsx > DNA import component > shows a truthful processing card without internal identifiers
Sending message {
  method: 'tools/call',
  params: {
    name: 'get_snp_catalog',
    arguments: {},
    _meta: { progressToken: 1 }
  },
  jsonrpc: '2.0',
  id: 1
}
Sending message {
  method: 'tools/call',
  params: {
    name: 'get_analysis_status',
    arguments: {},
    _meta: { progressToken: 2 }
  },
  jsonrpc: '2.0',
  id: 2
}

stdout | tests/dna-import-ui.test.tsx > DNA import component > shows a truthful processing card without internal identifiers
Parsed message {
  jsonrpc: '2.0',
  id: 1,
  result: {
    content: [ [Object] ],
    structuredContent: {
      contract_version: '3.0.0',
      analysis_version: 'rev42-v3.0.0',
      ok: true,
      data: [Object],
      error: null
    },
    isError: false
  }
}
Ignoring message from unknown source MessageEvent { isTrusted: [Getter] }

stdout | tests/dna-import-ui.test.tsx > DNA import component > shows a truthful processing card without internal identifiers
Parsed message {
  jsonrpc: '2.0',
  id: 2,
  result: {
    content: [ [Object] ],
    structuredContent: {
      contract_version: '3.0.0',
      analysis_version: 'rev42-v3.0.0',
      ok: true,
      data: [Object],
      error: null
    },
    isError: false
  }
}
Ignoring message from unknown source MessageEvent { isTrusted: [Getter] }

stdout | tests/dna-import-ui.test.tsx > DNA import component > resumes an in-flight analysis on mount and polls it to ready
Sending message {
  method: 'ui/initialize',
  params: {
    appCapabilities: {},
    appInfo: { name: 'Mutant Genomics', version: '1.0.0' },
    protocolVersion: '2026-01-26'
  },
  jsonrpc: '2.0',
  id: 0
}

stdout | tests/dna-import-ui.test.tsx > DNA import component > resumes an in-flight analysis on mount and polls it to ready
Parsed message {
  jsonrpc: '2.0',
  id: 0,
  result: {
    protocolVersion: '2026-01-26',
    hostInfo: { name: 'fake-host', version: '1.0.0' },
    hostCapabilities: {},
    hostContext: { theme: 'light' }
  }
}
Ignoring message from unknown source MessageEvent { isTrusted: [Getter] }
Sending message { method: 'ui/notifications/initialized', jsonrpc: '2.0' }

stdout | tests/dna-import-ui.test.tsx > DNA import component > resumes an in-flight analysis on mount and polls it to ready
Ignoring message from unknown source MessageEvent { isTrusted: [Getter] }

stdout | tests/dna-import-ui.test.tsx > DNA import component > resumes an in-flight analysis on mount and polls it to ready
Sending message {
  method: 'tools/call',
  params: {
    name: 'get_snp_catalog',
    arguments: {},
    _meta: { progressToken: 1 }
  },
  jsonrpc: '2.0',
  id: 1
}
Sending message {
  method: 'tools/call',
  params: {
    name: 'get_analysis_status',
    arguments: {},
    _meta: { progressToken: 2 }
  },
  jsonrpc: '2.0',
  id: 2
}

stdout | tests/dna-import-ui.test.tsx > DNA import component > resumes an in-flight analysis on mount and polls it to ready
Parsed message {
  jsonrpc: '2.0',
  id: 1,
  result: {
    content: [ [Object] ],
    structuredContent: {
      contract_version: '3.0.0',
      analysis_version: 'rev42-v3.0.0',
      ok: true,
      data: [Object],
      error: null
    },
    isError: false
  }
}
Ignoring message from unknown source MessageEvent { isTrusted: [Getter] }

stdout | tests/dna-import-ui.test.tsx > DNA import component > resumes an in-flight analysis on mount and polls it to ready
Parsed message {
  jsonrpc: '2.0',
  id: 2,
  result: {
    content: [ [Object] ],
    structuredContent: {
      contract_version: '3.0.0',
      analysis_version: 'rev42-v3.0.0',
      ok: true,
      data: [Object],
      error: null
    },
    isError: false
  }
}
Ignoring message from unknown source MessageEvent { isTrusted: [Getter] }

stdout | tests/dna-import-ui.test.tsx > DNA import component > opens directly on the ready card when the analysis is already complete
Sending message {
  method: 'ui/initialize',
  params: {
    appCapabilities: {},
    appInfo: { name: 'Mutant Genomics', version: '1.0.0' },
    protocolVersion: '2026-01-26'
  },
  jsonrpc: '2.0',
  id: 0
}

stdout | tests/dna-import-ui.test.tsx > DNA import component > opens directly on the ready card when the analysis is already complete
Parsed message {
  jsonrpc: '2.0',
  id: 0,
  result: {
    protocolVersion: '2026-01-26',
    hostInfo: { name: 'fake-host', version: '1.0.0' },
    hostCapabilities: {},
    hostContext: { theme: 'light' }
  }
}
Ignoring message from unknown source MessageEvent { isTrusted: [Getter] }
Sending message { method: 'ui/notifications/initialized', jsonrpc: '2.0' }

stdout | tests/dna-import-ui.test.tsx > DNA import component > opens directly on the ready card when the analysis is already complete
Ignoring message from unknown source MessageEvent { isTrusted: [Getter] }

stdout | tests/dna-import-ui.test.tsx > DNA import component > opens directly on the ready card when the analysis is already complete
Sending message {
  method: 'tools/call',
  params: {
    name: 'get_snp_catalog',
    arguments: {},
    _meta: { progressToken: 1 }
  },
  jsonrpc: '2.0',
  id: 1
}
Sending message {
  method: 'tools/call',
  params: {
    name: 'get_analysis_status',
    arguments: {},
    _meta: { progressToken: 2 }
  },
  jsonrpc: '2.0',
  id: 2
}

stdout | tests/dna-import-ui.test.tsx > DNA import component > opens directly on the ready card when the analysis is already complete
Parsed message {
  jsonrpc: '2.0',
  id: 1,
  result: {
    content: [ [Object] ],
    structuredContent: {
      contract_version: '3.0.0',
      analysis_version: 'rev42-v3.0.0',
      ok: true,
      data: [Object],
      error: null
    },
    isError: false
  }
}
Ignoring message from unknown source MessageEvent { isTrusted: [Getter] }

stdout | tests/dna-import-ui.test.tsx > DNA import component > opens directly on the ready card when the analysis is already complete
Parsed message {
  jsonrpc: '2.0',
  id: 2,
  result: {
    content: [ [Object] ],
    structuredContent: {
      contract_version: '3.0.0',
      analysis_version: 'rev42-v3.0.0',
      ok: true,
      data: [Object],
      error: null
    },
    isError: false
  }
}
Ignoring message from unknown source MessageEvent { isTrusted: [Getter] }

stdout | tests/dna-import-ui.test.tsx > DNA import component > polls automatically after submitting, without another prompt
Sending message {
  method: 'ui/initialize',
  params: {
    appCapabilities: {},
    appInfo: { name: 'Mutant Genomics', version: '1.0.0' },
    protocolVersion: '2026-01-26'
  },
  jsonrpc: '2.0',
  id: 0
}

stdout | tests/dna-import-ui.test.tsx > DNA import component > polls automatically after submitting, without another prompt
Parsed message {
  jsonrpc: '2.0',
  id: 0,
  result: {
    protocolVersion: '2026-01-26',
    hostInfo: { name: 'fake-host', version: '1.0.0' },
    hostCapabilities: {},
    hostContext: { theme: 'light' }
  }
}
Ignoring message from unknown source MessageEvent { isTrusted: [Getter] }
Sending message { method: 'ui/notifications/initialized', jsonrpc: '2.0' }

stdout | tests/dna-import-ui.test.tsx > DNA import component > polls automatically after submitting, without another prompt
Ignoring message from unknown source MessageEvent { isTrusted: [Getter] }

stdout | tests/dna-import-ui.test.tsx > DNA import component > polls automatically after submitting, without another prompt
Sending message {
  method: 'tools/call',
  params: {
    name: 'get_snp_catalog',
    arguments: {},
    _meta: { progressToken: 1 }
  },
  jsonrpc: '2.0',
  id: 1
}
Sending message {
  method: 'tools/call',
  params: {
    name: 'get_analysis_status',
    arguments: {},
    _meta: { progressToken: 2 }
  },
  jsonrpc: '2.0',
  id: 2
}

stdout | tests/dna-import-ui.test.tsx > DNA import component > polls automatically after submitting, without another prompt
Parsed message {
  jsonrpc: '2.0',
  id: 1,
  result: {
    content: [ [Object] ],
    structuredContent: {
      contract_version: '3.0.0',
      analysis_version: 'rev42-v3.0.0',
      ok: true,
      data: [Object],
      error: null
    },
    isError: false
  }
}
Ignoring message from unknown source MessageEvent { isTrusted: [Getter] }

stdout | tests/dna-import-ui.test.tsx > DNA import component > polls automatically after submitting, without another prompt
Parsed message {
  jsonrpc: '2.0',
  id: 2,
  result: {
    content: [ [Object] ],
    structuredContent: {
      contract_version: '3.0.0',
      analysis_version: 'rev42-v3.0.0',
      ok: true,
      data: [Object],
      error: null
    },
    isError: false
  }
}
Ignoring message from unknown source MessageEvent { isTrusted: [Getter] }

stdout | tests/dna-import-ui.test.tsx > DNA import component > polls automatically after submitting, without another prompt
[dna-import] Web Workers or object URLs unavailable; parsing on the main thread 

stdout | tests/dna-import-ui.test.tsx > DNA import component > polls automatically after submitting, without another prompt
Sending message {
  method: 'tools/call',
  params: {
    name: 'create_report',
    arguments: {
      snps: [Object],
      upload_meta: [Object],
      import_request_id: 'ce837e4b-b767-4a7c-9052-30bdf099cd48'
    },
    _meta: { progressToken: 3 }
  },
  jsonrpc: '2.0',
  id: 3
}

stdout | tests/dna-import-ui.test.tsx > DNA import component > polls automatically after submitting, without another prompt
Parsed message {
  jsonrpc: '2.0',
  id: 3,
  result: {
    content: [ [Object] ],
    structuredContent: {
      contract_version: '3.0.0',
      analysis_version: 'rev42-v3.0.0',
      ok: true,
      data: [Object],
      error: null
    },
    isError: false
  }
}
Ignoring message from unknown source MessageEvent { isTrusted: [Getter] }

stdout | tests/dna-import-ui.test.tsx > DNA import component > polls automatically after submitting, without another prompt
Sending message {
  method: 'ui/update-model-context',
  params: { content: [ [Object] ] },
  jsonrpc: '2.0',
  id: 4
}

stdout | tests/dna-import-ui.test.tsx > DNA import component > polls automatically after submitting, without another prompt
Parsed message { jsonrpc: '2.0', id: 4, result: {} }
Ignoring message from unknown source MessageEvent { isTrusted: [Getter] }

stdout | tests/dna-import-ui.test.tsx > DNA import component > polls automatically after submitting, without another prompt
Sending message {
  method: 'tools/call',
  params: {
    name: 'get_analysis_status',
    arguments: {},
    _meta: { progressToken: 5 }
  },
  jsonrpc: '2.0',
  id: 5
}

stdout | tests/dna-import-ui.test.tsx > DNA import component > polls automatically after submitting, without another prompt
Parsed message {
  jsonrpc: '2.0',
  id: 5,
  result: {
    content: [ [Object] ],
    structuredContent: {
      contract_version: '3.0.0',
      analysis_version: 'rev42-v3.0.0',
      ok: true,
      data: [Object],
      error: null
    },
    isError: false
  }
}
Ignoring message from unknown source MessageEvent { isTrusted: [Getter] }

stdout | tests/dna-import-ui.test.tsx > DNA import component > polls automatically after submitting, without another prompt
Sending message {
  method: 'tools/call',
  params: {
    name: 'get_analysis_status',
    arguments: {},
    _meta: { progressToken: 6 }
  },
  jsonrpc: '2.0',
  id: 6
}

stdout | tests/dna-import-ui.test.tsx > DNA import component > polls automatically after submitting, without another prompt
Parsed message {
  jsonrpc: '2.0',
  id: 6,
  result: {
    content: [ [Object] ],
    structuredContent: {
      contract_version: '3.0.0',
      analysis_version: 'rev42-v3.0.0',
      ok: true,
      data: [Object],
      error: null
    },
    isError: false
  }
}
Ignoring message from unknown source MessageEvent { isTrusted: [Getter] }

stdout | tests/dna-import-ui.test.tsx > DNA import component > polls automatically after submitting, without another prompt
Sending message {
  method: 'tools/call',
  params: {
    name: 'get_analysis_status',
    arguments: {},
    _meta: { progressToken: 7 }
  },
  jsonrpc: '2.0',
  id: 7
}

stdout | tests/dna-import-ui.test.tsx > DNA import component > polls automatically after submitting, without another prompt
Parsed message {
  jsonrpc: '2.0',
  id: 7,
  result: {
    content: [ [Object] ],
    structuredContent: {
      contract_version: '3.0.0',
      analysis_version: 'rev42-v3.0.0',
      ok: true,
      data: [Object],
      error: null
    },
    isError: false
  }
}
Ignoring message from unknown source MessageEvent { isTrusted: [Getter] }

stdout | tests/dna-import-ui.test.tsx > DNA import component > polls automatically after submitting, without another prompt
Sending message {
  method: 'tools/call',
  params: {
    name: 'get_analysis_status',
    arguments: {},
    _meta: { progressToken: 8 }
  },
  jsonrpc: '2.0',
  id: 8
}

stdout | tests/dna-import-ui.test.tsx > DNA import component > polls automatically after submitting, without another prompt
Parsed message {
  jsonrpc: '2.0',
  id: 8,
  result: {
    content: [ [Object] ],
    structuredContent: {
      contract_version: '3.0.0',
      analysis_version: 'rev42-v3.0.0',
      ok: true,
      data: [Object],
      error: null
    },
    isError: false
  }
}
Ignoring message from unknown source MessageEvent { isTrusted: [Getter] }

stdout | tests/dna-import-ui.test.tsx > DNA import component > polls automatically after submitting, without another prompt
Sending message {
  method: 'tools/call',
  params: {
    name: 'get_analysis_status',
    arguments: {},
    _meta: { progressToken: 9 }
  },
  jsonrpc: '2.0',
  id: 9
}

stdout | tests/dna-import-ui.test.tsx > DNA import component > polls automatically after submitting, without another prompt
Parsed message {
  jsonrpc: '2.0',
  id: 9,
  result: {
    content: [ [Object] ],
    structuredContent: {
      contract_version: '3.0.0',
      analysis_version: 'rev42-v3.0.0',
      ok: true,
      data: [Object],
      error: null
    },
    isError: false
  }
}
Ignoring message from unknown source MessageEvent { isTrusted: [Getter] }

stdout | tests/dna-import-ui.test.tsx > DNA import component > polls automatically after submitting, without another prompt
Sending message {
  method: 'tools/call',
  params: {
    name: 'get_analysis_status',
    arguments: {},
    _meta: { progressToken: 10 }
  },
  jsonrpc: '2.0',
  id: 10
}

stdout | tests/dna-import-ui.test.tsx > DNA import component > polls automatically after submitting, without another prompt
Parsed message {
  jsonrpc: '2.0',
  id: 10,
  result: {
    content: [ [Object] ],
    structuredContent: {
      contract_version: '3.0.0',
      analysis_version: 'rev42-v3.0.0',
      ok: true,
      data: [Object],
      error: null
    },
    isError: false
  }
}
Ignoring message from unknown source MessageEvent { isTrusted: [Getter] }

stdout | tests/dna-import-ui.test.tsx > DNA import component > polls automatically after submitting, without another prompt
Sending message {
  method: 'tools/call',
  params: {
    name: 'get_analysis_status',
    arguments: {},
    _meta: { progressToken: 11 }
  },
  jsonrpc: '2.0',
  id: 11
}

stdout | tests/dna-import-ui.test.tsx > DNA import component > polls automatically after submitting, without another prompt
Parsed message {
  jsonrpc: '2.0',
  id: 11,
  result: {
    content: [ [Object] ],
    structuredContent: {
      contract_version: '3.0.0',
      analysis_version: 'rev42-v3.0.0',
      ok: true,
      data: [Object],
      error: null
    },
    isError: false
  }
}
Ignoring message from unknown source MessageEvent { isTrusted: [Getter] }

stdout | tests/dna-import-ui.test.tsx > DNA import component > polls automatically after submitting, without another prompt
Sending message {
  method: 'tools/call',
  params: {
    name: 'get_analysis_status',
    arguments: {},
    _meta: { progressToken: 12 }
  },
  jsonrpc: '2.0',
  id: 12
}

stdout | tests/dna-import-ui.test.tsx > DNA import component > polls automatically after submitting, without another prompt
Parsed message {
  jsonrpc: '2.0',
  id: 12,
  result: {
    content: [ [Object] ],
    structuredContent: {
      contract_version: '3.0.0',
      analysis_version: 'rev42-v3.0.0',
      ok: true,
      data: [Object],
      error: null
    },
    isError: false
  }
}
Ignoring message from unknown source MessageEvent { isTrusted: [Getter] }

stdout | tests/dna-import-ui.test.tsx > DNA import component > polls automatically after submitting, without another prompt
Sending message {
  method: 'tools/call',
  params: {
    name: 'get_analysis_status',
    arguments: {},
    _meta: { progressToken: 13 }
  },
  jsonrpc: '2.0',
  id: 13
}

stdout | tests/dna-import-ui.test.tsx > DNA import component > polls automatically after submitting, without another prompt
Parsed message {
  jsonrpc: '2.0',
  id: 13,
  result: {
    content: [ [Object] ],
    structuredContent: {
      contract_version: '3.0.0',
      analysis_version: 'rev42-v3.0.0',
      ok: true,
      data: [Object],
      error: null
    },
    isError: false
  }
}
Ignoring message from unknown source MessageEvent { isTrusted: [Getter] }

stdout | tests/dna-import-ui.test.tsx > DNA import component > polls automatically after submitting, without another prompt
Sending message {
  method: 'tools/call',
  params: {
    name: 'get_analysis_status',
    arguments: {},
    _meta: { progressToken: 14 }
  },
  jsonrpc: '2.0',
  id: 14
}

stdout | tests/dna-import-ui.test.tsx > DNA import component > polls automatically after submitting, without another prompt
Parsed message {
  jsonrpc: '2.0',
  id: 14,
  result: {
    content: [ [Object] ],
    structuredContent: {
      contract_version: '3.0.0',
      analysis_version: 'rev42-v3.0.0',
      ok: true,
      data: [Object],
      error: null
    },
    isError: false
  }
}
Ignoring message from unknown source MessageEvent { isTrusted: [Getter] }

stdout | tests/dna-import-ui.test.tsx > DNA import component > polls automatically after submitting, without another prompt
Sending message {
  method: 'tools/call',
  params: {
    name: 'get_analysis_status',
    arguments: {},
    _meta: { progressToken: 15 }
  },
  jsonrpc: '2.0',
  id: 15
}

stdout | tests/dna-import-ui.test.tsx > DNA import component > polls automatically after submitting, without another prompt
Parsed message {
  jsonrpc: '2.0',
  id: 15,
  result: {
    content: [ [Object] ],
    structuredContent: {
      contract_version: '3.0.0',
      analysis_version: 'rev42-v3.0.0',
      ok: true,
      data: [Object],
      error: null
    },
    isError: false
  }
}
Ignoring message from unknown source MessageEvent { isTrusted: [Getter] }

stdout | tests/dna-import-ui.test.tsx > DNA import component > polls automatically after submitting, without another prompt
Sending message {
  method: 'tools/call',
  params: {
    name: 'get_analysis_status',
    arguments: {},
    _meta: { progressToken: 16 }
  },
  jsonrpc: '2.0',
  id: 16
}

stdout | tests/dna-import-ui.test.tsx > DNA import component > polls automatically after submitting, without another prompt
Parsed message {
  jsonrpc: '2.0',
  id: 16,
  result: {
    content: [ [Object] ],
    structuredContent: {
      contract_version: '3.0.0',
      analysis_version: 'rev42-v3.0.0',
      ok: true,
      data: [Object],
      error: null
    },
    isError: false
  }
}
Ignoring message from unknown source MessageEvent { isTrusted: [Getter] }

stdout | tests/dna-import-ui.test.tsx > DNA import component > polls automatically after submitting, without another prompt
Sending message {
  method: 'tools/call',
  params: {
    name: 'get_analysis_status',
    arguments: {},
    _meta: { progressToken: 17 }
  },
  jsonrpc: '2.0',
  id: 17
}

stdout | tests/dna-import-ui.test.tsx > DNA import component > polls automatically after submitting, without another prompt
Parsed message {
  jsonrpc: '2.0',
  id: 17,
  result: {
    content: [ [Object] ],
    structuredContent: {
      contract_version: '3.0.0',
      analysis_version: 'rev42-v3.0.0',
      ok: true,
      data: [Object],
      error: null
    },
    isError: false
  }
}
Ignoring message from unknown source MessageEvent { isTrusted: [Getter] }

stdout | tests/dna-import-ui.test.tsx > DNA import component > polls automatically after submitting, without another prompt
Sending message {
  method: 'tools/call',
  params: {
    name: 'get_analysis_status',
    arguments: {},
    _meta: { progressToken: 18 }
  },
  jsonrpc: '2.0',
  id: 18
}

stdout | tests/dna-import-ui.test.tsx > DNA import component > polls automatically after submitting, without another prompt
Parsed message {
  jsonrpc: '2.0',
  id: 18,
  result: {
    content: [ [Object] ],
    structuredContent: {
      contract_version: '3.0.0',
      analysis_version: 'rev42-v3.0.0',
      ok: true,
      data: [Object],
      error: null
    },
    isError: false
  }
}
Ignoring message from unknown source MessageEvent { isTrusted: [Getter] }

stdout | tests/dna-import-ui.test.tsx > DNA import component > polls automatically after submitting, without another prompt
Sending message {
  method: 'tools/call',
  params: {
    name: 'get_analysis_status',
    arguments: {},
    _meta: { progressToken: 19 }
  },
  jsonrpc: '2.0',
  id: 19
}

stdout | tests/dna-import-ui.test.tsx > DNA import component > polls automatically after submitting, without another prompt
Parsed message {
  jsonrpc: '2.0',
  id: 19,
  result: {
    content: [ [Object] ],
    structuredContent: {
      contract_version: '3.0.0',
      analysis_version: 'rev42-v3.0.0',
      ok: true,
      data: [Object],
      error: null
    },
    isError: false
  }
}
Ignoring message from unknown source MessageEvent { isTrusted: [Getter] }

stdout | tests/dna-import-ui.test.tsx > DNA import component > polls automatically after submitting, without another prompt
Sending message {
  method: 'tools/call',
  params: {
    name: 'get_analysis_status',
    arguments: {},
    _meta: { progressToken: 20 }
  },
  jsonrpc: '2.0',
  id: 20
}

stdout | tests/dna-import-ui.test.tsx > DNA import component > polls automatically after submitting, without another prompt
Parsed message {
  jsonrpc: '2.0',
  id: 20,
  result: {
    content: [ [Object] ],
    structuredContent: {
      contract_version: '3.0.0',
      analysis_version: 'rev42-v3.0.0',
      ok: true,
      data: [Object],
      error: null
    },
    isError: false
  }
}
Ignoring message from unknown source MessageEvent { isTrusted: [Getter] }

stdout | tests/dna-import-ui.test.tsx > DNA import component > polls automatically after submitting, without another prompt
Sending message {
  method: 'tools/call',
  params: {
    name: 'get_analysis_status',
    arguments: {},
    _meta: { progressToken: 21 }
  },
  jsonrpc: '2.0',
  id: 21
}

stdout | tests/dna-import-ui.test.tsx > DNA import component > polls automatically after submitting, without another prompt
Parsed message {
  jsonrpc: '2.0',
  id: 21,
  result: {
    content: [ [Object] ],
    structuredContent: {
      contract_version: '3.0.0',
      analysis_version: 'rev42-v3.0.0',
      ok: true,
      data: [Object],
      error: null
    },
    isError: false
  }
}
Ignoring message from unknown source MessageEvent { isTrusted: [Getter] }

stdout | tests/dna-import-ui.test.tsx > DNA import component > polls automatically after submitting, without another prompt
Sending message {
  method: 'tools/call',
  params: {
    name: 'get_analysis_status',
    arguments: {},
    _meta: { progressToken: 22 }
  },
  jsonrpc: '2.0',
  id: 22
}

stdout | tests/dna-import-ui.test.tsx > DNA import component > polls automatically after submitting, without another prompt
Parsed message {
  jsonrpc: '2.0',
  id: 22,
  result: {
    content: [ [Object] ],
    structuredContent: {
      contract_version: '3.0.0',
      analysis_version: 'rev42-v3.0.0',
      ok: true,
      data: [Object],
      error: null
    },
    isError: false
  }
}
Ignoring message from unknown source MessageEvent { isTrusted: [Getter] }

stdout | tests/dna-import-ui.test.tsx > DNA import component > polls automatically after submitting, without another prompt
Sending message {
  method: 'tools/call',
  params: {
    name: 'get_analysis_status',
    arguments: {},
    _meta: { progressToken: 23 }
  },
  jsonrpc: '2.0',
  id: 23
}

stdout | tests/dna-import-ui.test.tsx > DNA import component > polls automatically after submitting, without another prompt
Parsed message {
  jsonrpc: '2.0',
  id: 23,
  result: {
    content: [ [Object] ],
    structuredContent: {
      contract_version: '3.0.0',
      analysis_version: 'rev42-v3.0.0',
      ok: true,
      data: [Object],
      error: null
    },
    isError: false
  }
}
Ignoring message from unknown source MessageEvent { isTrusted: [Getter] }

stdout | tests/dna-import-ui.test.tsx > DNA import component > polls automatically after submitting, without another prompt
Sending message {
  method: 'tools/call',
  params: {
    name: 'get_analysis_status',
    arguments: {},
    _meta: { progressToken: 24 }
  },
  jsonrpc: '2.0',
  id: 24
}

stdout | tests/dna-import-ui.test.tsx > DNA import component > polls automatically after submitting, without another prompt
Parsed message {
  jsonrpc: '2.0',
  id: 24,
  result: {
    content: [ [Object] ],
    structuredContent: {
      contract_version: '3.0.0',
      analysis_version: 'rev42-v3.0.0',
      ok: true,
      data: [Object],
      error: null
    },
    isError: false
  }
}
Ignoring message from unknown source MessageEvent { isTrusted: [Getter] }

stdout | tests/dna-import-ui.test.tsx > DNA import component > polls automatically after submitting, without another prompt
Sending message {
  method: 'tools/call',
  params: {
    name: 'get_analysis_status',
    arguments: {},
    _meta: { progressToken: 25 }
  },
  jsonrpc: '2.0',
  id: 25
}

stdout | tests/dna-import-ui.test.tsx > DNA import component > polls automatically after submitting, without another prompt
Parsed message {
  jsonrpc: '2.0',
  id: 25,
  result: {
    content: [ [Object] ],
    structuredContent: {
      contract_version: '3.0.0',
      analysis_version: 'rev42-v3.0.0',
      ok: true,
      data: [Object],
      error: null
    },
    isError: false
  }
}
Ignoring message from unknown source MessageEvent { isTrusted: [Getter] }

stdout | tests/dna-import-ui.test.tsx > DNA import component > polls automatically after submitting, without another prompt
Sending message {
  method: 'tools/call',
  params: {
    name: 'get_analysis_status',
    arguments: {},
    _meta: { progressToken: 26 }
  },
  jsonrpc: '2.0',
  id: 26
}

stdout | tests/dna-import-ui.test.tsx > DNA import component > polls automatically after submitting, without another prompt
Parsed message {
  jsonrpc: '2.0',
  id: 26,
  result: {
    content: [ [Object] ],
    structuredContent: {
      contract_version: '3.0.0',
      analysis_version: 'rev42-v3.0.0',
      ok: true,
      data: [Object],
      error: null
    },
    isError: false
  }
}
Ignoring message from unknown source MessageEvent { isTrusted: [Getter] }

stdout | tests/dna-import-ui.test.tsx > DNA import component > polls automatically after submitting, without another prompt
Sending message {
  method: 'tools/call',
  params: {
    name: 'get_analysis_status',
    arguments: {},
    _meta: { progressToken: 27 }
  },
  jsonrpc: '2.0',
  id: 27
}

stdout | tests/dna-import-ui.test.tsx > DNA import component > polls automatically after submitting, without another prompt
Parsed message {
  jsonrpc: '2.0',
  id: 27,
  result: {
    content: [ [Object] ],
    structuredContent: {
      contract_version: '3.0.0',
      analysis_version: 'rev42-v3.0.0',
      ok: true,
      data: [Object],
      error: null
    },
    isError: false
  }
}
Ignoring message from unknown source MessageEvent { isTrusted: [Getter] }

stdout | tests/dna-import-ui.test.tsx > DNA import component > polls automatically after submitting, without another prompt
Sending message {
  method: 'tools/call',
  params: {
    name: 'get_analysis_status',
    arguments: {},
    _meta: { progressToken: 28 }
  },
  jsonrpc: '2.0',
  id: 28
}

stdout | tests/dna-import-ui.test.tsx > DNA import component > polls automatically after submitting, without another prompt
Parsed message {
  jsonrpc: '2.0',
  id: 28,
  result: {
    content: [ [Object] ],
    structuredContent: {
      contract_version: '3.0.0',
      analysis_version: 'rev42-v3.0.0',
      ok: true,
      data: [Object],
      error: null
    },
    isError: false
  }
}
Ignoring message from unknown source MessageEvent { isTrusted: [Getter] }

stdout | tests/dna-import-ui.test.tsx > DNA import component > polls automatically after submitting, without another prompt
Sending message {
  method: 'tools/call',
  params: {
    name: 'get_analysis_status',
    arguments: {},
    _meta: { progressToken: 29 }
  },
  jsonrpc: '2.0',
  id: 29
}

stdout | tests/dna-import-ui.test.tsx > DNA import component > polls automatically after submitting, without another prompt
Parsed message {
  jsonrpc: '2.0',
  id: 29,
  result: {
    content: [ [Object] ],
    structuredContent: {
      contract_version: '3.0.0',
      analysis_version: 'rev42-v3.0.0',
      ok: true,
      data: [Object],
      error: null
    },
    isError: false
  }
}
Ignoring message from unknown source MessageEvent { isTrusted: [Getter] }

stdout | tests/dna-import-ui.test.tsx > DNA import component > polls automatically after submitting, without another prompt
Sending message {
  method: 'tools/call',
  params: {
    name: 'get_analysis_status',
    arguments: {},
    _meta: { progressToken: 30 }
  },
  jsonrpc: '2.0',
  id: 30
}

stdout | tests/dna-import-ui.test.tsx > DNA import component > polls automatically after submitting, without another prompt
Parsed message {
  jsonrpc: '2.0',
  id: 30,
  result: {
    content: [ [Object] ],
    structuredContent: {
      contract_version: '3.0.0',
      analysis_version: 'rev42-v3.0.0',
      ok: true,
      data: [Object],
      error: null
    },
    isError: false
  }
}
Ignoring message from unknown source MessageEvent { isTrusted: [Getter] }

stdout | tests/dna-import-ui.test.tsx > DNA import component > polls automatically after submitting, without another prompt
Sending message {
  method: 'tools/call',
  params: {
    name: 'get_analysis_status',
    arguments: {},
    _meta: { progressToken: 31 }
  },
  jsonrpc: '2.0',
  id: 31
}

stdout | tests/dna-import-ui.test.tsx > DNA import component > polls automatically after submitting, without another prompt
Parsed message {
  jsonrpc: '2.0',
  id: 31,
  result: {
    content: [ [Object] ],
    structuredContent: {
      contract_version: '3.0.0',
      analysis_version: 'rev42-v3.0.0',
      ok: true,
      data: [Object],
      error: null
    },
    isError: false
  }
}
Ignoring message from unknown source MessageEvent { isTrusted: [Getter] }

stdout | tests/dna-import-ui.test.tsx > DNA import component > polls automatically after submitting, without another prompt
Sending message {
  method: 'tools/call',
  params: {
    name: 'get_analysis_status',
    arguments: {},
    _meta: { progressToken: 32 }
  },
  jsonrpc: '2.0',
  id: 32
}

stdout | tests/dna-import-ui.test.tsx > DNA import component > polls automatically after submitting, without another prompt
Parsed message {
  jsonrpc: '2.0',
  id: 32,
  result: {
    content: [ [Object] ],
    structuredContent: {
      contract_version: '3.0.0',
      analysis_version: 'rev42-v3.0.0',
      ok: true,
      data: [Object],
      error: null
    },
    isError: false
  }
}
Ignoring message from unknown source MessageEvent { isTrusted: [Getter] }

stdout | tests/dna-import-ui.test.tsx > DNA import component > polls automatically after submitting, without another prompt
Sending message {
  method: 'tools/call',
  params: {
    name: 'get_analysis_status',
    arguments: {},
    _meta: { progressToken: 33 }
  },
  jsonrpc: '2.0',
  id: 33
}

stdout | tests/dna-import-ui.test.tsx > DNA import component > polls automatically after submitting, without another prompt
Parsed message {
  jsonrpc: '2.0',
  id: 33,
  result: {
    content: [ [Object] ],
    structuredContent: {
      contract_version: '3.0.0',
      analysis_version: 'rev42-v3.0.0',
      ok: true,
      data: [Object],
      error: null
    },
    isError: false
  }
}
Ignoring message from unknown source MessageEvent { isTrusted: [Getter] }

stdout | tests/dna-import-ui.test.tsx > DNA import component > polls automatically after submitting, without another prompt
Sending message {
  method: 'tools/call',
  params: {
    name: 'get_analysis_status',
    arguments: {},
    _meta: { progressToken: 34 }
  },
  jsonrpc: '2.0',
  id: 34
}

stdout | tests/dna-import-ui.test.tsx > DNA import component > polls automatically after submitting, without another prompt
Parsed message {
  jsonrpc: '2.0',
  id: 34,
  result: {
    content: [ [Object] ],
    structuredContent: {
      contract_version: '3.0.0',
      analysis_version: 'rev42-v3.0.0',
      ok: true,
      data: [Object],
      error: null
    },
    isError: false
  }
}
Ignoring message from unknown source MessageEvent { isTrusted: [Getter] }

stdout | tests/dna-import-ui.test.tsx > DNA import component > polls automatically after submitting, without another prompt
Sending message {
  method: 'tools/call',
  params: {
    name: 'get_analysis_status',
    arguments: {},
    _meta: { progressToken: 35 }
  },
  jsonrpc: '2.0',
  id: 35
}

stdout | tests/dna-import-ui.test.tsx > DNA import component > polls automatically after submitting, without another prompt
Parsed message {
  jsonrpc: '2.0',
  id: 35,
  result: {
    content: [ [Object] ],
    structuredContent: {
      contract_version: '3.0.0',
      analysis_version: 'rev42-v3.0.0',
      ok: true,
      data: [Object],
      error: null
    },
    isError: false
  }
}
Ignoring message from unknown source MessageEvent { isTrusted: [Getter] }

stdout | tests/dna-import-ui.test.tsx > DNA import component > polls automatically after submitting, without another prompt
Sending message {
  method: 'tools/call',
  params: {
    name: 'get_analysis_status',
    arguments: {},
    _meta: { progressToken: 36 }
  },
  jsonrpc: '2.0',
  id: 36
}

stdout | tests/dna-import-ui.test.tsx > DNA import component > polls automatically after submitting, without another prompt
Parsed message {
  jsonrpc: '2.0',
  id: 36,
  result: {
    content: [ [Object] ],
    structuredContent: {
      contract_version: '3.0.0',
      analysis_version: 'rev42-v3.0.0',
      ok: true,
      data: [Object],
      error: null
    },
    isError: false
  }
}
Ignoring message from unknown source MessageEvent { isTrusted: [Getter] }

stdout | tests/dna-import-ui.test.tsx > DNA import component > polls automatically after submitting, without another prompt
Sending message {
  method: 'tools/call',
  params: {
    name: 'get_analysis_status',
    arguments: {},
    _meta: { progressToken: 37 }
  },
  jsonrpc: '2.0',
  id: 37
}

stdout | tests/dna-import-ui.test.tsx > DNA import component > polls automatically after submitting, without another prompt
Parsed message {
  jsonrpc: '2.0',
  id: 37,
  result: {
    content: [ [Object] ],
    structuredContent: {
      contract_version: '3.0.0',
      analysis_version: 'rev42-v3.0.0',
      ok: true,
      data: [Object],
      error: null
    },
    isError: false
  }
}
Ignoring message from unknown source MessageEvent { isTrusted: [Getter] }

stdout | tests/dna-import-ui.test.tsx > DNA import component > polls automatically after submitting, without another prompt
Sending message {
  method: 'tools/call',
  params: {
    name: 'get_analysis_status',
    arguments: {},
    _meta: { progressToken: 38 }
  },
  jsonrpc: '2.0',
  id: 38
}

stdout | tests/dna-import-ui.test.tsx > DNA import component > polls automatically after submitting, without another prompt
Parsed message {
  jsonrpc: '2.0',
  id: 38,
  result: {
    content: [ [Object] ],
    structuredContent: {
      contract_version: '3.0.0',
      analysis_version: 'rev42-v3.0.0',
      ok: true,
      data: [Object],
      error: null
    },
    isError: false
  }
}
Ignoring message from unknown source MessageEvent { isTrusted: [Getter] }

stdout | tests/dna-import-ui.test.tsx > DNA import component > polls automatically after submitting, without another prompt
Sending message {
  method: 'tools/call',
  params: {
    name: 'get_analysis_status',
    arguments: {},
    _meta: { progressToken: 39 }
  },
  jsonrpc: '2.0',
  id: 39
}

stdout | tests/dna-import-ui.test.tsx > DNA import component > polls automatically after submitting, without another prompt
Parsed message {
  jsonrpc: '2.0',
  id: 39,
  result: {
    content: [ [Object] ],
    structuredContent: {
      contract_version: '3.0.0',
      analysis_version: 'rev42-v3.0.0',
      ok: true,
      data: [Object],
      error: null
    },
    isError: false
  }
}
Ignoring message from unknown source MessageEvent { isTrusted: [Getter] }

stdout | tests/dna-import-ui.test.tsx > DNA import component > polls automatically after submitting, without another prompt
Sending message {
  method: 'tools/call',
  params: {
    name: 'get_analysis_status',
    arguments: {},
    _meta: { progressToken: 40 }
  },
  jsonrpc: '2.0',
  id: 40
}

stdout | tests/dna-import-ui.test.tsx > DNA import component > polls automatically after submitting, without another prompt
Parsed message {
  jsonrpc: '2.0',
  id: 40,
  result: {
    content: [ [Object] ],
    structuredContent: {
      contract_version: '3.0.0',
      analysis_version: 'rev42-v3.0.0',
      ok: true,
      data: [Object],
      error: null
    },
    isError: false
  }
}
Ignoring message from unknown source MessageEvent { isTrusted: [Getter] }

stdout | tests/dna-import-ui.test.tsx > DNA import component > polls automatically after submitting, without another prompt
Sending message {
  method: 'tools/call',
  params: {
    name: 'get_analysis_status',
    arguments: {},
    _meta: { progressToken: 41 }
  },
  jsonrpc: '2.0',
  id: 41
}

stdout | tests/dna-import-ui.test.tsx > DNA import component > polls automatically after submitting, without another prompt
Parsed message {
  jsonrpc: '2.0',
  id: 41,
  result: {
    content: [ [Object] ],
    structuredContent: {
      contract_version: '3.0.0',
      analysis_version: 'rev42-v3.0.0',
      ok: true,
      data: [Object],
      error: null
    },
    isError: false
  }
}
Ignoring message from unknown source MessageEvent { isTrusted: [Getter] }

stdout | tests/dna-import-ui.test.tsx > DNA import component > polls automatically after submitting, without another prompt
Sending message {
  method: 'tools/call',
  params: {
    name: 'get_analysis_status',
    arguments: {},
    _meta: { progressToken: 42 }
  },
  jsonrpc: '2.0',
  id: 42
}

stdout | tests/dna-import-ui.test.tsx > DNA import component > polls automatically after submitting, without another prompt
Parsed message {
  jsonrpc: '2.0',
  id: 42,
  result: {
    content: [ [Object] ],
    structuredContent: {
      contract_version: '3.0.0',
      analysis_version: 'rev42-v3.0.0',
      ok: true,
      data: [Object],
      error: null
    },
    isError: false
  }
}
Ignoring message from unknown source MessageEvent { isTrusted: [Getter] }

stdout | tests/dna-import-ui.test.tsx > DNA import component > polls automatically after submitting, without another prompt
Sending message {
  method: 'tools/call',
  params: {
    name: 'get_analysis_status',
    arguments: {},
    _meta: { progressToken: 43 }
  },
  jsonrpc: '2.0',
  id: 43
}

stdout | tests/dna-import-ui.test.tsx > DNA import component > polls automatically after submitting, without another prompt
Parsed message {
  jsonrpc: '2.0',
  id: 43,
  result: {
    content: [ [Object] ],
    structuredContent: {
      contract_version: '3.0.0',
      analysis_version: 'rev42-v3.0.0',
      ok: true,
      data: [Object],
      error: null
    },
    isError: false
  }
}
Ignoring message from unknown source MessageEvent { isTrusted: [Getter] }

stdout | tests/dna-import-ui.test.tsx > DNA import component > polls automatically after submitting, without another prompt
Sending message {
  method: 'tools/call',
  params: {
    name: 'get_analysis_status',
    arguments: {},
    _meta: { progressToken: 44 }
  },
  jsonrpc: '2.0',
  id: 44
}

stdout | tests/dna-import-ui.test.tsx > DNA import component > polls automatically after submitting, without another prompt
Parsed message {
  jsonrpc: '2.0',
  id: 44,
  result: {
    content: [ [Object] ],
    structuredContent: {
      contract_version: '3.0.0',
      analysis_version: 'rev42-v3.0.0',
      ok: true,
      data: [Object],
      error: null
    },
    isError: false
  }
}
Ignoring message from unknown source MessageEvent { isTrusted: [Getter] }

stdout | tests/dna-import-ui.test.tsx > DNA import component > polls automatically after submitting, without another prompt
Sending message {
  method: 'tools/call',
  params: {
    name: 'get_analysis_status',
    arguments: {},
    _meta: { progressToken: 45 }
  },
  jsonrpc: '2.0',
  id: 45
}

stdout | tests/dna-import-ui.test.tsx > DNA import component > polls automatically after submitting, without another prompt
Parsed message {
  jsonrpc: '2.0',
  id: 45,
  result: {
    content: [ [Object] ],
    structuredContent: {
      contract_version: '3.0.0',
      analysis_version: 'rev42-v3.0.0',
      ok: true,
      data: [Object],
      error: null
    },
    isError: false
  }
}
Ignoring message from unknown source MessageEvent { isTrusted: [Getter] }

stdout | tests/dna-import-ui.test.tsx > DNA import component > advances the elapsed timer once per second
Sending message {
  method: 'ui/initialize',
  params: {
    appCapabilities: {},
    appInfo: { name: 'Mutant Genomics', version: '1.0.0' },
    protocolVersion: '2026-01-26'
  },
  jsonrpc: '2.0',
  id: 0
}

stdout | tests/dna-import-ui.test.tsx > DNA import component > advances the elapsed timer once per second
Parsed message {
  jsonrpc: '2.0',
  id: 0,
  result: {
    protocolVersion: '2026-01-26',
    hostInfo: { name: 'fake-host', version: '1.0.0' },
    hostCapabilities: {},
    hostContext: { theme: 'light' }
  }
}
Ignoring message from unknown source MessageEvent { isTrusted: [Getter] }
Sending message { method: 'ui/notifications/initialized', jsonrpc: '2.0' }

stdout | tests/dna-import-ui.test.tsx > DNA import component > advances the elapsed timer once per second
Ignoring message from unknown source MessageEvent { isTrusted: [Getter] }

stdout | tests/dna-import-ui.test.tsx > DNA import component > advances the elapsed timer once per second
Sending message {
  method: 'tools/call',
  params: {
    name: 'get_snp_catalog',
    arguments: {},
    _meta: { progressToken: 1 }
  },
  jsonrpc: '2.0',
  id: 1
}
Sending message {
  method: 'tools/call',
  params: {
    name: 'get_analysis_status',
    arguments: {},
    _meta: { progressToken: 2 }
  },
  jsonrpc: '2.0',
  id: 2
}

stdout | tests/dna-import-ui.test.tsx > DNA import component > advances the elapsed timer once per second
Parsed message {
  jsonrpc: '2.0',
  id: 1,
  result: {
    content: [ [Object] ],
    structuredContent: {
      contract_version: '3.0.0',
      analysis_version: 'rev42-v3.0.0',
      ok: true,
      data: [Object],
      error: null
    },
    isError: false
  }
}
Ignoring message from unknown source MessageEvent { isTrusted: [Getter] }

stdout | tests/dna-import-ui.test.tsx > DNA import component > advances the elapsed timer once per second
Parsed message {
  jsonrpc: '2.0',
  id: 2,
  result: {
    content: [ [Object] ],
    structuredContent: {
      contract_version: '3.0.0',
      analysis_version: 'rev42-v3.0.0',
      ok: true,
      data: [Object],
      error: null
    },
    isError: false
  }
}
Ignoring message from unknown source MessageEvent { isTrusted: [Getter] }

stdout | tests/dna-import-ui.test.tsx > DNA import component > changes the message when the analysis runs long
Sending message {
  method: 'ui/initialize',
  params: {
    appCapabilities: {},
    appInfo: { name: 'Mutant Genomics', version: '1.0.0' },
    protocolVersion: '2026-01-26'
  },
  jsonrpc: '2.0',
  id: 0
}

stdout | tests/dna-import-ui.test.tsx > DNA import component > changes the message when the analysis runs long
Parsed message {
  jsonrpc: '2.0',
  id: 0,
  result: {
    protocolVersion: '2026-01-26',
    hostInfo: { name: 'fake-host', version: '1.0.0' },
    hostCapabilities: {},
    hostContext: { theme: 'light' }
  }
}
Ignoring message from unknown source MessageEvent { isTrusted: [Getter] }
Sending message { method: 'ui/notifications/initialized', jsonrpc: '2.0' }

stdout | tests/dna-import-ui.test.tsx > DNA import component > changes the message when the analysis runs long
Sending message {
  method: 'tools/call',
  params: {
    name: 'get_snp_catalog',
    arguments: {},
    _meta: { progressToken: 1 }
  },
  jsonrpc: '2.0',
  id: 1
}
Sending message {
  method: 'tools/call',
  params: {
    name: 'get_analysis_status',
    arguments: {},
    _meta: { progressToken: 2 }
  },
  jsonrpc: '2.0',
  id: 2
}

stdout | tests/dna-import-ui.test.tsx > DNA import component > changes the message when the analysis runs long
Ignoring message from unknown source MessageEvent { isTrusted: [Getter] }

stdout | tests/dna-import-ui.test.tsx > DNA import component > changes the message when the analysis runs long
Parsed message {
  jsonrpc: '2.0',
  id: 1,
  result: {
    content: [ [Object] ],
    structuredContent: {
      contract_version: '3.0.0',
      analysis_version: 'rev42-v3.0.0',
      ok: true,
      data: [Object],
      error: null
    },
    isError: false
  }
}
Ignoring message from unknown source MessageEvent { isTrusted: [Getter] }

stdout | tests/dna-import-ui.test.tsx > DNA import component > changes the message when the analysis runs long
Parsed message {
  jsonrpc: '2.0',
  id: 2,
  result: {
    content: [ [Object] ],
    structuredContent: {
      contract_version: '3.0.0',
      analysis_version: 'rev42-v3.0.0',
      ok: true,
      data: [Object],
      error: null
    },
    isError: false
  }
}
Ignoring message from unknown source MessageEvent { isTrusted: [Getter] }

stdout | tests/dna-import-ui.test.tsx > DNA import component > offers a recoverable state when the polling ceiling is reached
Sending message {
  method: 'ui/initialize',
  params: {
    appCapabilities: {},
    appInfo: { name: 'Mutant Genomics', version: '1.0.0' },
    protocolVersion: '2026-01-26'
  },
  jsonrpc: '2.0',
  id: 0
}

stdout | tests/dna-import-ui.test.tsx > DNA import component > offers a recoverable state when the polling ceiling is reached
Parsed message {
  jsonrpc: '2.0',
  id: 0,
  result: {
    protocolVersion: '2026-01-26',
    hostInfo: { name: 'fake-host', version: '1.0.0' },
    hostCapabilities: {},
    hostContext: { theme: 'light' }
  }
}
Ignoring message from unknown source MessageEvent { isTrusted: [Getter] }
Sending message { method: 'ui/notifications/initialized', jsonrpc: '2.0' }

stdout | tests/dna-import-ui.test.tsx > DNA import component > offers a recoverable state when the polling ceiling is reached
Ignoring message from unknown source MessageEvent { isTrusted: [Getter] }

stdout | tests/dna-import-ui.test.tsx > DNA import component > offers a recoverable state when the polling ceiling is reached
Sending message {
  method: 'tools/call',
  params: {
    name: 'get_snp_catalog',
    arguments: {},
    _meta: { progressToken: 1 }
  },
  jsonrpc: '2.0',
  id: 1
}
Sending message {
  method: 'tools/call',
  params: {
    name: 'get_analysis_status',
    arguments: {},
    _meta: { progressToken: 2 }
  },
  jsonrpc: '2.0',
  id: 2
}

stdout | tests/dna-import-ui.test.tsx > DNA import component > offers a recoverable state when the polling ceiling is reached
Parsed message {
  jsonrpc: '2.0',
  id: 1,
  result: {
    content: [ [Object] ],
    structuredContent: {
      contract_version: '3.0.0',
      analysis_version: 'rev42-v3.0.0',
      ok: true,
      data: [Object],
      error: null
    },
    isError: false
  }
}
Ignoring message from unknown source MessageEvent { isTrusted: [Getter] }

stdout | tests/dna-import-ui.test.tsx > DNA import component > offers a recoverable state when the polling ceiling is reached
Parsed message {
  jsonrpc: '2.0',
  id: 2,
  result: {
    content: [ [Object] ],
    structuredContent: {
      contract_version: '3.0.0',
      analysis_version: 'rev42-v3.0.0',
      ok: true,
      data: [Object],
      error: null
    },
    isError: false
  }
}
Ignoring message from unknown source MessageEvent { isTrusted: [Getter] }

stdout | tests/dna-import-ui.test.tsx > DNA import component > reports a failed analysis and retries with a new idempotency key
Sending message {
  method: 'ui/initialize',
  params: {
    appCapabilities: {},
    appInfo: { name: 'Mutant Genomics', version: '1.0.0' },
    protocolVersion: '2026-01-26'
  },
  jsonrpc: '2.0',
  id: 0
}

stdout | tests/dna-import-ui.test.tsx > DNA import component > reports a failed analysis and retries with a new idempotency key
Parsed message {
  jsonrpc: '2.0',
  id: 0,
  result: {
    protocolVersion: '2026-01-26',
    hostInfo: { name: 'fake-host', version: '1.0.0' },
    hostCapabilities: {},
    hostContext: { theme: 'light' }
  }
}
Ignoring message from unknown source MessageEvent { isTrusted: [Getter] }
Sending message { method: 'ui/notifications/initialized', jsonrpc: '2.0' }

stdout | tests/dna-import-ui.test.tsx > DNA import component > reports a failed analysis and retries with a new idempotency key
Ignoring message from unknown source MessageEvent { isTrusted: [Getter] }

stdout | tests/dna-import-ui.test.tsx > DNA import component > reports a failed analysis and retries with a new idempotency key
Sending message {
  method: 'tools/call',
  params: {
    name: 'get_snp_catalog',
    arguments: {},
    _meta: { progressToken: 1 }
  },
  jsonrpc: '2.0',
  id: 1
}
Sending message {
  method: 'tools/call',
  params: {
    name: 'get_analysis_status',
    arguments: {},
    _meta: { progressToken: 2 }
  },
  jsonrpc: '2.0',
  id: 2
}

stdout | tests/dna-import-ui.test.tsx > DNA import component > reports a failed analysis and retries with a new idempotency key
Parsed message {
  jsonrpc: '2.0',
  id: 1,
  result: {
    content: [ [Object] ],
    structuredContent: {
      contract_version: '3.0.0',
      analysis_version: 'rev42-v3.0.0',
      ok: true,
      data: [Object],
      error: null
    },
    isError: false
  }
}
Ignoring message from unknown source MessageEvent { isTrusted: [Getter] }

stdout | tests/dna-import-ui.test.tsx > DNA import component > reports a failed analysis and retries with a new idempotency key
Parsed message {
  jsonrpc: '2.0',
  id: 2,
  result: {
    content: [ [Object] ],
    structuredContent: {
      contract_version: '3.0.0',
      analysis_version: 'rev42-v3.0.0',
      ok: true,
      data: [Object],
      error: null
    },
    isError: false
  }
}
Ignoring message from unknown source MessageEvent { isTrusted: [Getter] }

stdout | tests/dna-import-ui.test.tsx > DNA import component > reports a failed analysis and retries with a new idempotency key
[dna-import] Web Workers or object URLs unavailable; parsing on the main thread 

stdout | tests/dna-import-ui.test.tsx > DNA import component > reports a failed analysis and retries with a new idempotency key
Sending message {
  method: 'tools/call',
  params: {
    name: 'create_report',
    arguments: {
      snps: [Object],
      upload_meta: [Object],
      import_request_id: '71913700-e784-4341-a61c-1e5a238efc45'
    },
    _meta: { progressToken: 3 }
  },
  jsonrpc: '2.0',
  id: 3
}

stdout | tests/dna-import-ui.test.tsx > DNA import component > reports a failed analysis and retries with a new idempotency key
Parsed message {
  jsonrpc: '2.0',
  id: 3,
  result: {
    content: [ [Object] ],
    structuredContent: {
      contract_version: '3.0.0',
      analysis_version: 'rev42-v3.0.0',
      ok: true,
      data: [Object],
      error: null
    },
    isError: false
  }
}
Ignoring message from unknown source MessageEvent { isTrusted: [Getter] }

stdout | tests/dna-import-ui.test.tsx > DNA import component > reports a failed analysis and retries with a new idempotency key
Sending message {
  method: 'ui/update-model-context',
  params: { content: [ [Object] ] },
  jsonrpc: '2.0',
  id: 4
}

stdout | tests/dna-import-ui.test.tsx > DNA import component > reports a failed analysis and retries with a new idempotency key
Parsed message { jsonrpc: '2.0', id: 4, result: {} }
Ignoring message from unknown source MessageEvent { isTrusted: [Getter] }

stdout | tests/dna-import-ui.test.tsx > DNA import component > reports a failed analysis and retries with a new idempotency key
Sending message {
  method: 'tools/call',
  params: {
    name: 'get_analysis_status',
    arguments: {},
    _meta: { progressToken: 5 }
  },
  jsonrpc: '2.0',
  id: 5
}

stdout | tests/dna-import-ui.test.tsx > DNA import component > reports a failed analysis and retries with a new idempotency key
Parsed message {
  jsonrpc: '2.0',
  id: 5,
  result: {
    content: [ [Object] ],
    structuredContent: {
      contract_version: '3.0.0',
      analysis_version: 'rev42-v3.0.0',
      ok: true,
      data: [Object],
      error: null
    },
    isError: false
  }
}
Ignoring message from unknown source MessageEvent { isTrusted: [Getter] }

stdout | tests/dna-import-ui.test.tsx > DNA import component > reports a failed analysis and retries with a new idempotency key
Sending message {
  method: 'tools/call',
  params: {
    name: 'get_analysis_status',
    arguments: {},
    _meta: { progressToken: 6 }
  },
  jsonrpc: '2.0',
  id: 6
}

stdout | tests/dna-import-ui.test.tsx > DNA import component > reports a failed analysis and retries with a new idempotency key
Parsed message {
  jsonrpc: '2.0',
  id: 6,
  result: {
    content: [ [Object] ],
    structuredContent: {
      contract_version: '3.0.0',
      analysis_version: 'rev42-v3.0.0',
      ok: true,
      data: [Object],
      error: null
    },
    isError: false
  }
}
Ignoring message from unknown source MessageEvent { isTrusted: [Getter] }

stdout | tests/dna-import-ui.test.tsx > DNA import component > reports a failed analysis and retries with a new idempotency key
Sending message {
  method: 'tools/call',
  params: {
    name: 'get_analysis_status',
    arguments: {},
    _meta: { progressToken: 7 }
  },
  jsonrpc: '2.0',
  id: 7
}

stdout | tests/dna-import-ui.test.tsx > DNA import component > reports a failed analysis and retries with a new idempotency key
Parsed message {
  jsonrpc: '2.0',
  id: 7,
  result: {
    content: [ [Object] ],
    structuredContent: {
      contract_version: '3.0.0',
      analysis_version: 'rev42-v3.0.0',
      ok: true,
      data: [Object],
      error: null
    },
    isError: false
  }
}
Ignoring message from unknown source MessageEvent { isTrusted: [Getter] }

stdout | tests/dna-import-ui.test.tsx > DNA import component > reports a failed analysis and retries with a new idempotency key
Sending message {
  method: 'tools/call',
  params: {
    name: 'get_analysis_status',
    arguments: {},
    _meta: { progressToken: 8 }
  },
  jsonrpc: '2.0',
  id: 8
}

stdout | tests/dna-import-ui.test.tsx > DNA import component > reports a failed analysis and retries with a new idempotency key
Parsed message {
  jsonrpc: '2.0',
  id: 8,
  result: {
    content: [ [Object] ],
    structuredContent: {
      contract_version: '3.0.0',
      analysis_version: 'rev42-v3.0.0',
      ok: true,
      data: [Object],
      error: null
    },
    isError: false
  }
}
Ignoring message from unknown source MessageEvent { isTrusted: [Getter] }

stdout | tests/dna-import-ui.test.tsx > DNA import component > reports a failed analysis and retries with a new idempotency key
Sending message {
  method: 'tools/call',
  params: {
    name: 'get_analysis_status',
    arguments: {},
    _meta: { progressToken: 9 }
  },
  jsonrpc: '2.0',
  id: 9
}

stdout | tests/dna-import-ui.test.tsx > DNA import component > reports a failed analysis and retries with a new idempotency key
Parsed message {
  jsonrpc: '2.0',
  id: 9,
  result: {
    content: [ [Object] ],
    structuredContent: {
      contract_version: '3.0.0',
      analysis_version: 'rev42-v3.0.0',
      ok: true,
      data: [Object],
      error: null
    },
    isError: false
  }
}
Ignoring message from unknown source MessageEvent { isTrusted: [Getter] }

stdout | tests/dna-import-ui.test.tsx > DNA import component > reports a failed analysis and retries with a new idempotency key
Sending message {
  method: 'tools/call',
  params: {
    name: 'get_analysis_status',
    arguments: {},
    _meta: { progressToken: 10 }
  },
  jsonrpc: '2.0',
  id: 10
}

stdout | tests/dna-import-ui.test.tsx > DNA import component > reports a failed analysis and retries with a new idempotency key
Parsed message {
  jsonrpc: '2.0',
  id: 10,
  result: {
    content: [ [Object] ],
    structuredContent: {
      contract_version: '3.0.0',
      analysis_version: 'rev42-v3.0.0',
      ok: true,
      data: [Object],
      error: null
    },
    isError: false
  }
}
Ignoring message from unknown source MessageEvent { isTrusted: [Getter] }

stdout | tests/dna-import-ui.test.tsx > DNA import component > reports a failed analysis and retries with a new idempotency key
Sending message {
  method: 'tools/call',
  params: {
    name: 'get_analysis_status',
    arguments: {},
    _meta: { progressToken: 11 }
  },
  jsonrpc: '2.0',
  id: 11
}

stdout | tests/dna-import-ui.test.tsx > DNA import component > reports a failed analysis and retries with a new idempotency key
Parsed message {
  jsonrpc: '2.0',
  id: 11,
  result: {
    content: [ [Object] ],
    structuredContent: {
      contract_version: '3.0.0',
      analysis_version: 'rev42-v3.0.0',
      ok: true,
      data: [Object],
      error: null
    },
    isError: false
  }
}
Ignoring message from unknown source MessageEvent { isTrusted: [Getter] }

stdout | tests/dna-import-ui.test.tsx > DNA import component > reports a failed analysis and retries with a new idempotency key
Sending message {
  method: 'tools/call',
  params: {
    name: 'get_analysis_status',
    arguments: {},
    _meta: { progressToken: 12 }
  },
  jsonrpc: '2.0',
  id: 12
}

stdout | tests/dna-import-ui.test.tsx > DNA import component > reports a failed analysis and retries with a new idempotency key
Parsed message {
  jsonrpc: '2.0',
  id: 12,
  result: {
    content: [ [Object] ],
    structuredContent: {
      contract_version: '3.0.0',
      analysis_version: 'rev42-v3.0.0',
      ok: true,
      data: [Object],
      error: null
    },
    isError: false
  }
}
Ignoring message from unknown source MessageEvent { isTrusted: [Getter] }

stdout | tests/dna-import-ui.test.tsx > DNA import component > reports a failed analysis and retries with a new idempotency key
Sending message {
  method: 'tools/call',
  params: {
    name: 'get_analysis_status',
    arguments: {},
    _meta: { progressToken: 13 }
  },
  jsonrpc: '2.0',
  id: 13
}

stdout | tests/dna-import-ui.test.tsx > DNA import component > reports a failed analysis and retries with a new idempotency key
Parsed message {
  jsonrpc: '2.0',
  id: 13,
  result: {
    content: [ [Object] ],
    structuredContent: {
      contract_version: '3.0.0',
      analysis_version: 'rev42-v3.0.0',
      ok: true,
      data: [Object],
      error: null
    },
    isError: false
  }
}
Ignoring message from unknown source MessageEvent { isTrusted: [Getter] }

stdout | tests/dna-import-ui.test.tsx > DNA import component > reports a failed analysis and retries with a new idempotency key
Sending message {
  method: 'tools/call',
  params: {
    name: 'get_analysis_status',
    arguments: {},
    _meta: { progressToken: 14 }
  },
  jsonrpc: '2.0',
  id: 14
}

stdout | tests/dna-import-ui.test.tsx > DNA import component > reports a failed analysis and retries with a new idempotency key
Parsed message {
  jsonrpc: '2.0',
  id: 14,
  result: {
    content: [ [Object] ],
    structuredContent: {
      contract_version: '3.0.0',
      analysis_version: 'rev42-v3.0.0',
      ok: true,
      data: [Object],
      error: null
    },
    isError: false
  }
}
Ignoring message from unknown source MessageEvent { isTrusted: [Getter] }

stdout | tests/dna-import-ui.test.tsx > DNA import component > reports a failed analysis and retries with a new idempotency key
Sending message {
  method: 'tools/call',
  params: {
    name: 'get_analysis_status',
    arguments: {},
    _meta: { progressToken: 15 }
  },
  jsonrpc: '2.0',
  id: 15
}

stdout | tests/dna-import-ui.test.tsx > DNA import component > reports a failed analysis and retries with a new idempotency key
Parsed message {
  jsonrpc: '2.0',
  id: 15,
  result: {
    content: [ [Object] ],
    structuredContent: {
      contract_version: '3.0.0',
      analysis_version: 'rev42-v3.0.0',
      ok: true,
      data: [Object],
      error: null
    },
    isError: false
  }
}
Ignoring message from unknown source MessageEvent { isTrusted: [Getter] }

stdout | tests/dna-import-ui.test.tsx > DNA import component > reports a failed analysis and retries with a new idempotency key
Sending message {
  method: 'tools/call',
  params: {
    name: 'get_analysis_status',
    arguments: {},
    _meta: { progressToken: 16 }
  },
  jsonrpc: '2.0',
  id: 16
}

stdout | tests/dna-import-ui.test.tsx > DNA import component > reports a failed analysis and retries with a new idempotency key
Parsed message {
  jsonrpc: '2.0',
  id: 16,
  result: {
    content: [ [Object] ],
    structuredContent: {
      contract_version: '3.0.0',
      analysis_version: 'rev42-v3.0.0',
      ok: true,
      data: [Object],
      error: null
    },
    isError: false
  }
}
Ignoring message from unknown source MessageEvent { isTrusted: [Getter] }

stdout | tests/dna-import-ui.test.tsx > DNA import component > reports a failed analysis and retries with a new idempotency key
Sending message {
  method: 'tools/call',
  params: {
    name: 'get_analysis_status',
    arguments: {},
    _meta: { progressToken: 17 }
  },
  jsonrpc: '2.0',
  id: 17
}

stdout | tests/dna-import-ui.test.tsx > DNA import component > reports a failed analysis and retries with a new idempotency key
Parsed message {
  jsonrpc: '2.0',
  id: 17,
  result: {
    content: [ [Object] ],
    structuredContent: {
      contract_version: '3.0.0',
      analysis_version: 'rev42-v3.0.0',
      ok: true,
      data: [Object],
      error: null
    },
    isError: false
  }
}
Ignoring message from unknown source MessageEvent { isTrusted: [Getter] }

stdout | tests/dna-import-ui.test.tsx > DNA import component > reports a failed analysis and retries with a new idempotency key
Sending message {
  method: 'tools/call',
  params: {
    name: 'get_analysis_status',
    arguments: {},
    _meta: { progressToken: 18 }
  },
  jsonrpc: '2.0',
  id: 18
}

stdout | tests/dna-import-ui.test.tsx > DNA import component > reports a failed analysis and retries with a new idempotency key
Parsed message {
  jsonrpc: '2.0',
  id: 18,
  result: {
    content: [ [Object] ],
    structuredContent: {
      contract_version: '3.0.0',
      analysis_version: 'rev42-v3.0.0',
      ok: true,
      data: [Object],
      error: null
    },
    isError: false
  }
}
Ignoring message from unknown source MessageEvent { isTrusted: [Getter] }

stdout | tests/dna-import-ui.test.tsx > DNA import component > reports a failed analysis and retries with a new idempotency key
Sending message {
  method: 'tools/call',
  params: {
    name: 'get_analysis_status',
    arguments: {},
    _meta: { progressToken: 19 }
  },
  jsonrpc: '2.0',
  id: 19
}

stdout | tests/dna-import-ui.test.tsx > DNA import component > reports a failed analysis and retries with a new idempotency key
Parsed message {
  jsonrpc: '2.0',
  id: 19,
  result: {
    content: [ [Object] ],
    structuredContent: {
      contract_version: '3.0.0',
      analysis_version: 'rev42-v3.0.0',
      ok: true,
      data: [Object],
      error: null
    },
    isError: false
  }
}
Ignoring message from unknown source MessageEvent { isTrusted: [Getter] }

stdout | tests/dna-import-ui.test.tsx > DNA import component > reports a failed analysis and retries with a new idempotency key
Sending message {
  method: 'tools/call',
  params: {
    name: 'get_analysis_status',
    arguments: {},
    _meta: { progressToken: 20 }
  },
  jsonrpc: '2.0',
  id: 20
}

stdout | tests/dna-import-ui.test.tsx > DNA import component > reports a failed analysis and retries with a new idempotency key
Parsed message {
  jsonrpc: '2.0',
  id: 20,
  result: {
    content: [ [Object] ],
    structuredContent: {
      contract_version: '3.0.0',
      analysis_version: 'rev42-v3.0.0',
      ok: true,
      data: [Object],
      error: null
    },
    isError: false
  }
}
Ignoring message from unknown source MessageEvent { isTrusted: [Getter] }

stdout | tests/dna-import-ui.test.tsx > DNA import component > reports a failed analysis and retries with a new idempotency key
Sending message {
  method: 'tools/call',
  params: {
    name: 'get_analysis_status',
    arguments: {},
    _meta: { progressToken: 21 }
  },
  jsonrpc: '2.0',
  id: 21
}

stdout | tests/dna-import-ui.test.tsx > DNA import component > reports a failed analysis and retries with a new idempotency key
Parsed message {
  jsonrpc: '2.0',
  id: 21,
  result: {
    content: [ [Object] ],
    structuredContent: {
      contract_version: '3.0.0',
      analysis_version: 'rev42-v3.0.0',
      ok: true,
      data: [Object],
      error: null
    },
    isError: false
  }
}
Ignoring message from unknown source MessageEvent { isTrusted: [Getter] }

stdout | tests/dna-import-ui.test.tsx > DNA import component > reports a failed analysis and retries with a new idempotency key
Sending message {
  method: 'tools/call',
  params: {
    name: 'get_analysis_status',
    arguments: {},
    _meta: { progressToken: 22 }
  },
  jsonrpc: '2.0',
  id: 22
}

stdout | tests/dna-import-ui.test.tsx > DNA import component > reports a failed analysis and retries with a new idempotency key
Parsed message {
  jsonrpc: '2.0',
  id: 22,
  result: {
    content: [ [Object] ],
    structuredContent: {
      contract_version: '3.0.0',
      analysis_version: 'rev42-v3.0.0',
      ok: true,
      data: [Object],
      error: null
    },
    isError: false
  }
}
Ignoring message from unknown source MessageEvent { isTrusted: [Getter] }

stdout | tests/dna-import-ui.test.tsx > DNA import component > reports a failed analysis and retries with a new idempotency key
Sending message {
  method: 'tools/call',
  params: {
    name: 'get_analysis_status',
    arguments: {},
    _meta: { progressToken: 23 }
  },
  jsonrpc: '2.0',
  id: 23
}

stdout | tests/dna-import-ui.test.tsx > DNA import component > reports a failed analysis and retries with a new idempotency key
Parsed message {
  jsonrpc: '2.0',
  id: 23,
  result: {
    content: [ [Object] ],
    structuredContent: {
      contract_version: '3.0.0',
      analysis_version: 'rev42-v3.0.0',
      ok: true,
      data: [Object],
      error: null
    },
    isError: false
  }
}
Ignoring message from unknown source MessageEvent { isTrusted: [Getter] }

stdout | tests/dna-import-ui.test.tsx > DNA import component > reports a failed analysis and retries with a new idempotency key
Sending message {
  method: 'tools/call',
  params: {
    name: 'get_analysis_status',
    arguments: {},
    _meta: { progressToken: 24 }
  },
  jsonrpc: '2.0',
  id: 24
}

stdout | tests/dna-import-ui.test.tsx > DNA import component > reports a failed analysis and retries with a new idempotency key
Parsed message {
  jsonrpc: '2.0',
  id: 24,
  result: {
    content: [ [Object] ],
    structuredContent: {
      contract_version: '3.0.0',
      analysis_version: 'rev42-v3.0.0',
      ok: true,
      data: [Object],
      error: null
    },
    isError: false
  }
}
Ignoring message from unknown source MessageEvent { isTrusted: [Getter] }

stdout | tests/dna-import-ui.test.tsx > DNA import component > reports a failed analysis and retries with a new idempotency key
Sending message {
  method: 'tools/call',
  params: {
    name: 'get_analysis_status',
    arguments: {},
    _meta: { progressToken: 25 }
  },
  jsonrpc: '2.0',
  id: 25
}

stdout | tests/dna-import-ui.test.tsx > DNA import component > reports a failed analysis and retries with a new idempotency key
Parsed message {
  jsonrpc: '2.0',
  id: 25,
  result: {
    content: [ [Object] ],
    structuredContent: {
      contract_version: '3.0.0',
      analysis_version: 'rev42-v3.0.0',
      ok: true,
      data: [Object],
      error: null
    },
    isError: false
  }
}
Ignoring message from unknown source MessageEvent { isTrusted: [Getter] }

stdout | tests/dna-import-ui.test.tsx > DNA import component > reports a failed analysis and retries with a new idempotency key
Sending message {
  method: 'tools/call',
  params: {
    name: 'get_analysis_status',
    arguments: {},
    _meta: { progressToken: 26 }
  },
  jsonrpc: '2.0',
  id: 26
}

stdout | tests/dna-import-ui.test.tsx > DNA import component > reports a failed analysis and retries with a new idempotency key
Parsed message {
  jsonrpc: '2.0',
  id: 26,
  result: {
    content: [ [Object] ],
    structuredContent: {
      contract_version: '3.0.0',
      analysis_version: 'rev42-v3.0.0',
      ok: true,
      data: [Object],
      error: null
    },
    isError: false
  }
}
Ignoring message from unknown source MessageEvent { isTrusted: [Getter] }

stdout | tests/dna-import-ui.test.tsx > DNA import component > reports a failed analysis and retries with a new idempotency key
Sending message {
  method: 'tools/call',
  params: {
    name: 'get_analysis_status',
    arguments: {},
    _meta: { progressToken: 27 }
  },
  jsonrpc: '2.0',
  id: 27
}

stdout | tests/dna-import-ui.test.tsx > DNA import component > reports a failed analysis and retries with a new idempotency key
Parsed message {
  jsonrpc: '2.0',
  id: 27,
  result: {
    content: [ [Object] ],
    structuredContent: {
      contract_version: '3.0.0',
      analysis_version: 'rev42-v3.0.0',
      ok: true,
      data: [Object],
      error: null
    },
    isError: false
  }
}
Ignoring message from unknown source MessageEvent { isTrusted: [Getter] }

stdout | tests/dna-import-ui.test.tsx > DNA import component > reports a failed analysis and retries with a new idempotency key
Sending message {
  method: 'tools/call',
  params: {
    name: 'get_analysis_status',
    arguments: {},
    _meta: { progressToken: 28 }
  },
  jsonrpc: '2.0',
  id: 28
}

stdout | tests/dna-import-ui.test.tsx > DNA import component > reports a failed analysis and retries with a new idempotency key
Parsed message {
  jsonrpc: '2.0',
  id: 28,
  result: {
    content: [ [Object] ],
    structuredContent: {
      contract_version: '3.0.0',
      analysis_version: 'rev42-v3.0.0',
      ok: true,
      data: [Object],
      error: null
    },
    isError: false
  }
}
Ignoring message from unknown source MessageEvent { isTrusted: [Getter] }

stdout | tests/dna-import-ui.test.tsx > DNA import component > reports a failed analysis and retries with a new idempotency key
Sending message {
  method: 'tools/call',
  params: {
    name: 'get_analysis_status',
    arguments: {},
    _meta: { progressToken: 29 }
  },
  jsonrpc: '2.0',
  id: 29
}

stdout | tests/dna-import-ui.test.tsx > DNA import component > reports a failed analysis and retries with a new idempotency key
Parsed message {
  jsonrpc: '2.0',
  id: 29,
  result: {
    content: [ [Object] ],
    structuredContent: {
      contract_version: '3.0.0',
      analysis_version: 'rev42-v3.0.0',
      ok: true,
      data: [Object],
      error: null
    },
    isError: false
  }
}
Ignoring message from unknown source MessageEvent { isTrusted: [Getter] }

stdout | tests/dna-import-ui.test.tsx > DNA import component > reports a failed analysis and retries with a new idempotency key
Sending message {
  method: 'tools/call',
  params: {
    name: 'get_analysis_status',
    arguments: {},
    _meta: { progressToken: 30 }
  },
  jsonrpc: '2.0',
  id: 30
}

stdout | tests/dna-import-ui.test.tsx > DNA import component > reports a failed analysis and retries with a new idempotency key
Parsed message {
  jsonrpc: '2.0',
  id: 30,
  result: {
    content: [ [Object] ],
    structuredContent: {
      contract_version: '3.0.0',
      analysis_version: 'rev42-v3.0.0',
      ok: true,
      data: [Object],
      error: null
    },
    isError: false
  }
}
Ignoring message from unknown source MessageEvent { isTrusted: [Getter] }

stdout | tests/dna-import-ui.test.tsx > DNA import component > reports a failed analysis and retries with a new idempotency key
Sending message {
  method: 'tools/call',
  params: {
    name: 'get_analysis_status',
    arguments: {},
    _meta: { progressToken: 31 }
  },
  jsonrpc: '2.0',
  id: 31
}

stdout | tests/dna-import-ui.test.tsx > DNA import component > reports a failed analysis and retries with a new idempotency key
Parsed message {
  jsonrpc: '2.0',
  id: 31,
  result: {
    content: [ [Object] ],
    structuredContent: {
      contract_version: '3.0.0',
      analysis_version: 'rev42-v3.0.0',
      ok: true,
      data: [Object],
      error: null
    },
    isError: false
  }
}
Ignoring message from unknown source MessageEvent { isTrusted: [Getter] }

stdout | tests/dna-import-ui.test.tsx > DNA import component > reports a failed analysis and retries with a new idempotency key
Sending message {
  method: 'tools/call',
  params: {
    name: 'get_analysis_status',
    arguments: {},
    _meta: { progressToken: 32 }
  },
  jsonrpc: '2.0',
  id: 32
}

stdout | tests/dna-import-ui.test.tsx > DNA import component > reports a failed analysis and retries with a new idempotency key
Parsed message {
  jsonrpc: '2.0',
  id: 32,
  result: {
    content: [ [Object] ],
    structuredContent: {
      contract_version: '3.0.0',
      analysis_version: 'rev42-v3.0.0',
      ok: true,
      data: [Object],
      error: null
    },
    isError: false
  }
}
Ignoring message from unknown source MessageEvent { isTrusted: [Getter] }

stdout | tests/dna-import-ui.test.tsx > DNA import component > reports a failed analysis and retries with a new idempotency key
Sending message {
  method: 'tools/call',
  params: {
    name: 'get_analysis_status',
    arguments: {},
    _meta: { progressToken: 33 }
  },
  jsonrpc: '2.0',
  id: 33
}

stdout | tests/dna-import-ui.test.tsx > DNA import component > reports a failed analysis and retries with a new idempotency key
Parsed message {
  jsonrpc: '2.0',
  id: 33,
  result: {
    content: [ [Object] ],
    structuredContent: {
      contract_version: '3.0.0',
      analysis_version: 'rev42-v3.0.0',
      ok: true,
      data: [Object],
      error: null
    },
    isError: false
  }
}
Ignoring message from unknown source MessageEvent { isTrusted: [Getter] }

stdout | tests/dna-import-ui.test.tsx > DNA import component > reports a failed analysis and retries with a new idempotency key
Sending message {
  method: 'tools/call',
  params: {
    name: 'get_analysis_status',
    arguments: {},
    _meta: { progressToken: 34 }
  },
  jsonrpc: '2.0',
  id: 34
}

stdout | tests/dna-import-ui.test.tsx > DNA import component > reports a failed analysis and retries with a new idempotency key
Parsed message {
  jsonrpc: '2.0',
  id: 34,
  result: {
    content: [ [Object] ],
    structuredContent: {
      contract_version: '3.0.0',
      analysis_version: 'rev42-v3.0.0',
      ok: true,
      data: [Object],
      error: null
    },
    isError: false
  }
}
Ignoring message from unknown source MessageEvent { isTrusted: [Getter] }

stdout | tests/dna-import-ui.test.tsx > DNA import component > reports a failed analysis and retries with a new idempotency key
Sending message {
  method: 'tools/call',
  params: {
    name: 'get_analysis_status',
    arguments: {},
    _meta: { progressToken: 35 }
  },
  jsonrpc: '2.0',
  id: 35
}

stdout | tests/dna-import-ui.test.tsx > DNA import component > reports a failed analysis and retries with a new idempotency key
Parsed message {
  jsonrpc: '2.0',
  id: 35,
  result: {
    content: [ [Object] ],
    structuredContent: {
      contract_version: '3.0.0',
      analysis_version: 'rev42-v3.0.0',
      ok: true,
      data: [Object],
      error: null
    },
    isError: false
  }
}
Ignoring message from unknown source MessageEvent { isTrusted: [Getter] }

stdout | tests/dna-import-ui.test.tsx > DNA import component > reports a failed analysis and retries with a new idempotency key
Sending message {
  method: 'tools/call',
  params: {
    name: 'get_analysis_status',
    arguments: {},
    _meta: { progressToken: 36 }
  },
  jsonrpc: '2.0',
  id: 36
}

stdout | tests/dna-import-ui.test.tsx > DNA import component > reports a failed analysis and retries with a new idempotency key
Parsed message {
  jsonrpc: '2.0',
  id: 36,
  result: {
    content: [ [Object] ],
    structuredContent: {
      contract_version: '3.0.0',
      analysis_version: 'rev42-v3.0.0',
      ok: true,
      data: [Object],
      error: null
    },
    isError: false
  }
}
Ignoring message from unknown source MessageEvent { isTrusted: [Getter] }

stdout | tests/dna-import-ui.test.tsx > DNA import component > reports a failed analysis and retries with a new idempotency key
Sending message {
  method: 'tools/call',
  params: {
    name: 'get_analysis_status',
    arguments: {},
    _meta: { progressToken: 37 }
  },
  jsonrpc: '2.0',
  id: 37
}

stdout | tests/dna-import-ui.test.tsx > DNA import component > reports a failed analysis and retries with a new idempotency key
Parsed message {
  jsonrpc: '2.0',
  id: 37,
  result: {
    content: [ [Object] ],
    structuredContent: {
      contract_version: '3.0.0',
      analysis_version: 'rev42-v3.0.0',
      ok: true,
      data: [Object],
      error: null
    },
    isError: false
  }
}
Ignoring message from unknown source MessageEvent { isTrusted: [Getter] }

stdout | tests/dna-import-ui.test.tsx > DNA import component > reports a failed analysis and retries with a new idempotency key
Sending message {
  method: 'tools/call',
  params: {
    name: 'get_analysis_status',
    arguments: {},
    _meta: { progressToken: 38 }
  },
  jsonrpc: '2.0',
  id: 38
}

stdout | tests/dna-import-ui.test.tsx > DNA import component > reports a failed analysis and retries with a new idempotency key
Parsed message {
  jsonrpc: '2.0',
  id: 38,
  result: {
    content: [ [Object] ],
    structuredContent: {
      contract_version: '3.0.0',
      analysis_version: 'rev42-v3.0.0',
      ok: true,
      data: [Object],
      error: null
    },
    isError: false
  }
}
Ignoring message from unknown source MessageEvent { isTrusted: [Getter] }

stdout | tests/dna-import-ui.test.tsx > DNA import component > reports a failed analysis and retries with a new idempotency key
Sending message {
  method: 'tools/call',
  params: {
    name: 'get_analysis_status',
    arguments: {},
    _meta: { progressToken: 39 }
  },
  jsonrpc: '2.0',
  id: 39
}

stdout | tests/dna-import-ui.test.tsx > DNA import component > reports a failed analysis and retries with a new idempotency key
Parsed message {
  jsonrpc: '2.0',
  id: 39,
  result: {
    content: [ [Object] ],
    structuredContent: {
      contract_version: '3.0.0',
      analysis_version: 'rev42-v3.0.0',
      ok: true,
      data: [Object],
      error: null
    },
    isError: false
  }
}
Ignoring message from unknown source MessageEvent { isTrusted: [Getter] }

stdout | tests/dna-import-ui.test.tsx > DNA import component > reports a failed analysis and retries with a new idempotency key
Sending message {
  method: 'tools/call',
  params: {
    name: 'get_analysis_status',
    arguments: {},
    _meta: { progressToken: 40 }
  },
  jsonrpc: '2.0',
  id: 40
}

stdout | tests/dna-import-ui.test.tsx > DNA import component > reports a failed analysis and retries with a new idempotency key
Parsed message {
  jsonrpc: '2.0',
  id: 40,
  result: {
    content: [ [Object] ],
    structuredContent: {
      contract_version: '3.0.0',
      analysis_version: 'rev42-v3.0.0',
      ok: true,
      data: [Object],
      error: null
    },
    isError: false
  }
}
Ignoring message from unknown source MessageEvent { isTrusted: [Getter] }

stdout | tests/dna-import-ui.test.tsx > DNA import component > reports a failed analysis and retries with a new idempotency key
Sending message {
  method: 'tools/call',
  params: {
    name: 'get_analysis_status',
    arguments: {},
    _meta: { progressToken: 41 }
  },
  jsonrpc: '2.0',
  id: 41
}

stdout | tests/dna-import-ui.test.tsx > DNA import component > reports a failed analysis and retries with a new idempotency key
Parsed message {
  jsonrpc: '2.0',
  id: 41,
  result: {
    content: [ [Object] ],
    structuredContent: {
      contract_version: '3.0.0',
      analysis_version: 'rev42-v3.0.0',
      ok: true,
      data: [Object],
      error: null
    },
    isError: false
  }
}
Ignoring message from unknown source MessageEvent { isTrusted: [Getter] }

stdout | tests/dna-import-ui.test.tsx > DNA import component > reports a failed analysis and retries with a new idempotency key
Sending message {
  method: 'tools/call',
  params: {
    name: 'get_analysis_status',
    arguments: {},
    _meta: { progressToken: 42 }
  },
  jsonrpc: '2.0',
  id: 42
}

stdout | tests/dna-import-ui.test.tsx > DNA import component > reports a failed analysis and retries with a new idempotency key
Parsed message {
  jsonrpc: '2.0',
  id: 42,
  result: {
    content: [ [Object] ],
    structuredContent: {
      contract_version: '3.0.0',
      analysis_version: 'rev42-v3.0.0',
      ok: true,
      data: [Object],
      error: null
    },
    isError: false
  }
}
Ignoring message from unknown source MessageEvent { isTrusted: [Getter] }

stdout | tests/dna-import-ui.test.tsx > DNA import component > reports a failed analysis and retries with a new idempotency key
Sending message {
  method: 'tools/call',
  params: {
    name: 'get_analysis_status',
    arguments: {},
    _meta: { progressToken: 43 }
  },
  jsonrpc: '2.0',
  id: 43
}

stdout | tests/dna-import-ui.test.tsx > DNA import component > reports a failed analysis and retries with a new idempotency key
Parsed message {
  jsonrpc: '2.0',
  id: 43,
  result: {
    content: [ [Object] ],
    structuredContent: {
      contract_version: '3.0.0',
      analysis_version: 'rev42-v3.0.0',
      ok: true,
      data: [Object],
      error: null
    },
    isError: false
  }
}
Ignoring message from unknown source MessageEvent { isTrusted: [Getter] }

stdout | tests/dna-import-ui.test.tsx > DNA import component > reports a failed analysis and retries with a new idempotency key
Sending message {
  method: 'tools/call',
  params: {
    name: 'get_analysis_status',
    arguments: {},
    _meta: { progressToken: 44 }
  },
  jsonrpc: '2.0',
  id: 44
}

stdout | tests/dna-import-ui.test.tsx > DNA import component > reports a failed analysis and retries with a new idempotency key
Parsed message {
  jsonrpc: '2.0',
  id: 44,
  result: {
    content: [ [Object] ],
    structuredContent: {
      contract_version: '3.0.0',
      analysis_version: 'rev42-v3.0.0',
      ok: true,
      data: [Object],
      error: null
    },
    isError: false
  }
}
Ignoring message from unknown source MessageEvent { isTrusted: [Getter] }

stdout | tests/dna-import-ui.test.tsx > DNA import component > reports a failed analysis and retries with a new idempotency key
Sending message {
  method: 'tools/call',
  params: {
    name: 'get_analysis_status',
    arguments: {},
    _meta: { progressToken: 45 }
  },
  jsonrpc: '2.0',
  id: 45
}

stdout | tests/dna-import-ui.test.tsx > DNA import component > reports a failed analysis and retries with a new idempotency key
Parsed message {
  jsonrpc: '2.0',
  id: 45,
  result: {
    content: [ [Object] ],
    structuredContent: {
      contract_version: '3.0.0',
      analysis_version: 'rev42-v3.0.0',
      ok: true,
      data: [Object],
      error: null
    },
    isError: false
  }
}
Ignoring message from unknown source MessageEvent { isTrusted: [Getter] }

stdout | tests/dna-import-ui.test.tsx > DNA import component > reports a failed analysis and retries with a new idempotency key
Sending message {
  method: 'tools/call',
  params: {
    name: 'get_analysis_status',
    arguments: {},
    _meta: { progressToken: 46 }
  },
  jsonrpc: '2.0',
  id: 46
}

stdout | tests/dna-import-ui.test.tsx > DNA import component > reports a failed analysis and retries with a new idempotency key
Parsed message {
  jsonrpc: '2.0',
  id: 46,
  result: {
    content: [ [Object] ],
    structuredContent: {
      contract_version: '3.0.0',
      analysis_version: 'rev42-v3.0.0',
      ok: true,
      data: [Object],
      error: null
    },
    isError: false
  }
}
Ignoring message from unknown source MessageEvent { isTrusted: [Getter] }

stdout | tests/dna-import-ui.test.tsx > DNA import component > reports a failed analysis and retries with a new idempotency key
Sending message {
  method: 'tools/call',
  params: {
    name: 'get_analysis_status',
    arguments: {},
    _meta: { progressToken: 47 }
  },
  jsonrpc: '2.0',
  id: 47
}

stdout | tests/dna-import-ui.test.tsx > DNA import component > reports a failed analysis and retries with a new idempotency key
Parsed message {
  jsonrpc: '2.0',
  id: 47,
  result: {
    content: [ [Object] ],
    structuredContent: {
      contract_version: '3.0.0',
      analysis_version: 'rev42-v3.0.0',
      ok: true,
      data: [Object],
      error: null
    },
    isError: false
  }
}
Ignoring message from unknown source MessageEvent { isTrusted: [Getter] }

stdout | tests/dna-import-ui.test.tsx > DNA import component > reports a failed analysis and retries with a new idempotency key
Sending message {
  method: 'tools/call',
  params: {
    name: 'get_analysis_status',
    arguments: {},
    _meta: { progressToken: 48 }
  },
  jsonrpc: '2.0',
  id: 48
}

stdout | tests/dna-import-ui.test.tsx > DNA import component > reports a failed analysis and retries with a new idempotency key
Parsed message {
  jsonrpc: '2.0',
  id: 48,
  result: {
    content: [ [Object] ],
    structuredContent: {
      contract_version: '3.0.0',
      analysis_version: 'rev42-v3.0.0',
      ok: true,
      data: [Object],
      error: null
    },
    isError: false
  }
}
Ignoring message from unknown source MessageEvent { isTrusted: [Getter] }

stdout | tests/dna-import-ui.test.tsx > DNA import component > asks for a file again when a resumed session cannot retry in place
Sending message {
  method: 'ui/initialize',
  params: {
    appCapabilities: {},
    appInfo: { name: 'Mutant Genomics', version: '1.0.0' },
    protocolVersion: '2026-01-26'
  },
  jsonrpc: '2.0',
  id: 0
}

stdout | tests/dna-import-ui.test.tsx > DNA import component > asks for a file again when a resumed session cannot retry in place
Parsed message {
  jsonrpc: '2.0',
  id: 0,
  result: {
    protocolVersion: '2026-01-26',
    hostInfo: { name: 'fake-host', version: '1.0.0' },
    hostCapabilities: {},
    hostContext: { theme: 'light' }
  }
}
Ignoring message from unknown source MessageEvent { isTrusted: [Getter] }
Sending message { method: 'ui/notifications/initialized', jsonrpc: '2.0' }

stdout | tests/dna-import-ui.test.tsx > DNA import component > asks for a file again when a resumed session cannot retry in place
Ignoring message from unknown source MessageEvent { isTrusted: [Getter] }

stdout | tests/dna-import-ui.test.tsx > DNA import component > asks for a file again when a resumed session cannot retry in place
Sending message {
  method: 'tools/call',
  params: {
    name: 'get_snp_catalog',
    arguments: {},
    _meta: { progressToken: 1 }
  },
  jsonrpc: '2.0',
  id: 1
}
Sending message {
  method: 'tools/call',
  params: {
    name: 'get_analysis_status',
    arguments: {},
    _meta: { progressToken: 2 }
  },
  jsonrpc: '2.0',
  id: 2
}

stdout | tests/dna-import-ui.test.tsx > DNA import component > asks for a file again when a resumed session cannot retry in place
Parsed message {
  jsonrpc: '2.0',
  id: 1,
  result: {
    content: [ [Object] ],
    structuredContent: {
      contract_version: '3.0.0',
      analysis_version: 'rev42-v3.0.0',
      ok: true,
      data: [Object],
      error: null
    },
    isError: false
  }
}
Ignoring message from unknown source MessageEvent { isTrusted: [Getter] }

stdout | tests/dna-import-ui.test.tsx > DNA import component > asks for a file again when a resumed session cannot retry in place
Parsed message {
  jsonrpc: '2.0',
  id: 2,
  result: {
    content: [ [Object] ],
    structuredContent: {
      contract_version: '3.0.0',
      analysis_version: 'rev42-v3.0.0',
      ok: true,
      data: [Object],
      error: null
    },
    isError: false
  }
}
Ignoring message from unknown source MessageEvent { isTrusted: [Getter] }

stdout | tests/dna-import-ui.test.tsx > DNA import component > renders the top findings inline when the user asks for them
Sending message {
  method: 'ui/initialize',
  params: {
    appCapabilities: {},
    appInfo: { name: 'Mutant Genomics', version: '1.0.0' },
    protocolVersion: '2026-01-26'
  },
  jsonrpc: '2.0',
  id: 0
}

stdout | tests/dna-import-ui.test.tsx > DNA import component > renders the top findings inline when the user asks for them
Parsed message {
  jsonrpc: '2.0',
  id: 0,
  result: {
    protocolVersion: '2026-01-26',
    hostInfo: { name: 'fake-host', version: '1.0.0' },
    hostCapabilities: {},
    hostContext: { theme: 'light' }
  }
}
Ignoring message from unknown source MessageEvent { isTrusted: [Getter] }
Sending message { method: 'ui/notifications/initialized', jsonrpc: '2.0' }

stdout | tests/dna-import-ui.test.tsx > DNA import component > renders the top findings inline when the user asks for them
Ignoring message from unknown source MessageEvent { isTrusted: [Getter] }

stdout | tests/dna-import-ui.test.tsx > DNA import component > renders the top findings inline when the user asks for them
Sending message {
  method: 'tools/call',
  params: {
    name: 'get_snp_catalog',
    arguments: {},
    _meta: { progressToken: 1 }
  },
  jsonrpc: '2.0',
  id: 1
}
Sending message {
  method: 'tools/call',
  params: {
    name: 'get_analysis_status',
    arguments: {},
    _meta: { progressToken: 2 }
  },
  jsonrpc: '2.0',
  id: 2
}

stdout | tests/dna-import-ui.test.tsx > DNA import component > renders the top findings inline when the user asks for them
Parsed message {
  jsonrpc: '2.0',
  id: 1,
  result: {
    content: [ [Object] ],
    structuredContent: {
      contract_version: '3.0.0',
      analysis_version: 'rev42-v3.0.0',
      ok: true,
      data: [Object],
      error: null
    },
    isError: false
  }
}
Ignoring message from unknown source MessageEvent { isTrusted: [Getter] }

stdout | tests/dna-import-ui.test.tsx > DNA import component > renders the top findings inline when the user asks for them
Parsed message {
  jsonrpc: '2.0',
  id: 2,
  result: {
    content: [ [Object] ],
    structuredContent: {
      contract_version: '3.0.0',
      analysis_version: 'rev42-v3.0.0',
      ok: true,
      data: [Object],
      error: null
    },
    isError: false
  }
}
Ignoring message from unknown source MessageEvent { isTrusted: [Getter] }

stdout | tests/dna-import-ui.test.tsx > DNA import component > hands a finding to ChatGPT only when the user asks
Sending message {
  method: 'ui/initialize',
  params: {
    appCapabilities: {},
    appInfo: { name: 'Mutant Genomics', version: '1.0.0' },
    protocolVersion: '2026-01-26'
  },
  jsonrpc: '2.0',
  id: 0
}

stdout | tests/dna-import-ui.test.tsx > DNA import component > hands a finding to ChatGPT only when the user asks
Parsed message {
  jsonrpc: '2.0',
  id: 0,
  result: {
    protocolVersion: '2026-01-26',
    hostInfo: { name: 'fake-host', version: '1.0.0' },
    hostCapabilities: {},
    hostContext: { theme: 'light' }
  }
}
Ignoring message from unknown source MessageEvent { isTrusted: [Getter] }
Sending message { method: 'ui/notifications/initialized', jsonrpc: '2.0' }

stdout | tests/dna-import-ui.test.tsx > DNA import component > hands a finding to ChatGPT only when the user asks
Ignoring message from unknown source MessageEvent { isTrusted: [Getter] }

stdout | tests/dna-import-ui.test.tsx > DNA import component > hands a finding to ChatGPT only when the user asks
Sending message {
  method: 'tools/call',
  params: {
    name: 'get_snp_catalog',
    arguments: {},
    _meta: { progressToken: 1 }
  },
  jsonrpc: '2.0',
  id: 1
}
Sending message {
  method: 'tools/call',
  params: {
    name: 'get_analysis_status',
    arguments: {},
    _meta: { progressToken: 2 }
  },
  jsonrpc: '2.0',
  id: 2
}

stdout | tests/dna-import-ui.test.tsx > DNA import component > hands a finding to ChatGPT only when the user asks
Parsed message {
  jsonrpc: '2.0',
  id: 1,
  result: {
    content: [ [Object] ],
    structuredContent: {
      contract_version: '3.0.0',
      analysis_version: 'rev42-v3.0.0',
      ok: true,
      data: [Object],
      error: null
    },
    isError: false
  }
}
Ignoring message from unknown source MessageEvent { isTrusted: [Getter] }

stdout | tests/dna-import-ui.test.tsx > DNA import component > hands a finding to ChatGPT only when the user asks
Parsed message {
  jsonrpc: '2.0',
  id: 2,
  result: {
    content: [ [Object] ],
    structuredContent: {
      contract_version: '3.0.0',
      analysis_version: 'rev42-v3.0.0',
      ok: true,
      data: [Object],
      error: null
    },
    isError: false
  }
}
Ignoring message from unknown source MessageEvent { isTrusted: [Getter] }

stdout | tests/dna-import-ui.test.tsx > DNA import component > renders state-aware prompt chips and sends one on click
Sending message {
  method: 'ui/initialize',
  params: {
    appCapabilities: {},
    appInfo: { name: 'Mutant Genomics', version: '1.0.0' },
    protocolVersion: '2026-01-26'
  },
  jsonrpc: '2.0',
  id: 0
}

stdout | tests/dna-import-ui.test.tsx > DNA import component > renders state-aware prompt chips and sends one on click
Parsed message {
  jsonrpc: '2.0',
  id: 0,
  result: {
    protocolVersion: '2026-01-26',
    hostInfo: { name: 'fake-host', version: '1.0.0' },
    hostCapabilities: {},
    hostContext: { theme: 'light' }
  }
}
Ignoring message from unknown source MessageEvent { isTrusted: [Getter] }
Sending message { method: 'ui/notifications/initialized', jsonrpc: '2.0' }

stdout | tests/dna-import-ui.test.tsx > DNA import component > renders state-aware prompt chips and sends one on click
Ignoring message from unknown source MessageEvent { isTrusted: [Getter] }

stdout | tests/dna-import-ui.test.tsx > DNA import component > renders state-aware prompt chips and sends one on click
Sending message {
  method: 'tools/call',
  params: {
    name: 'get_snp_catalog',
    arguments: {},
    _meta: { progressToken: 1 }
  },
  jsonrpc: '2.0',
  id: 1
}
Sending message {
  method: 'tools/call',
  params: {
    name: 'get_analysis_status',
    arguments: {},
    _meta: { progressToken: 2 }
  },
  jsonrpc: '2.0',
  id: 2
}

stdout | tests/dna-import-ui.test.tsx > DNA import component > renders state-aware prompt chips and sends one on click
Parsed message {
  jsonrpc: '2.0',
  id: 1,
  result: {
    content: [ [Object] ],
    structuredContent: {
      contract_version: '3.0.0',
      analysis_version: 'rev42-v3.0.0',
      ok: true,
      data: [Object],
      error: null
    },
    isError: false
  }
}
Ignoring message from unknown source MessageEvent { isTrusted: [Getter] }

stdout | tests/dna-import-ui.test.tsx > DNA import component > renders state-aware prompt chips and sends one on click
Parsed message {
  jsonrpc: '2.0',
  id: 2,
  result: {
    content: [ [Object] ],
    structuredContent: {
      contract_version: '3.0.0',
      analysis_version: 'rev42-v3.0.0',
      ok: true,
      data: [Object],
      error: null
    },
    isError: false
  }
}
Ignoring message from unknown source MessageEvent { isTrusted: [Getter] }

stdout | tests/dna-import-ui.test.tsx > DNA import component > opens the overview route with findings and hints already visible
Sending message {
  method: 'ui/initialize',
  params: {
    appCapabilities: {},
    appInfo: { name: 'Mutant Genomics', version: '1.0.0' },
    protocolVersion: '2026-01-26'
  },
  jsonrpc: '2.0',
  id: 0
}

stdout | tests/dna-import-ui.test.tsx > DNA import component > opens the overview route with findings and hints already visible
Parsed message {
  jsonrpc: '2.0',
  id: 0,
  result: {
    protocolVersion: '2026-01-26',
    hostInfo: { name: 'fake-host', version: '1.0.0' },
    hostCapabilities: {},
    hostContext: { theme: 'light' }
  }
}
Ignoring message from unknown source MessageEvent { isTrusted: [Getter] }
Sending message { method: 'ui/notifications/initialized', jsonrpc: '2.0' }

stdout | tests/dna-import-ui.test.tsx > DNA import component > opens the overview route with findings and hints already visible
Ignoring message from unknown source MessageEvent { isTrusted: [Getter] }

stdout | tests/dna-import-ui.test.tsx > DNA import component > opens the overview route with findings and hints already visible
Sending message {
  method: 'tools/call',
  params: {
    name: 'get_snp_catalog',
    arguments: {},
    _meta: { progressToken: 1 }
  },
  jsonrpc: '2.0',
  id: 1
}
Sending message {
  method: 'tools/call',
  params: {
    name: 'get_analysis_status',
    arguments: {},
    _meta: { progressToken: 2 }
  },
  jsonrpc: '2.0',
  id: 2
}

stdout | tests/dna-import-ui.test.tsx > DNA import component > opens the overview route with findings and hints already visible
Parsed message {
  jsonrpc: '2.0',
  id: 1,
  result: {
    content: [ [Object] ],
    structuredContent: {
      contract_version: '3.0.0',
      analysis_version: 'rev42-v3.0.0',
      ok: true,
      data: [Object],
      error: null
    },
    isError: false
  }
}
Ignoring message from unknown source MessageEvent { isTrusted: [Getter] }

stdout | tests/dna-import-ui.test.tsx > DNA import component > opens the overview route with findings and hints already visible
Parsed message {
  jsonrpc: '2.0',
  id: 2,
  result: {
    content: [ [Object] ],
    structuredContent: {
      contract_version: '3.0.0',
      analysis_version: 'rev42-v3.0.0',
      ok: true,
      data: [Object],
      error: null
    },
    isError: false
  }
}
Ignoring message from unknown source MessageEvent { isTrusted: [Getter] }

stdout | tests/dna-import-ui.test.tsx > DNA import component > opens findings when the host delivers the overview tool result
Sending message {
  method: 'ui/initialize',
  params: {
    appCapabilities: {},
    appInfo: { name: 'Mutant Genomics', version: '1.0.0' },
    protocolVersion: '2026-01-26'
  },
  jsonrpc: '2.0',
  id: 0
}

stdout | tests/dna-import-ui.test.tsx > DNA import component > opens findings when the host delivers the overview tool result
Parsed message {
  jsonrpc: '2.0',
  id: 0,
  result: {
    protocolVersion: '2026-01-26',
    hostInfo: { name: 'fake-host', version: '1.0.0' },
    hostCapabilities: {},
    hostContext: { theme: 'light' }
  }
}
Ignoring message from unknown source MessageEvent { isTrusted: [Getter] }
Sending message { method: 'ui/notifications/initialized', jsonrpc: '2.0' }

stdout | tests/dna-import-ui.test.tsx > DNA import component > opens findings when the host delivers the overview tool result
Ignoring message from unknown source MessageEvent { isTrusted: [Getter] }

stdout | tests/dna-import-ui.test.tsx > DNA import component > opens findings when the host delivers the overview tool result
Sending message {
  method: 'tools/call',
  params: {
    name: 'get_snp_catalog',
    arguments: {},
    _meta: { progressToken: 1 }
  },
  jsonrpc: '2.0',
  id: 1
}
Sending message {
  method: 'tools/call',
  params: {
    name: 'get_analysis_status',
    arguments: {},
    _meta: { progressToken: 2 }
  },
  jsonrpc: '2.0',
  id: 2
}

stdout | tests/dna-import-ui.test.tsx > DNA import component > opens findings when the host delivers the overview tool result
Parsed message {
  jsonrpc: '2.0',
  id: 1,
  result: {
    content: [ [Object] ],
    structuredContent: {
      contract_version: '3.0.0',
      analysis_version: 'rev42-v3.0.0',
      ok: true,
      data: [Object],
      error: null
    },
    isError: false
  }
}
Ignoring message from unknown source MessageEvent { isTrusted: [Getter] }

stdout | tests/dna-import-ui.test.tsx > DNA import component > opens findings when the host delivers the overview tool result
Parsed message {
  jsonrpc: '2.0',
  id: 2,
  result: {
    content: [ [Object] ],
    structuredContent: {
      contract_version: '3.0.0',
      analysis_version: 'rev42-v3.0.0',
      ok: true,
      data: [Object],
      error: null
    },
    isError: false
  }
}
Ignoring message from unknown source MessageEvent { isTrusted: [Getter] }

stdout | tests/dna-import-ui.test.tsx > DNA import component > surfaces an unmatched analysis error instead of the transient outage copy
Sending message {
  method: 'ui/initialize',
  params: {
    appCapabilities: {},
    appInfo: { name: 'Mutant Genomics', version: '1.0.0' },
    protocolVersion: '2026-01-26'
  },
  jsonrpc: '2.0',
  id: 0
}

stdout | tests/dna-import-ui.test.tsx > DNA import component > surfaces an unmatched analysis error instead of the transient outage copy
Parsed message {
  jsonrpc: '2.0',
  id: 0,
  result: {
    protocolVersion: '2026-01-26',
    hostInfo: { name: 'fake-host', version: '1.0.0' },
    hostCapabilities: {},
    hostContext: { theme: 'light' }
  }
}
Ignoring message from unknown source MessageEvent { isTrusted: [Getter] }
Sending message { method: 'ui/notifications/initialized', jsonrpc: '2.0' }

stdout | tests/dna-import-ui.test.tsx > DNA import component > surfaces an unmatched analysis error instead of the transient outage copy
Sending message {
  method: 'tools/call',
  params: {
    name: 'get_snp_catalog',
    arguments: {},
    _meta: { progressToken: 1 }
  },
  jsonrpc: '2.0',
  id: 1
}
Sending message {
  method: 'tools/call',
  params: {
    name: 'get_analysis_status',
    arguments: {},
    _meta: { progressToken: 2 }
  },
  jsonrpc: '2.0',
  id: 2
}

stdout | tests/dna-import-ui.test.tsx > DNA import component > surfaces an unmatched analysis error instead of the transient outage copy
Ignoring message from unknown source MessageEvent { isTrusted: [Getter] }

stdout | tests/dna-import-ui.test.tsx > DNA import component > surfaces an unmatched analysis error instead of the transient outage copy
Parsed message {
  jsonrpc: '2.0',
  id: 1,
  result: {
    content: [ [Object] ],
    structuredContent: {
      contract_version: '3.0.0',
      analysis_version: 'rev42-v3.0.0',
      ok: true,
      data: [Object],
      error: null
    },
    isError: false
  }
}
Ignoring message from unknown source MessageEvent { isTrusted: [Getter] }

stdout | tests/dna-import-ui.test.tsx > DNA import component > surfaces an unmatched analysis error instead of the transient outage copy
Parsed message {
  jsonrpc: '2.0',
  id: 2,
  result: {
    content: [ [Object] ],
    structuredContent: {
      contract_version: '3.0.0',
      analysis_version: 'rev42-v3.0.0',
      ok: true,
      data: [Object],
      error: null
    },
    isError: false
  }
}
Ignoring message from unknown source MessageEvent { isTrusted: [Getter] }

stdout | tests/dna-import-ui.test.tsx > DNA import component > offers record comparison and the Full upgrade only to Free accounts
Sending message {
  method: 'ui/initialize',
  params: {
    appCapabilities: {},
    appInfo: { name: 'Mutant Genomics', version: '1.0.0' },
    protocolVersion: '2026-01-26'
  },
  jsonrpc: '2.0',
  id: 0
}

stdout | tests/dna-import-ui.test.tsx > DNA import component > offers record comparison and the Full upgrade only to Free accounts
Parsed message {
  jsonrpc: '2.0',
  id: 0,
  result: {
    protocolVersion: '2026-01-26',
    hostInfo: { name: 'fake-host', version: '1.0.0' },
    hostCapabilities: {},
    hostContext: { theme: 'light' }
  }
}
Ignoring message from unknown source MessageEvent { isTrusted: [Getter] }
Sending message { method: 'ui/notifications/initialized', jsonrpc: '2.0' }

stdout | tests/dna-import-ui.test.tsx > DNA import component > offers record comparison and the Full upgrade only to Free accounts
Ignoring message from unknown source MessageEvent { isTrusted: [Getter] }

stdout | tests/dna-import-ui.test.tsx > DNA import component > offers record comparison and the Full upgrade only to Free accounts
Sending message {
  method: 'tools/call',
  params: {
    name: 'get_snp_catalog',
    arguments: {},
    _meta: { progressToken: 1 }
  },
  jsonrpc: '2.0',
  id: 1
}
Sending message {
  method: 'tools/call',
  params: {
    name: 'get_analysis_status',
    arguments: {},
    _meta: { progressToken: 2 }
  },
  jsonrpc: '2.0',
  id: 2
}

stdout | tests/dna-import-ui.test.tsx > DNA import component > offers record comparison and the Full upgrade only to Free accounts
Parsed message {
  jsonrpc: '2.0',
  id: 1,
  result: {
    content: [ [Object] ],
    structuredContent: {
      contract_version: '3.0.0',
      analysis_version: 'rev42-v3.0.0',
      ok: true,
      data: [Object],
      error: null
    },
    isError: false
  }
}
Ignoring message from unknown source MessageEvent { isTrusted: [Getter] }

stdout | tests/dna-import-ui.test.tsx > DNA import component > offers record comparison and the Full upgrade only to Free accounts
Parsed message {
  jsonrpc: '2.0',
  id: 2,
  result: {
    content: [ [Object] ],
    structuredContent: {
      contract_version: '3.0.0',
      analysis_version: 'rev42-v3.0.0',
      ok: true,
      data: [Object],
      error: null
    },
    isError: false
  }
}
Ignoring message from unknown source MessageEvent { isTrusted: [Getter] }

stdout | tests/dna-import-ui.test.tsx > DNA import component > does not offer an upgrade to a Full account
Sending message {
  method: 'ui/initialize',
  params: {
    appCapabilities: {},
    appInfo: { name: 'Mutant Genomics', version: '1.0.0' },
    protocolVersion: '2026-01-26'
  },
  jsonrpc: '2.0',
  id: 0
}

stdout | tests/dna-import-ui.test.tsx > DNA import component > does not offer an upgrade to a Full account
Parsed message {
  jsonrpc: '2.0',
  id: 0,
  result: {
    protocolVersion: '2026-01-26',
    hostInfo: { name: 'fake-host', version: '1.0.0' },
    hostCapabilities: {},
    hostContext: { theme: 'light' }
  }
}
Ignoring message from unknown source MessageEvent { isTrusted: [Getter] }
Sending message { method: 'ui/notifications/initialized', jsonrpc: '2.0' }

stdout | tests/dna-import-ui.test.tsx > DNA import component > does not offer an upgrade to a Full account
Ignoring message from unknown source MessageEvent { isTrusted: [Getter] }

stdout | tests/dna-import-ui.test.tsx > DNA import component > does not offer an upgrade to a Full account
Sending message {
  method: 'tools/call',
  params: {
    name: 'get_snp_catalog',
    arguments: {},
    _meta: { progressToken: 1 }
  },
  jsonrpc: '2.0',
  id: 1
}
Sending message {
  method: 'tools/call',
  params: {
    name: 'get_analysis_status',
    arguments: {},
    _meta: { progressToken: 2 }
  },
  jsonrpc: '2.0',
  id: 2
}

stdout | tests/dna-import-ui.test.tsx > DNA import component > does not offer an upgrade to a Full account
Parsed message {
  jsonrpc: '2.0',
  id: 1,
  result: {
    content: [ [Object] ],
    structuredContent: {
      contract_version: '3.0.0',
      analysis_version: 'rev42-v3.0.0',
      ok: true,
      data: [Object],
      error: null
    },
    isError: false
  }
}
Ignoring message from unknown source MessageEvent { isTrusted: [Getter] }

stdout | tests/dna-import-ui.test.tsx > DNA import component > does not offer an upgrade to a Full account
Parsed message {
  jsonrpc: '2.0',
  id: 2,
  result: {
    content: [ [Object] ],
    structuredContent: {
      contract_version: '3.0.0',
      analysis_version: 'rev42-v3.0.0',
      ok: true,
      data: [Object],
      error: null
    },
    isError: false
  }
}
Ignoring message from unknown source MessageEvent { isTrusted: [Getter] }

stdout | tests/dna-import-ui.test.tsx > DNA import component > offers an optional refresh when regeneration is available
Sending message {
  method: 'ui/initialize',
  params: {
    appCapabilities: {},
    appInfo: { name: 'Mutant Genomics', version: '1.0.0' },
    protocolVersion: '2026-01-26'
  },
  jsonrpc: '2.0',
  id: 0
}

stdout | tests/dna-import-ui.test.tsx > DNA import component > offers an optional refresh when regeneration is available
Parsed message {
  jsonrpc: '2.0',
  id: 0,
  result: {
    protocolVersion: '2026-01-26',
    hostInfo: { name: 'fake-host', version: '1.0.0' },
    hostCapabilities: {},
    hostContext: { theme: 'light' }
  }
}
Ignoring message from unknown source MessageEvent { isTrusted: [Getter] }
Sending message { method: 'ui/notifications/initialized', jsonrpc: '2.0' }

stdout | tests/dna-import-ui.test.tsx > DNA import component > offers an optional refresh when regeneration is available
Ignoring message from unknown source MessageEvent { isTrusted: [Getter] }

stdout | tests/dna-import-ui.test.tsx > DNA import component > offers an optional refresh when regeneration is available
Sending message {
  method: 'tools/call',
  params: {
    name: 'get_snp_catalog',
    arguments: {},
    _meta: { progressToken: 1 }
  },
  jsonrpc: '2.0',
  id: 1
}
Sending message {
  method: 'tools/call',
  params: {
    name: 'get_analysis_status',
    arguments: {},
    _meta: { progressToken: 2 }
  },
  jsonrpc: '2.0',
  id: 2
}

stdout | tests/dna-import-ui.test.tsx > DNA import component > offers an optional refresh when regeneration is available
Parsed message {
  jsonrpc: '2.0',
  id: 1,
  result: {
    content: [ [Object] ],
    structuredContent: {
      contract_version: '3.0.0',
      analysis_version: 'rev42-v3.0.0',
      ok: true,
      data: [Object],
      error: null
    },
    isError: false
  }
}
Ignoring message from unknown source MessageEvent { isTrusted: [Getter] }

stdout | tests/dna-import-ui.test.tsx > DNA import component > offers an optional refresh when regeneration is available
Parsed message {
  jsonrpc: '2.0',
  id: 2,
  result: {
    content: [ [Object] ],
    structuredContent: {
      contract_version: '3.0.0',
      analysis_version: 'rev42-v3.0.0',
      ok: true,
      data: [Object],
      error: null
    },
    isError: false
  }
}
Ignoring message from unknown source MessageEvent { isTrusted: [Getter] }

stdout | tests/dna-import-ui.test.tsx > DNA import component > loads hints when a refresh status result mounts the card
Sending message {
  method: 'ui/initialize',
  params: {
    appCapabilities: {},
    appInfo: { name: 'Mutant Genomics', version: '1.0.0' },
    protocolVersion: '2026-01-26'
  },
  jsonrpc: '2.0',
  id: 0
}

stdout | tests/dna-import-ui.test.tsx > DNA import component > loads hints when a refresh status result mounts the card
Parsed message {
  jsonrpc: '2.0',
  id: 0,
  result: {
    protocolVersion: '2026-01-26',
    hostInfo: { name: 'fake-host', version: '1.0.0' },
    hostCapabilities: {},
    hostContext: { theme: 'light' }
  }
}
Ignoring message from unknown source MessageEvent { isTrusted: [Getter] }
Sending message { method: 'ui/notifications/initialized', jsonrpc: '2.0' }

stdout | tests/dna-import-ui.test.tsx > DNA import component > loads hints when a refresh status result mounts the card
Ignoring message from unknown source MessageEvent { isTrusted: [Getter] }

stdout | tests/dna-import-ui.test.tsx > DNA import component > loads hints when a refresh status result mounts the card
Sending message {
  method: 'tools/call',
  params: {
    name: 'get_snp_catalog',
    arguments: {},
    _meta: { progressToken: 1 }
  },
  jsonrpc: '2.0',
  id: 1
}
Sending message {
  method: 'tools/call',
  params: {
    name: 'get_analysis_status',
    arguments: {},
    _meta: { progressToken: 2 }
  },
  jsonrpc: '2.0',
  id: 2
}

stdout | tests/dna-import-ui.test.tsx > DNA import component > loads hints when a refresh status result mounts the card
Parsed message {
  jsonrpc: '2.0',
  id: 1,
  result: {
    content: [ [Object] ],
    structuredContent: {
      contract_version: '3.0.0',
      analysis_version: 'rev42-v3.0.0',
      ok: true,
      data: [Object],
      error: null
    },
    isError: false
  }
}
Ignoring message from unknown source MessageEvent { isTrusted: [Getter] }

stdout | tests/dna-import-ui.test.tsx > DNA import component > loads hints when a refresh status result mounts the card
Parsed message {
  jsonrpc: '2.0',
  id: 2,
  result: {
    content: [ [Object] ],
    structuredContent: {
      contract_version: '3.0.0',
      analysis_version: 'rev42-v3.0.0',
      ok: true,
      data: [Object],
      error: null
    },
    isError: false
  }
}
Ignoring message from unknown source MessageEvent { isTrusted: [Getter] }

stdout | tests/dna-import-ui.test.tsx > DNA import component > moves off the ready card when a regenerate result arrives after mount
Sending message {
  method: 'ui/initialize',
  params: {
    appCapabilities: {},
    appInfo: { name: 'Mutant Genomics', version: '1.0.0' },
    protocolVersion: '2026-01-26'
  },
  jsonrpc: '2.0',
  id: 0
}

stdout | tests/dna-import-ui.test.tsx > DNA import component > moves off the ready card when a regenerate result arrives after mount
Parsed message {
  jsonrpc: '2.0',
  id: 0,
  result: {
    protocolVersion: '2026-01-26',
    hostInfo: { name: 'fake-host', version: '1.0.0' },
    hostCapabilities: {},
    hostContext: { theme: 'light' }
  }
}
Ignoring message from unknown source MessageEvent { isTrusted: [Getter] }
Sending message { method: 'ui/notifications/initialized', jsonrpc: '2.0' }

stdout | tests/dna-import-ui.test.tsx > DNA import component > moves off the ready card when a regenerate result arrives after mount
Sending message {
  method: 'tools/call',
  params: {
    name: 'get_snp_catalog',
    arguments: {},
    _meta: { progressToken: 1 }
  },
  jsonrpc: '2.0',
  id: 1
}
Sending message {
  method: 'tools/call',
  params: {
    name: 'get_analysis_status',
    arguments: {},
    _meta: { progressToken: 2 }
  },
  jsonrpc: '2.0',
  id: 2
}

stdout | tests/dna-import-ui.test.tsx > DNA import component > moves off the ready card when a regenerate result arrives after mount
Ignoring message from unknown source MessageEvent { isTrusted: [Getter] }

stdout | tests/dna-import-ui.test.tsx > DNA import component > moves off the ready card when a regenerate result arrives after mount
Parsed message {
  jsonrpc: '2.0',
  id: 1,
  result: {
    content: [ [Object] ],
    structuredContent: {
      contract_version: '3.0.0',
      analysis_version: 'rev42-v3.0.0',
      ok: true,
      data: [Object],
      error: null
    },
    isError: false
  }
}
Ignoring message from unknown source MessageEvent { isTrusted: [Getter] }

stdout | tests/dna-import-ui.test.tsx > DNA import component > moves off the ready card when a regenerate result arrives after mount
Parsed message {
  jsonrpc: '2.0',
  id: 2,
  result: {
    content: [ [Object] ],
    structuredContent: {
      contract_version: '3.0.0',
      analysis_version: 'rev42-v3.0.0',
      ok: true,
      data: [Object],
      error: null
    },
    isError: false
  }
}
Ignoring message from unknown source MessageEvent { isTrusted: [Getter] }

stdout | tests/dna-import-ui.test.tsx > DNA import component > sends exactly one host follow-up per action and never renders the prompt
Sending message {
  method: 'ui/initialize',
  params: {
    appCapabilities: {},
    appInfo: { name: 'Mutant Genomics', version: '1.0.0' },
    protocolVersion: '2026-01-26'
  },
  jsonrpc: '2.0',
  id: 0
}

stdout | tests/dna-import-ui.test.tsx > DNA import component > sends exactly one host follow-up per action and never renders the prompt
Parsed message {
  jsonrpc: '2.0',
  id: 0,
  result: {
    protocolVersion: '2026-01-26',
    hostInfo: { name: 'fake-host', version: '1.0.0' },
    hostCapabilities: {},
    hostContext: { theme: 'light' }
  }
}
Ignoring message from unknown source MessageEvent { isTrusted: [Getter] }
Sending message { method: 'ui/notifications/initialized', jsonrpc: '2.0' }

stdout | tests/dna-import-ui.test.tsx > DNA import component > sends exactly one host follow-up per action and never renders the prompt
Ignoring message from unknown source MessageEvent { isTrusted: [Getter] }

stdout | tests/dna-import-ui.test.tsx > DNA import component > sends exactly one host follow-up per action and never renders the prompt
Sending message {
  method: 'tools/call',
  params: {
    name: 'get_snp_catalog',
    arguments: {},
    _meta: { progressToken: 1 }
  },
  jsonrpc: '2.0',
  id: 1
}
Sending message {
  method: 'tools/call',
  params: {
    name: 'get_analysis_status',
    arguments: {},
    _meta: { progressToken: 2 }
  },
  jsonrpc: '2.0',
  id: 2
}

stdout | tests/dna-import-ui.test.tsx > DNA import component > sends exactly one host follow-up per action and never renders the prompt
Parsed message {
  jsonrpc: '2.0',
  id: 1,
  result: {
    content: [ [Object] ],
    structuredContent: {
      contract_version: '3.0.0',
      analysis_version: 'rev42-v3.0.0',
      ok: true,
      data: [Object],
      error: null
    },
    isError: false
  }
}
Ignoring message from unknown source MessageEvent { isTrusted: [Getter] }

stdout | tests/dna-import-ui.test.tsx > DNA import component > sends exactly one host follow-up per action and never renders the prompt
Parsed message {
  jsonrpc: '2.0',
  id: 2,
  result: {
    content: [ [Object] ],
    structuredContent: {
      contract_version: '3.0.0',
      analysis_version: 'rev42-v3.0.0',
      ok: true,
      data: [Object],
      error: null
    },
    isError: false
  }
}
Ignoring message from unknown source MessageEvent { isTrusted: [Getter] }

stdout | tests/dna-import-ui.test.tsx > DNA import component > uses the ChatGPT host API when the widget is injected with window.openai
Sending message {
  method: 'ui/initialize',
  params: {
    appCapabilities: {},
    appInfo: { name: 'Mutant Genomics', version: '1.0.0' },
    protocolVersion: '2026-01-26'
  },
  jsonrpc: '2.0',
  id: 0
}

stdout | tests/dna-import-ui.test.tsx > DNA import component > uses the ChatGPT host API when the widget is injected with window.openai
Parsed message {
  jsonrpc: '2.0',
  id: 0,
  result: {
    protocolVersion: '2026-01-26',
    hostInfo: { name: 'fake-host', version: '1.0.0' },
    hostCapabilities: {},
    hostContext: { theme: 'light' }
  }
}
Ignoring message from unknown source MessageEvent { isTrusted: [Getter] }
Sending message { method: 'ui/notifications/initialized', jsonrpc: '2.0' }

stdout | tests/dna-import-ui.test.tsx > DNA import component > uses the ChatGPT host API when the widget is injected with window.openai
Ignoring message from unknown source MessageEvent { isTrusted: [Getter] }

stdout | tests/dna-import-ui.test.tsx > DNA import component > uses the ChatGPT host API when the widget is injected with window.openai
Sending message {
  method: 'tools/call',
  params: {
    name: 'get_snp_catalog',
    arguments: {},
    _meta: { progressToken: 1 }
  },
  jsonrpc: '2.0',
  id: 1
}
Sending message {
  method: 'tools/call',
  params: {
    name: 'get_analysis_status',
    arguments: {},
    _meta: { progressToken: 2 }
  },
  jsonrpc: '2.0',
  id: 2
}

stdout | tests/dna-import-ui.test.tsx > DNA import component > uses the ChatGPT host API when the widget is injected with window.openai
Parsed message {
  jsonrpc: '2.0',
  id: 1,
  result: {
    content: [ [Object] ],
    structuredContent: {
      contract_version: '3.0.0',
      analysis_version: 'rev42-v3.0.0',
      ok: true,
      data: [Object],
      error: null
    },
    isError: false
  }
}
Ignoring message from unknown source MessageEvent { isTrusted: [Getter] }

stdout | tests/dna-import-ui.test.tsx > DNA import component > uses the ChatGPT host API when the widget is injected with window.openai
Parsed message {
  jsonrpc: '2.0',
  id: 2,
  result: {
    content: [ [Object] ],
    structuredContent: {
      contract_version: '3.0.0',
      analysis_version: 'rev42-v3.0.0',
      ok: true,
      data: [Object],
      error: null
    },
    isError: false
  }
}
Ignoring message from unknown source MessageEvent { isTrusted: [Getter] }

stdout | tests/dna-import-ui.test.tsx > DNA import component > shows a user-visible error when the host rejects the follow-up
Sending message {
  method: 'ui/initialize',
  params: {
    appCapabilities: {},
    appInfo: { name: 'Mutant Genomics', version: '1.0.0' },
    protocolVersion: '2026-01-26'
  },
  jsonrpc: '2.0',
  id: 0
}

stdout | tests/dna-import-ui.test.tsx > DNA import component > shows a user-visible error when the host rejects the follow-up
Parsed message {
  jsonrpc: '2.0',
  id: 0,
  result: {
    protocolVersion: '2026-01-26',
    hostInfo: { name: 'fake-host', version: '1.0.0' },
    hostCapabilities: {},
    hostContext: { theme: 'light' }
  }
}
Ignoring message from unknown source MessageEvent { isTrusted: [Getter] }
Sending message { method: 'ui/notifications/initialized', jsonrpc: '2.0' }

stdout | tests/dna-import-ui.test.tsx > DNA import component > shows a user-visible error when the host rejects the follow-up
Ignoring message from unknown source MessageEvent { isTrusted: [Getter] }

stdout | tests/dna-import-ui.test.tsx > DNA import component > shows a user-visible error when the host rejects the follow-up
Sending message {
  method: 'tools/call',
  params: {
    name: 'get_snp_catalog',
    arguments: {},
    _meta: { progressToken: 1 }
  },
  jsonrpc: '2.0',
  id: 1
}
Sending message {
  method: 'tools/call',
  params: {
    name: 'get_analysis_status',
    arguments: {},
    _meta: { progressToken: 2 }
  },
  jsonrpc: '2.0',
  id: 2
}

stdout | tests/dna-import-ui.test.tsx > DNA import component > shows a user-visible error when the host rejects the follow-up
Parsed message {
  jsonrpc: '2.0',
  id: 1,
  result: {
    content: [ [Object] ],
    structuredContent: {
      contract_version: '3.0.0',
      analysis_version: 'rev42-v3.0.0',
      ok: true,
      data: [Object],
      error: null
    },
    isError: false
  }
}
Ignoring message from unknown source MessageEvent { isTrusted: [Getter] }

stdout | tests/dna-import-ui.test.tsx > DNA import component > shows a user-visible error when the host rejects the follow-up
Parsed message {
  jsonrpc: '2.0',
  id: 2,
  result: {
    content: [ [Object] ],
    structuredContent: {
      contract_version: '3.0.0',
      analysis_version: 'rev42-v3.0.0',
      ok: true,
      data: [Object],
      error: null
    },
    isError: false
  }
}
Ignoring message from unknown source MessageEvent { isTrusted: [Getter] }

stdout | tests/dna-import-ui.test.tsx > DNA import component > exposes a low-emphasis replace action once the analysis is ready
Sending message {
  method: 'ui/initialize',
  params: {
    appCapabilities: {},
    appInfo: { name: 'Mutant Genomics', version: '1.0.0' },
    protocolVersion: '2026-01-26'
  },
  jsonrpc: '2.0',
  id: 0
}

stdout | tests/dna-import-ui.test.tsx > DNA import component > exposes a low-emphasis replace action once the analysis is ready
Parsed message {
  jsonrpc: '2.0',
  id: 0,
  result: {
    protocolVersion: '2026-01-26',
    hostInfo: { name: 'fake-host', version: '1.0.0' },
    hostCapabilities: {},
    hostContext: { theme: 'light' }
  }
}
Ignoring message from unknown source MessageEvent { isTrusted: [Getter] }
Sending message { method: 'ui/notifications/initialized', jsonrpc: '2.0' }

stdout | tests/dna-import-ui.test.tsx > DNA import component > exposes a low-emphasis replace action once the analysis is ready
Ignoring message from unknown source MessageEvent { isTrusted: [Getter] }

stdout | tests/dna-import-ui.test.tsx > DNA import component > exposes a low-emphasis replace action once the analysis is ready
Sending message {
  method: 'tools/call',
  params: {
    name: 'get_snp_catalog',
    arguments: {},
    _meta: { progressToken: 1 }
  },
  jsonrpc: '2.0',
  id: 1
}
Sending message {
  method: 'tools/call',
  params: {
    name: 'get_analysis_status',
    arguments: {},
    _meta: { progressToken: 2 }
  },
  jsonrpc: '2.0',
  id: 2
}

stdout | tests/dna-import-ui.test.tsx > DNA import component > exposes a low-emphasis replace action once the analysis is ready
Parsed message {
  jsonrpc: '2.0',
  id: 1,
  result: {
    content: [ [Object] ],
    structuredContent: {
      contract_version: '3.0.0',
      analysis_version: 'rev42-v3.0.0',
      ok: true,
      data: [Object],
      error: null
    },
    isError: false
  }
}
Ignoring message from unknown source MessageEvent { isTrusted: [Getter] }

stdout | tests/dna-import-ui.test.tsx > DNA import component > exposes a low-emphasis replace action once the analysis is ready
Parsed message {
  jsonrpc: '2.0',
  id: 2,
  result: {
    content: [ [Object] ],
    structuredContent: {
      contract_version: '3.0.0',
      analysis_version: 'rev42-v3.0.0',
      ok: true,
      data: [Object],
      error: null
    },
    isError: false
  }
}
Ignoring message from unknown source MessageEvent { isTrusted: [Getter] }

 Γ¥» tests/dna-import-ui.test.tsx (44 tests | 24 failed) 25431ms
     ├ù shows a truthful processing card without internal identifiers 1022ms
     ├ù resumes an in-flight analysis on mount and polls it to ready 1011ms
     ├ù opens directly on the ready card when the analysis is already complete 1019ms
     ├ù polls automatically after submitting, without another prompt 1107ms
     ├ù advances the elapsed timer once per second 1009ms
     ├ù changes the message when the analysis runs long 1012ms
     ├ù offers a recoverable state when the polling ceiling is reached 1005ms
     ├ù reports a failed analysis and retries with a new idempotency key 1062ms
     ├ù asks for a file again when a resumed session cannot retry in place 1007ms
     ├ù renders the top findings inline when the user asks for them 1016ms
     ├ù hands a finding to ChatGPT only when the user asks 1016ms
     ├ù renders state-aware prompt chips and sends one on click 1004ms
     ├ù opens the overview route with findings and hints already visible 1017ms
     ├ù opens findings when the host delivers the overview tool result 1016ms
     ├ù surfaces an unmatched analysis error instead of the transient outage copy 1016ms
     ├ù offers record comparison and the Full upgrade only to Free accounts 1003ms
     ├ù does not offer an upgrade to a Full account 1014ms
     ├ù offers an optional refresh when regeneration is available 1019ms
     ├ù loads hints when a refresh status result mounts the card 1015ms
     ├ù moves off the ready card when a regenerate result arrives after mount 1017ms
     ├ù sends exactly one host follow-up per action and never renders the prompt 1014ms
     ├ù uses the ChatGPT host API when the widget is injected with window.openai 1006ms
     ├ù shows a user-visible error when the host rejects the follow-up 1013ms
     ├ù exposes a low-emphasis replace action once the analysis is ready 1003ms

ΓÄ»ΓÄ»ΓÄ»ΓÄ»ΓÄ»ΓÄ» Failed Tests 24 ΓÄ»ΓÄ»ΓÄ»ΓÄ»ΓÄ»ΓÄ»ΓÄ»

 FAIL  tests/dna-import-ui.test.tsx > DNA import component > shows a truthful processing card without internal 
identifiers
TestingLibraryElementError: Unable to find an element with the text: /^Generating your analysis$/. This could be 
because the text is broken up by multiple elements. In this case, you can provide a function for your text matcher to 
make your matcher more flexible.

Ignored nodes: comments, script, style
[36m<body>[39m
  [36m<div>[39m
    [36m<div[39m
      [33mstyle[39m=[32m"font-family: ui-sans-serif, system-ui, -apple-system, \"Segoe UI\", Roboto, Helvetica, 
Arial, sans-serif; font-size: 14px; line-height: 1.5; color: var(--color-text-primary, #1a1a1a); background: 
var(--color-background-primary, #ffffff); padding: 20px 22px; width: 100%; max-width: none; min-width: 0px; 
box-sizing: border-box; --mutant-accent: #1f7a3f; --mutant-accent-text: #ffffff; --mutant-error-bg: #fdecea; 
--mutant-error-border: #f5c6cb; --mutant-error-text: #7f1d1d; --mutant-drop-active: #f0fff4;"[39m
    [36m>[39m
      [36m<main[39m
        [33mstyle[39m=[32m"display: grid; grid-template-columns: minmax(0, 1fr); width: 100%; max-width: none; 
min-width: 0px; box-sizing: border-box;"[39m
      [36m>[39m
        [36m<h1[39m
          [33mstyle[39m=[32m"font-size: 17px; font-weight: 600; margin: 0px 0px 4px;"[39m
        [36m>[39m
          [0mAdd your DNA data[0m
        [36m</h1>[39m
        [36m<div[39m
          [33mrole[39m=[32m"status"[39m
          [33mstyle[39m=[32m"background: var(--color-background-secondary, #f5f7f6); border: 1px solid 
var(--color-border-secondary, #ced4da); border-radius: 8px; padding: 12px 14px; margin: 0px 0px 14px; font-size: 13px; 
width: 100%; max-width: none; min-width: 0px; box-sizing: border-box;"[39m
        [36m>[39m
          [36m<p[39m
            [33mstyle[39m=[32m"margin: 0px 0px 4px; font-weight: 600;"[39m
          [36m>[39m
            [0mDNA data is already on file[0m
          [36m</p>[39m
          [36m<p[39m
            [33mstyle[39m=[32m"margin: 0px; color: var(--color-text-secondary, #5f6368);"[39m
          [36m>[39m
            [0mYou can ask ChatGPT about your Mutant analysis. Importing another file replaces it.[0m
          [36m</p>[39m
        [36m</div>[39m
        [36m<div[39m
          [33mstyle[39m=[32m"border-radius: 10px; padding: 26px 20px; text-align: center; background: 
var(--color-background-secondary, #fafbfc); width: 100%; max-width: none; min-width: 0px; box-sizing: border-box; 
border-color: var(--color-border-secondary, #ced4da);"[39m
        [36m>[39m
          [36m<p[39m
            [33mstyle[39m=[32m"margin: 0px 0px 4px; font-weight: 600;"[39m
          [36m>[39m
            [0mDrag and drop your DNA file here[0m
          [36m</p>[39m
          [36m<p[39m
            [33mstyle[39m=[32m"margin: 0px 0px 16px; font-size: 13px; color: var(--color-text-secondary, 
#5f6368);"[39m
          [36m>[39m
            [0mAccepted formats: .txt (23andMe, AncestryDNA), .vcf, and .vcf.gz[0m
          [36m</p>[39m
          [36m<button[39m
            [33mstyle[39m=[32m"display: inline-block; background: var(--mutant-accent, #1f7a3f); color: 
var(--mutant-accent-text, #ffffff); border: medium; border-radius: 8px; padding: 10px 18px; font-size: 14px; 
font-weight: 600; cursor: pointer;"[39m
            [33mtype[39m=[32m"button"[39m
          [36m>[39m
            [0mChoose DNA file[0m
          [36m</button>[39m
        [36m</div>[39m
        [36m<div[39m
          [33mstyle[39m=[32m"background: var(--color-background-secondary, #f0f9f0); border: 1px solid 
var(--color-border-secondary, #cdeacd); border-radius: 8px; padding: 12px 14px; margin: 16px 0px; font-size: 13px; 
width: 100%; max-width: none; min-width: 0px; box-sizing: border-box;"[39m
        [36m>[39m
          [36m<p[39m
            [33mstyle[39m=[32m"margin: 0px 0px 4px; font-weight: 600;"[39m
          [36m>[39m
            [0mYour raw DNA file is processed locally.[0m
          [36m</p>[39m
          [36m<p[39m
            [33mstyle[39m=[32m"margin: 0px; color: var(--color-text-secondary, #5f6368);"[39m
          [36m>[39m
            [0mOnly variants used by Mutant are submitted[0m
            [0m (2 markers in the Mutant panel)[0m
            [0m. Your file is never uploaded or stored by Mutant.[0m
          [36m</p>[39m
        [36m</div>[39m
        [36m<p[39m
          [33mstyle[39m=[32m"margin: 0px 0px 12px; font-size: 13px; color: var(--color-text-secondary, 
#5f6368);"[39m
        [36m>[39m
          [0mGenerating your analysis usually takes about 2ΓÇô3 minutes.[0m
        [36m</p>[39m
        [36m<input[39m
          [33maccept[39m=[32m".txt,.vcf,.gz,.bgz"[39m
          [33mstyle[39m=[32m"display: none;"[39m
          [33mtype[39m=[32m"file"[39m
        [36m/>[39m
      [36m</main>[39m
    [36m</div>[39m
  [36m</div>[39m
[36m</body>[39m

Ignored nodes: comments, script, style
[36m<body>[39m
  [36m<div>[39m
    [36m<div[39m
      [33mstyle[39m=[32m"font-family: ui-sans-serif, system-ui, -apple-system, \"Segoe UI\", Roboto, Helvetica, 
Arial, sans-serif; font-size: 14px; line-height: 1.5; color: var(--color-text-primary, #1a1a1a); background: 
var(--color-background-primary, #ffffff); padding: 20px 22px; width: 100%; max-width: none; min-width: 0px; 
box-sizing: border-box; --mutant-accent: #1f7a3f; --mutant-accent-text: #ffffff; --mutant-error-bg: #fdecea; 
--mutant-error-border: #f5c6cb; --mutant-error-text: #7f1d1d; --mutant-drop-active: #f0fff4;"[39m
    [36m>[39m
      [36m<main[39m
        [33mstyle[39m=[32m"display: grid; grid-template-columns: minmax(0, 1fr); width: 100%; max-width: none; 
min-width: 0px; box-sizing: border-box;"[39m
      [36m>[39m
        [36m<h1[39m
          [33mstyle[39m=[32m"font-size: 17px; font-weight: 600; margin: 0px 0px 4px;"[39m
        [36m>[39m
          [0mAdd your DNA data[0m
        [36m</h1>[39m
        [36m<div[39m
          [33mrole[39m=[32m"status"[39m
          [33mstyle[39m=[32m"background: var(--color-background-secondary, #f5f7f6); border: 1px solid 
var(--color-border-secondary, #ced4da); border-radius: 8px; padding: 12px 14px; margin: 0px 0px 14px; font-size: 13px; 
width: 100%; max-width: none; min-width: 0px; box-sizing: border-box;"[39m
        [36m>[39m
          [36m<p[39m
            [33mstyle[39m=[32m"margin: 0px 0px 4px; font-weight: 600;"[39m
          [36m>[39m
            [0mDNA data is already on file[0m
          [36m</p>[39m
          [36m<p[39m
            [33mstyle[39m=[32m"margin: 0px; color: var(--color-text-secondary, #5f6368);"[39m
          [36m>[39m
            [0mYou can ask ChatGPT about your Mutant analysis. Importing another file replaces it.[0m
          [36m</p>[39m
        [36m</div>[39m
        [36m<div[39m
          [33mstyle[39m=[32m"border-radius: 10px; padding: 26px 20px; text-align: center; background: 
var(--color-background-secondary, #fafbfc); width: 100%; max-width: none; min-width: 0px; box-sizing: border-box; 
border-color: var(--color-border-secondary, #ced4da);"[39m
        [36m>[39m
          [36m<p[39m
            [33mstyle[39m=[32m"margin: 0px 0px 4px; font-weight: 600;"[39m
          [36m>[39m
            [0mDrag and drop your DNA file here[0m
          [36m</p>[39m
          [36m<p[39m
            [33mstyle[39m=[32m"margin: 0px 0px 16px; font-size: 13px; color: var(--color-text-secondary, 
#5f6368);"[39m
          [36m>[39m
            [0mAccepted formats: .txt (23andMe, AncestryDNA), .vcf, and .vcf.gz[0m
          [36m</p>[39m
          [36m<button[39m
            [33mstyle[39m=[32m"display: inline-block; background: var(--mutant-accent, #1f7a3f); color: 
var(--mutant-accent-text, #ffffff); border: medium; border-radius: 8px; padding: 10px 18px; font-size: 14px; 
font-weight: 600; cursor: pointer;"[39m
            [33mtype[39m=[32m"button"[39m
          [36m>[39m
            [0mChoose DNA file[0m
          [36m</button>[39m
        [36m</div>[39m
        [36m<div[39m
          [33mstyle[39m=[32m"background: var(--color-background-secondary, #f0f9f0); border: 1px solid 
var(--color-border-secondary, #cdeacd); border-radius: 8px; padding: 12px 14px; margin: 16px 0px; font-size: 13px; 
width: 100%; max-width: none; min-width: 0px; box-sizing: border-box;"[39m
        [36m>[39m
          [36m<p[39m
            [33mstyle[39m=[32m"margin: 0px 0px 4px; font-weight: 600;"[39m
          [36m>[39m
            [0mYour raw DNA file is processed locally.[0m
          [36m</p>[39m
          [36m<p[39m
            [33mstyle[39m=[32m"margin: 0px; color: var(--color-text-secondary, #5f6368);"[39m
          [36m>[39m
            [0mOnly variants used by Mutant are submitted[0m
            [0m (2 markers in the Mutant panel)[0m
            [0m. Your file is never uploaded or stored by Mutant.[0m
          [36m</p>[39m
        [36m</div>[39m
        [36m<p[39m
          [33mstyle[39m=[32m"margin: 0px 0px 12px; font-size: 13px; color: var(--color-text-secondary, 
#5f6368);"[39m
        [36m>[39m
          [0mGenerating your analysis usually takes about 2ΓÇô3 minutes.[0m
        [36m</p>[39m
        [36m<input[39m
          [33maccept[39m=[32m".txt,.vcf,.gz,.bgz"[39m
          [33mstyle[39m=[32m"display: none;"[39m
          [33mtype[39m=[32m"file"[39m
        [36m/>[39m
      [36m</main>[39m
    [36m</div>[39m
  [36m</div>[39m
[36m</body>[39m
 Γ¥» waitForWrapper node_modules/@testing-library/dom/dist/wait-for.js:163:27
 Γ¥» node_modules/@testing-library/dom/dist/query-helpers.js:86:33
 Γ¥» tests/dna-import-ui.test.tsx:447:18
    445|     renderWith({ get_analysis_status: statusResponse("processing") });
    446|
    447|     await screen.findByText(PROCESSING_HEADING);
       |                  ^
    448|
    449|     expect(screen.getByText(/Your DNA was imported successfully/i)).toΓÇª

ΓÄ»ΓÄ»ΓÄ»ΓÄ»ΓÄ»ΓÄ»ΓÄ»ΓÄ»ΓÄ»ΓÄ»ΓÄ»ΓÄ»ΓÄ»ΓÄ»ΓÄ»ΓÄ»ΓÄ»ΓÄ»ΓÄ»ΓÄ»ΓÄ»ΓÄ»ΓÄ»[1/24]ΓÄ»

 FAIL  tests/dna-import-ui.test.tsx > DNA import component > resumes an in-flight analysis on mount and polls it to 
ready
TestingLibraryElementError: Unable to find an element with the text: /^Generating your analysis$/. This could be 
because the text is broken up by multiple elements. In this case, you can provide a function for your text matcher to 
make your matcher more flexible.

Ignored nodes: comments, script, style
[36m<body>[39m
  [36m<div>[39m
    [36m<div[39m
      [33mstyle[39m=[32m"font-family: ui-sans-serif, system-ui, -apple-system, \"Segoe UI\", Roboto, Helvetica, 
Arial, sans-serif; font-size: 14px; line-height: 1.5; color: var(--color-text-primary, #1a1a1a); background: 
var(--color-background-primary, #ffffff); padding: 20px 22px; width: 100%; max-width: none; min-width: 0px; 
box-sizing: border-box; --mutant-accent: #1f7a3f; --mutant-accent-text: #ffffff; --mutant-error-bg: #fdecea; 
--mutant-error-border: #f5c6cb; --mutant-error-text: #7f1d1d; --mutant-drop-active: #f0fff4;"[39m
    [36m>[39m
      [36m<main[39m
        [33mstyle[39m=[32m"display: grid; grid-template-columns: minmax(0, 1fr); width: 100%; max-width: none; 
min-width: 0px; box-sizing: border-box;"[39m
      [36m>[39m
        [36m<h1[39m
          [33mstyle[39m=[32m"font-size: 17px; font-weight: 600; margin: 0px 0px 4px;"[39m
        [36m>[39m
          [0mAdd your DNA data[0m
        [36m</h1>[39m
        [36m<div[39m
          [33mrole[39m=[32m"status"[39m
          [33mstyle[39m=[32m"background: var(--color-background-secondary, #f5f7f6); border: 1px solid 
var(--color-border-secondary, #ced4da); border-radius: 8px; padding: 12px 14px; margin: 0px 0px 14px; font-size: 13px; 
width: 100%; max-width: none; min-width: 0px; box-sizing: border-box;"[39m
        [36m>[39m
          [36m<p[39m
            [33mstyle[39m=[32m"margin: 0px 0px 4px; font-weight: 600;"[39m
          [36m>[39m
            [0mDNA data is already on file[0m
          [36m</p>[39m
          [36m<p[39m
            [33mstyle[39m=[32m"margin: 0px; color: var(--color-text-secondary, #5f6368);"[39m
          [36m>[39m
            [0mYou can ask ChatGPT about your Mutant analysis. Importing another file replaces it.[0m
          [36m</p>[39m
        [36m</div>[39m
        [36m<div[39m
          [33mstyle[39m=[32m"border-radius: 10px; padding: 26px 20px; text-align: center; background: 
var(--color-background-secondary, #fafbfc); width: 100%; max-width: none; min-width: 0px; box-sizing: border-box; 
border-color: var(--color-border-secondary, #ced4da);"[39m
        [36m>[39m
          [36m<p[39m
            [33mstyle[39m=[32m"margin: 0px 0px 4px; font-weight: 600;"[39m
          [36m>[39m
            [0mDrag and drop your DNA file here[0m
          [36m</p>[39m
          [36m<p[39m
            [33mstyle[39m=[32m"margin: 0px 0px 16px; font-size: 13px; color: var(--color-text-secondary, 
#5f6368);"[39m
          [36m>[39m
            [0mAccepted formats: .txt (23andMe, AncestryDNA), .vcf, and .vcf.gz[0m
          [36m</p>[39m
          [36m<button[39m
            [33mstyle[39m=[32m"display: inline-block; background: var(--mutant-accent, #1f7a3f); color: 
var(--mutant-accent-text, #ffffff); border: medium; border-radius: 8px; padding: 10px 18px; font-size: 14px; 
font-weight: 600; cursor: pointer;"[39m
            [33mtype[39m=[32m"button"[39m
          [36m>[39m
            [0mChoose DNA file[0m
          [36m</button>[39m
        [36m</div>[39m
        [36m<div[39m
          [33mstyle[39m=[32m"background: var(--color-background-secondary, #f0f9f0); border: 1px solid 
var(--color-border-secondary, #cdeacd); border-radius: 8px; padding: 12px 14px; margin: 16px 0px; font-size: 13px; 
width: 100%; max-width: none; min-width: 0px; box-sizing: border-box;"[39m
        [36m>[39m
          [36m<p[39m
            [33mstyle[39m=[32m"margin: 0px 0px 4px; font-weight: 600;"[39m
          [36m>[39m
            [0mYour raw DNA file is processed locally.[0m
          [36m</p>[39m
          [36m<p[39m
            [33mstyle[39m=[32m"margin: 0px; color: var(--color-text-secondary, #5f6368);"[39m
          [36m>[39m
            [0mOnly variants used by Mutant are submitted[0m
            [0m (2 markers in the Mutant panel)[0m
            [0m. Your file is never uploaded or stored by Mutant.[0m
          [36m</p>[39m
        [36m</div>[39m
        [36m<p[39m
          [33mstyle[39m=[32m"margin: 0px 0px 12px; font-size: 13px; color: var(--color-text-secondary, 
#5f6368);"[39m
        [36m>[39m
          [0mGenerating your analysis usually takes about 2ΓÇô3 minutes.[0m
        [36m</p>[39m
        [36m<input[39m
          [33maccept[39m=[32m".txt,.vcf,.gz,.bgz"[39m
          [33mstyle[39m=[32m"display: none;"[39m
          [33mtype[39m=[32m"file"[39m
        [36m/>[39m
      [36m</main>[39m
    [36m</div>[39m
  [36m</div>[39m
[36m</body>[39m

Ignored nodes: comments, script, style
[36m<body>[39m
  [36m<div>[39m
    [36m<div[39m
      [33mstyle[39m=[32m"font-family: ui-sans-serif, system-ui, -apple-system, \"Segoe UI\", Roboto, Helvetica, 
Arial, sans-serif; font-size: 14px; line-height: 1.5; color: var(--color-text-primary, #1a1a1a); background: 
var(--color-background-primary, #ffffff); padding: 20px 22px; width: 100%; max-width: none; min-width: 0px; 
box-sizing: border-box; --mutant-accent: #1f7a3f; --mutant-accent-text: #ffffff; --mutant-error-bg: #fdecea; 
--mutant-error-border: #f5c6cb; --mutant-error-text: #7f1d1d; --mutant-drop-active: #f0fff4;"[39m
    [36m>[39m
      [36m<main[39m
        [33mstyle[39m=[32m"display: grid; grid-template-columns: minmax(0, 1fr); width: 100%; max-width: none; 
min-width: 0px; box-sizing: border-box;"[39m
      [36m>[39m
        [36m<h1[39m
          [33mstyle[39m=[32m"font-size: 17px; font-weight: 600; margin: 0px 0px 4px;"[39m
        [36m>[39m
          [0mAdd your DNA data[0m
        [36m</h1>[39m
        [36m<div[39m
          [33mrole[39m=[32m"status"[39m
          [33mstyle[39m=[32m"background: var(--color-background-secondary, #f5f7f6); border: 1px solid 
var(--color-border-secondary, #ced4da); border-radius: 8px; padding: 12px 14px; margin: 0px 0px 14px; font-size: 13px; 
width: 100%; max-width: none; min-width: 0px; box-sizing: border-box;"[39m
        [36m>[39m
          [36m<p[39m
            [33mstyle[39m=[32m"margin: 0px 0px 4px; font-weight: 600;"[39m
          [36m>[39m
            [0mDNA data is already on file[0m
          [36m</p>[39m
          [36m<p[39m
            [33mstyle[39m=[32m"margin: 0px; color: var(--color-text-secondary, #5f6368);"[39m
          [36m>[39m
            [0mYou can ask ChatGPT about your Mutant analysis. Importing another file replaces it.[0m
          [36m</p>[39m
        [36m</div>[39m
        [36m<div[39m
          [33mstyle[39m=[32m"border-radius: 10px; padding: 26px 20px; text-align: center; background: 
var(--color-background-secondary, #fafbfc); width: 100%; max-width: none; min-width: 0px; box-sizing: border-box; 
border-color: var(--color-border-secondary, #ced4da);"[39m
        [36m>[39m
          [36m<p[39m
            [33mstyle[39m=[32m"margin: 0px 0px 4px; font-weight: 600;"[39m
          [36m>[39m
            [0mDrag and drop your DNA file here[0m
          [36m</p>[39m
          [36m<p[39m
            [33mstyle[39m=[32m"margin: 0px 0px 16px; font-size: 13px; color: var(--color-text-secondary, 
#5f6368);"[39m
          [36m>[39m
            [0mAccepted formats: .txt (23andMe, AncestryDNA), .vcf, and .vcf.gz[0m
          [36m</p>[39m
          [36m<button[39m
            [33mstyle[39m=[32m"display: inline-block; background: var(--mutant-accent, #1f7a3f); color: 
var(--mutant-accent-text, #ffffff); border: medium; border-radius: 8px; padding: 10px 18px; font-size: 14px; 
font-weight: 600; cursor: pointer;"[39m
            [33mtype[39m=[32m"button"[39m
          [36m>[39m
            [0mChoose DNA file[0m
          [36m</button>[39m
        [36m</div>[39m
        [36m<div[39m
          [33mstyle[39m=[32m"background: var(--color-background-secondary, #f0f9f0); border: 1px solid 
var(--color-border-secondary, #cdeacd); border-radius: 8px; padding: 12px 14px; margin: 16px 0px; font-size: 13px; 
width: 100%; max-width: none; min-width: 0px; box-sizing: border-box;"[39m
        [36m>[39m
          [36m<p[39m
            [33mstyle[39m=[32m"margin: 0px 0px 4px; font-weight: 600;"[39m
          [36m>[39m
            [0mYour raw DNA file is processed locally.[0m
          [36m</p>[39m
          [36m<p[39m
            [33mstyle[39m=[32m"margin: 0px; color: var(--color-text-secondary, #5f6368);"[39m
          [36m>[39m
            [0mOnly variants used by Mutant are submitted[0m
            [0m (2 markers in the Mutant panel)[0m
            [0m. Your file is never uploaded or stored by Mutant.[0m
          [36m</p>[39m
        [36m</div>[39m
        [36m<p[39m
          [33mstyle[39m=[32m"margin: 0px 0px 12px; font-size: 13px; color: var(--color-text-secondary, 
#5f6368);"[39m
        [36m>[39m
          [0mGenerating your analysis usually takes about 2ΓÇô3 minutes.[0m
        [36m</p>[39m
        [36m<input[39m
          [33maccept[39m=[32m".txt,.vcf,.gz,.bgz"[39m
          [33mstyle[39m=[32m"display: none;"[39m
          [33mtype[39m=[32m"file"[39m
        [36m/>[39m
      [36m</main>[39m
    [36m</div>[39m
  [36m</div>[39m
[36m</body>[39m
 Γ¥» waitForWrapper node_modules/@testing-library/dom/dist/wait-for.js:163:27
 Γ¥» node_modules/@testing-library/dom/dist/query-helpers.js:86:33
 Γ¥» tests/dna-import-ui.test.tsx:471:18
    469|     });
    470|
    471|     await screen.findByText(PROCESSING_HEADING);
       |                  ^
    472|     // Resuming never re-imports and never re-creates the report.
    473|     expect(bridge.callsTo("create_report")).toHaveLength(0);

ΓÄ»ΓÄ»ΓÄ»ΓÄ»ΓÄ»ΓÄ»ΓÄ»ΓÄ»ΓÄ»ΓÄ»ΓÄ»ΓÄ»ΓÄ»ΓÄ»ΓÄ»ΓÄ»ΓÄ»ΓÄ»ΓÄ»ΓÄ»ΓÄ»ΓÄ»ΓÄ»[2/24]ΓÄ»

 FAIL  tests/dna-import-ui.test.tsx > DNA import component > opens directly on the ready card when the analysis is 
already complete
TestingLibraryElementError: Unable to find an element with the text: /Analysis ready/i. This could be because the text 
is broken up by multiple elements. In this case, you can provide a function for your text matcher to make your matcher 
more flexible.

Ignored nodes: comments, script, style
[36m<body>[39m
  [36m<div>[39m
    [36m<div[39m
      [33mstyle[39m=[32m"font-family: ui-sans-serif, system-ui, -apple-system, \"Segoe UI\", Roboto, Helvetica, 
Arial, sans-serif; font-size: 14px; line-height: 1.5; color: var(--color-text-primary, #1a1a1a); background: 
var(--color-background-primary, #ffffff); padding: 20px 22px; width: 100%; max-width: none; min-width: 0px; 
box-sizing: border-box; --mutant-accent: #1f7a3f; --mutant-accent-text: #ffffff; --mutant-error-bg: #fdecea; 
--mutant-error-border: #f5c6cb; --mutant-error-text: #7f1d1d; --mutant-drop-active: #f0fff4;"[39m
    [36m>[39m
      [36m<main[39m
        [33mstyle[39m=[32m"display: grid; grid-template-columns: minmax(0, 1fr); width: 100%; max-width: none; 
min-width: 0px; box-sizing: border-box;"[39m
      [36m>[39m
        [36m<h1[39m
          [33mstyle[39m=[32m"font-size: 17px; font-weight: 600; margin: 0px 0px 4px;"[39m
        [36m>[39m
          [0mAdd your DNA data[0m
        [36m</h1>[39m
        [36m<div[39m
          [33mrole[39m=[32m"status"[39m
          [33mstyle[39m=[32m"background: var(--color-background-secondary, #f5f7f6); border: 1px solid 
var(--color-border-secondary, #ced4da); border-radius: 8px; padding: 12px 14px; margin: 0px 0px 14px; font-size: 13px; 
width: 100%; max-width: none; min-width: 0px; box-sizing: border-box;"[39m
        [36m>[39m
          [36m<p[39m
            [33mstyle[39m=[32m"margin: 0px 0px 4px; font-weight: 600;"[39m
          [36m>[39m
            [0mDNA data is already on file[0m
          [36m</p>[39m
          [36m<p[39m
            [33mstyle[39m=[32m"margin: 0px; color: var(--color-text-secondary, #5f6368);"[39m
          [36m>[39m
            [0mYou can ask ChatGPT about your Mutant analysis. Importing another file replaces it.[0m
          [36m</p>[39m
        [36m</div>[39m
        [36m<div[39m
          [33mstyle[39m=[32m"border-radius: 10px; padding: 26px 20px; text-align: center; background: 
var(--color-background-secondary, #fafbfc); width: 100%; max-width: none; min-width: 0px; box-sizing: border-box; 
border-color: var(--color-border-secondary, #ced4da);"[39m
        [36m>[39m
          [36m<p[39m
            [33mstyle[39m=[32m"margin: 0px 0px 4px; font-weight: 600;"[39m
          [36m>[39m
            [0mDrag and drop your DNA file here[0m
          [36m</p>[39m
          [36m<p[39m
            [33mstyle[39m=[32m"margin: 0px 0px 16px; font-size: 13px; color: var(--color-text-secondary, 
#5f6368);"[39m
          [36m>[39m
            [0mAccepted formats: .txt (23andMe, AncestryDNA), .vcf, and .vcf.gz[0m
          [36m</p>[39m
          [36m<button[39m
            [33mstyle[39m=[32m"display: inline-block; background: var(--mutant-accent, #1f7a3f); color: 
var(--mutant-accent-text, #ffffff); border: medium; border-radius: 8px; padding: 10px 18px; font-size: 14px; 
font-weight: 600; cursor: pointer;"[39m
            [33mtype[39m=[32m"button"[39m
          [36m>[39m
            [0mChoose DNA file[0m
          [36m</button>[39m
        [36m</div>[39m
        [36m<div[39m
          [33mstyle[39m=[32m"background: var(--color-background-secondary, #f0f9f0); border: 1px solid 
var(--color-border-secondary, #cdeacd); border-radius: 8px; padding: 12px 14px; margin: 16px 0px; font-size: 13px; 
width: 100%; max-width: none; min-width: 0px; box-sizing: border-box;"[39m
        [36m>[39m
          [36m<p[39m
            [33mstyle[39m=[32m"margin: 0px 0px 4px; font-weight: 600;"[39m
          [36m>[39m
            [0mYour raw DNA file is processed locally.[0m
          [36m</p>[39m
          [36m<p[39m
            [33mstyle[39m=[32m"margin: 0px; color: var(--color-text-secondary, #5f6368);"[39m
          [36m>[39m
            [0mOnly variants used by Mutant are submitted[0m
            [0m (2 markers in the Mutant panel)[0m
            [0m. Your file is never uploaded or stored by Mutant.[0m
          [36m</p>[39m
        [36m</div>[39m
        [36m<p[39m
          [33mstyle[39m=[32m"margin: 0px 0px 12px; font-size: 13px; color: var(--color-text-secondary, 
#5f6368);"[39m
        [36m>[39m
          [0mGenerating your analysis usually takes about 2ΓÇô3 minutes.[0m
        [36m</p>[39m
        [36m<input[39m
          [33maccept[39m=[32m".txt,.vcf,.gz,.bgz"[39m
          [33mstyle[39m=[32m"display: none;"[39m
          [33mtype[39m=[32m"file"[39m
        [36m/>[39m
      [36m</main>[39m
    [36m</div>[39m
  [36m</div>[39m
[36m</body>[39m

Ignored nodes: comments, script, style
[36m<body>[39m
  [36m<div>[39m
    [36m<div[39m
      [33mstyle[39m=[32m"font-family: ui-sans-serif, system-ui, -apple-system, \"Segoe UI\", Roboto, Helvetica, 
Arial, sans-serif; font-size: 14px; line-height: 1.5; color: var(--color-text-primary, #1a1a1a); background: 
var(--color-background-primary, #ffffff); padding: 20px 22px; width: 100%; max-width: none; min-width: 0px; 
box-sizing: border-box; --mutant-accent: #1f7a3f; --mutant-accent-text: #ffffff; --mutant-error-bg: #fdecea; 
--mutant-error-border: #f5c6cb; --mutant-error-text: #7f1d1d; --mutant-drop-active: #f0fff4;"[39m
    [36m>[39m
      [36m<main[39m
        [33mstyle[39m=[32m"display: grid; grid-template-columns: minmax(0, 1fr); width: 100%; max-width: none; 
min-width: 0px; box-sizing: border-box;"[39m
      [36m>[39m
        [36m<h1[39m
          [33mstyle[39m=[32m"font-size: 17px; font-weight: 600; margin: 0px 0px 4px;"[39m
        [36m>[39m
          [0mAdd your DNA data[0m
        [36m</h1>[39m
        [36m<div[39m
          [33mrole[39m=[32m"status"[39m
          [33mstyle[39m=[32m"background: var(--color-background-secondary, #f5f7f6); border: 1px solid 
var(--color-border-secondary, #ced4da); border-radius: 8px; padding: 12px 14px; margin: 0px 0px 14px; font-size: 13px; 
width: 100%; max-width: none; min-width: 0px; box-sizing: border-box;"[39m
        [36m>[39m
          [36m<p[39m
            [33mstyle[39m=[32m"margin: 0px 0px 4px; font-weight: 600;"[39m
          [36m>[39m
            [0mDNA data is already on file[0m
          [36m</p>[39m
          [36m<p[39m
            [33mstyle[39m=[32m"margin: 0px; color: var(--color-text-secondary, #5f6368);"[39m
          [36m>[39m
            [0mYou can ask ChatGPT about your Mutant analysis. Importing another file replaces it.[0m
          [36m</p>[39m
        [36m</div>[39m
        [36m<div[39m
          [33mstyle[39m=[32m"border-radius: 10px; padding: 26px 20px; text-align: center; background: 
var(--color-background-secondary, #fafbfc); width: 100%; max-width: none; min-width: 0px; box-sizing: border-box; 
border-color: var(--color-border-secondary, #ced4da);"[39m
        [36m>[39m
          [36m<p[39m
            [33mstyle[39m=[32m"margin: 0px 0px 4px; font-weight: 600;"[39m
          [36m>[39m
            [0mDrag and drop your DNA file here[0m
          [36m</p>[39m
          [36m<p[39m
            [33mstyle[39m=[32m"margin: 0px 0px 16px; font-size: 13px; color: var(--color-text-secondary, 
#5f6368);"[39m
          [36m>[39m
            [0mAccepted formats: .txt (23andMe, AncestryDNA), .vcf, and .vcf.gz[0m
          [36m</p>[39m
          [36m<button[39m
            [33mstyle[39m=[32m"display: inline-block; background: var(--mutant-accent, #1f7a3f); color: 
var(--mutant-accent-text, #ffffff); border: medium; border-radius: 8px; padding: 10px 18px; font-size: 14px; 
font-weight: 600; cursor: pointer;"[39m
            [33mtype[39m=[32m"button"[39m
          [36m>[39m
            [0mChoose DNA file[0m
          [36m</button>[39m
        [36m</div>[39m
        [36m<div[39m
          [33mstyle[39m=[32m"background: var(--color-background-secondary, #f0f9f0); border: 1px solid 
var(--color-border-secondary, #cdeacd); border-radius: 8px; padding: 12px 14px; margin: 16px 0px; font-size: 13px; 
width: 100%; max-width: none; min-width: 0px; box-sizing: border-box;"[39m
        [36m>[39m
          [36m<p[39m
            [33mstyle[39m=[32m"margin: 0px 0px 4px; font-weight: 600;"[39m
          [36m>[39m
            [0mYour raw DNA file is processed locally.[0m
          [36m</p>[39m
          [36m<p[39m
            [33mstyle[39m=[32m"margin: 0px; color: var(--color-text-secondary, #5f6368);"[39m
          [36m>[39m
            [0mOnly variants used by Mutant are submitted[0m
            [0m (2 markers in the Mutant panel)[0m
            [0m. Your file is never uploaded or stored by Mutant.[0m
          [36m</p>[39m
        [36m</div>[39m
        [36m<p[39m
          [33mstyle[39m=[32m"margin: 0px 0px 12px; font-size: 13px; color: var(--color-text-secondary, 
#5f6368);"[39m
        [36m>[39m
          [0mGenerating your analysis usually takes about 2ΓÇô3 minutes.[0m
        [36m</p>[39m
        [36m<input[39m
          [33maccept[39m=[32m".txt,.vcf,.gz,.bgz"[39m
          [33mstyle[39m=[32m"display: none;"[39m
          [33mtype[39m=[32m"file"[39m
        [36m/>[39m
      [36m</main>[39m
    [36m</div>[39m
  [36m</div>[39m
[36m</body>[39m
 Γ¥» waitForWrapper node_modules/@testing-library/dom/dist/wait-for.js:163:27
 Γ¥» node_modules/@testing-library/dom/dist/query-helpers.js:86:33
 Γ¥» tests/dna-import-ui.test.tsx:485:18
    483|     renderWith({ get_analysis_status: statusResponse("ready") });
    484|
    485|     await screen.findByText(/Analysis ready/i);
       |                  ^
    486|     expect(screen.getByText(/Your DNA analysis is complete/i)).toBeDefΓÇª
    487|     expect(screen.getByRole("button", { name: /view my top 3 findings/ΓÇª

ΓÄ»ΓÄ»ΓÄ»ΓÄ»ΓÄ»ΓÄ»ΓÄ»ΓÄ»ΓÄ»ΓÄ»ΓÄ»ΓÄ»ΓÄ»ΓÄ»ΓÄ»ΓÄ»ΓÄ»ΓÄ»ΓÄ»ΓÄ»ΓÄ»ΓÄ»ΓÄ»[3/24]ΓÄ»

 FAIL  tests/dna-import-ui.test.tsx > DNA import component > polls automatically after submitting, without another 
prompt
TestingLibraryElementError: Unable to find an element with the text: /Analysis ready/i. This could be because the text 
is broken up by multiple elements. In this case, you can provide a function for your text matcher to make your matcher 
more flexible.

Ignored nodes: comments, script, style
[36m<body>[39m
  [36m<div>[39m
    [36m<div[39m
      [33mstyle[39m=[32m"font-family: ui-sans-serif, system-ui, -apple-system, \"Segoe UI\", Roboto, Helvetica, 
Arial, sans-serif; font-size: 14px; line-height: 1.5; color: var(--color-text-primary, #1a1a1a); background: 
var(--color-background-primary, #ffffff); padding: 20px 22px; width: 100%; max-width: none; min-width: 0px; 
box-sizing: border-box; --mutant-accent: #1f7a3f; --mutant-accent-text: #ffffff; --mutant-error-bg: #fdecea; 
--mutant-error-border: #f5c6cb; --mutant-error-text: #7f1d1d; --mutant-drop-active: #f0fff4;"[39m
    [36m>[39m
      [36m<main[39m
        [33mstyle[39m=[32m"display: grid; grid-template-columns: minmax(0, 1fr); width: 100%; max-width: none; 
min-width: 0px; box-sizing: border-box;"[39m
      [36m>[39m
        [36m<h1[39m
          [33mstyle[39m=[32m"font-size: 17px; font-weight: 600; margin: 0px 0px 4px;"[39m
        [36m>[39m
          [0mGenerating your analysis[0m
        [36m</h1>[39m
        [36m<p[39m
          [33mstyle[39m=[32m"margin: 0px 0px 16px; color: var(--color-text-secondary, #5f6368);"[39m
        [36m>[39m
          [0mYour DNA was imported successfully.[0m
        [36m</p>[39m
        [36m<p[39m
          [33mstyle[39m=[32m"margin: 0px 0px 12px; font-size: 13px; color: var(--color-text-secondary, 
#5f6368);"[39m
        [36m>[39m
          [0mWe're generating your analysis now.[0m
        [36m</p>[39m
        [36m<ul[39m
          [33mstyle[39m=[32m"list-style: none; margin: 14px 0px 10px; padding: 0px; font-size: 13px;"[39m
        [36m>[39m
          [36m<li[39m
            [33mstyle[39m=[32m"display: flex; gap: 8px; padding: 3px 0px; align-items: baseline;"[39m
          [36m>[39m
            [36m<span[39m
              [33maria-hidden[39m=[32m"true"[39m
              [33mstyle[39m=[32m"width: 12px; color: var(--mutant-accent, #1f7a3f);"[39m
            [36m>[39m
              [0mΓ£ô[0m
            [36m</span>[39m
            [36m<span>[39m
              [0mDNA file processed[0m
            [36m</span>[39m
          [36m</li>[39m
          [36m<li[39m
            [33mstyle[39m=[32m"display: flex; gap: 8px; padding: 3px 0px; align-items: baseline;"[39m
          [36m>[39m
            [36m<span[39m
              [33maria-hidden[39m=[32m"true"[39m
              [33mstyle[39m=[32m"width: 12px; color: var(--mutant-accent, #1f7a3f);"[39m
            [36m>[39m
              [0mΓ£ô[0m
            [36m</span>[39m
            [36m<span>[39m
              [0mRelevant variants imported[0m
            [36m</span>[39m
          [36m</li>[39m
          [36m<li[39m
            [33mstyle[39m=[32m"display: flex; gap: 8px; padding: 3px 0px; align-items: baseline;"[39m
          [36m>[39m
            [36m<span[39m
              [33maria-hidden[39m=[32m"true"[39m
              [33mstyle[39m=[32m"width: 12px; color: var(--mutant-accent, #1f7a3f);"[39m
            [36m>[39m
              [0mΓùÅ[0m
            [36m</span>[39m
            [36m<span>[39m
              [0mAnalyzing genetic patterns and health hypotheses[0m
            [36m</span>[39m
          [36m</li>[39m
        [36m</ul>[39m
        [36m<p[39m
          [33mstyle[39m=[32m"margin: 0px 0px 12px; font-size: 13px; color: var(--color-text-secondary, 
#5f6368);"[39m
        [36m>[39m
          [0mThis usually takes about 2ΓÇô3 minutes.[0m
        [36m</p>[39m
        [36m<p[39m
          [33mstyle[39m=[32m"margin: 0px 0px 12px; font-size: 13px; color: var(--color-text-secondary, 
#5f6368);"[39m
        [36m>[39m
          [0mElapsed: [0m
          [0m0:01[0m
        [36m</p>[39m
      [36m</main>[39m
    [36m</div>[39m
  [36m</div>[39m
[36m</body>[39m

Ignored nodes: comments, script, style
[36m<body>[39m
  [36m<div>[39m
    [36m<div[39m
      [33mstyle[39m=[32m"font-family: ui-sans-serif, system-ui, -apple-system, \"Segoe UI\", Roboto, Helvetica, 
Arial, sans-serif; font-size: 14px; line-height: 1.5; color: var(--color-text-primary, #1a1a1a); background: 
var(--color-background-primary, #ffffff); padding: 20px 22px; width: 100%; max-width: none; min-width: 0px; 
box-sizing: border-box; --mutant-accent: #1f7a3f; --mutant-accent-text: #ffffff; --mutant-error-bg: #fdecea; 
--mutant-error-border: #f5c6cb; --mutant-error-text: #7f1d1d; --mutant-drop-active: #f0fff4;"[39m
    [36m>[39m
      [36m<main[39m
        [33mstyle[39m=[32m"display: grid; grid-template-columns: minmax(0, 1fr); width: 100%; max-width: none; 
min-width: 0px; box-sizing: border-box;"[39m
      [36m>[39m
        [36m<h1[39m
          [33mstyle[39m=[32m"font-size: 17px; font-weight: 600; margin: 0px 0px 4px;"[39m
        [36m>[39m
          [0mGenerating your analysis[0m
        [36m</h1>[39m
        [36m<p[39m
          [33mstyle[39m=[32m"margin: 0px 0px 16px; color: var(--color-text-secondary, #5f6368);"[39m
        [36m>[39m
          [0mYour DNA was imported successfully.[0m
        [36m</p>[39m
        [36m<p[39m
          [33mstyle[39m=[32m"margin: 0px 0px 12px; font-size: 13px; color: var(--color-text-secondary, 
#5f6368);"[39m
        [36m>[39m
          [0mWe're generating your analysis now.[0m
        [36m</p>[39m
        [36m<ul[39m
          [33mstyle[39m=[32m"list-style: none; margin: 14px 0px 10px; padding: 0px; font-size: 13px;"[39m
        [36m>[39m
          [36m<li[39m
            [33mstyle[39m=[32m"display: flex; gap: 8px; padding: 3px 0px; align-items: baseline;"[39m
          [36m>[39m
            [36m<span[39m
              [33maria-hidden[39m=[32m"true"[39m
              [33mstyle[39m=[32m"width: 12px; color: var(--mutant-accent, #1f7a3f);"[39m
            [36m>[39m
              [0mΓ£ô[0m
            [36m</span>[39m
            [36m<span>[39m
              [0mDNA file processed[0m
            [36m</span>[39m
          [36m</li>[39m
          [36m<li[39m
            [33mstyle[39m=[32m"display: flex; gap: 8px; padding: 3px 0px; align-items: baseline;"[39m
          [36m>[39m
            [36m<span[39m
              [33maria-hidden[39m=[32m"true"[39m
              [33mstyle[39m=[32m"width: 12px; color: var(--mutant-accent, #1f7a3f);"[39m
            [36m>[39m
              [0mΓ£ô[0m
            [36m</span>[39m
            [36m<span>[39m
              [0mRelevant variants imported[0m
            [36m</span>[39m
          [36m</li>[39m
          [36m<li[39m
            [33mstyle[39m=[32m"display: flex; gap: 8px; padding: 3px 0px; align-items: baseline;"[39m
          [36m>[39m
            [36m<span[39m
              [33maria-hidden[39m=[32m"true"[39m
              [33mstyle[39m=[32m"width: 12px; color: var(--mutant-accent, #1f7a3f);"[39m
            [36m>[39m
              [0mΓùÅ[0m
            [36m</span>[39m
            [36m<span>[39m
              [0mAnalyzing genetic patterns and health hypotheses[0m
            [36m</span>[39m
          [36m</li>[39m
        [36m</ul>[39m
        [36m<p[39m
          [33mstyle[39m=[32m"margin: 0px 0px 12px; font-size: 13px; color: var(--color-text-secondary, 
#5f6368);"[39m
        [36m>[39m
          [0mThis usually takes about 2ΓÇô3 minutes.[0m
        [36m</p>[39m
        [36m<p[39m
          [33mstyle[39m=[32m"margin: 0px 0px 12px; font-size: 13px; color: var(--color-text-secondary, 
#5f6368);"[39m
        [36m>[39m
          [0mElapsed: [0m
          [0m0:01[0m
        [36m</p>[39m
      [36m</main>[39m
    [36m</div>[39m
  [36m</div>[39m
[36m</body>[39m
 Γ¥» waitForWrapper node_modules/@testing-library/dom/dist/wait-for.js:163:27
 Γ¥» node_modules/@testing-library/dom/dist/query-helpers.js:86:33
 Γ¥» tests/dna-import-ui.test.tsx:506:18
    504|
    505|     status = "ready";
    506|     await screen.findByText(/Analysis ready/i);
       |                  ^
    507|
    508|     expect(bridge.callsTo("create_report")).toHaveLength(1);

ΓÄ»ΓÄ»ΓÄ»ΓÄ»ΓÄ»ΓÄ»ΓÄ»ΓÄ»ΓÄ»ΓÄ»ΓÄ»ΓÄ»ΓÄ»ΓÄ»ΓÄ»ΓÄ»ΓÄ»ΓÄ»ΓÄ»ΓÄ»ΓÄ»ΓÄ»ΓÄ»[4/24]ΓÄ»

 FAIL  tests/dna-import-ui.test.tsx > DNA import component > advances the elapsed timer once per second
TestingLibraryElementError: Unable to find an element with the text: /Elapsed: 0:30/. This could be because the text 
is broken up by multiple elements. In this case, you can provide a function for your text matcher to make your matcher 
more flexible.

Ignored nodes: comments, script, style
[36m<body>[39m
  [36m<div>[39m
    [36m<div[39m
      [33mstyle[39m=[32m"font-family: ui-sans-serif, system-ui, -apple-system, \"Segoe UI\", Roboto, Helvetica, 
Arial, sans-serif; font-size: 14px; line-height: 1.5; color: var(--color-text-primary, #1a1a1a); background: 
var(--color-background-primary, #ffffff); padding: 20px 22px; width: 100%; max-width: none; min-width: 0px; 
box-sizing: border-box; --mutant-accent: #1f7a3f; --mutant-accent-text: #ffffff; --mutant-error-bg: #fdecea; 
--mutant-error-border: #f5c6cb; --mutant-error-text: #7f1d1d; --mutant-drop-active: #f0fff4;"[39m
    [36m>[39m
      [36m<main[39m
        [33mstyle[39m=[32m"display: grid; grid-template-columns: minmax(0, 1fr); width: 100%; max-width: none; 
min-width: 0px; box-sizing: border-box;"[39m
      [36m>[39m
        [36m<h1[39m
          [33mstyle[39m=[32m"font-size: 17px; font-weight: 600; margin: 0px 0px 4px;"[39m
        [36m>[39m
          [0mAdd your DNA data[0m
        [36m</h1>[39m
        [36m<div[39m
          [33mrole[39m=[32m"status"[39m
          [33mstyle[39m=[32m"background: var(--color-background-secondary, #f5f7f6); border: 1px solid 
var(--color-border-secondary, #ced4da); border-radius: 8px; padding: 12px 14px; margin: 0px 0px 14px; font-size: 13px; 
width: 100%; max-width: none; min-width: 0px; box-sizing: border-box;"[39m
        [36m>[39m
          [36m<p[39m
            [33mstyle[39m=[32m"margin: 0px 0px 4px; font-weight: 600;"[39m
          [36m>[39m
            [0mDNA data is already on file[0m
          [36m</p>[39m
          [36m<p[39m
            [33mstyle[39m=[32m"margin: 0px; color: var(--color-text-secondary, #5f6368);"[39m
          [36m>[39m
            [0mYou can ask ChatGPT about your Mutant analysis. Importing another file replaces it.[0m
          [36m</p>[39m
        [36m</div>[39m
        [36m<div[39m
          [33mstyle[39m=[32m"border-radius: 10px; padding: 26px 20px; text-align: center; background: 
var(--color-background-secondary, #fafbfc); width: 100%; max-width: none; min-width: 0px; box-sizing: border-box; 
border-color: var(--color-border-secondary, #ced4da);"[39m
        [36m>[39m
          [36m<p[39m
            [33mstyle[39m=[32m"margin: 0px 0px 4px; font-weight: 600;"[39m
          [36m>[39m
            [0mDrag and drop your DNA file here[0m
          [36m</p>[39m
          [36m<p[39m
            [33mstyle[39m=[32m"margin: 0px 0px 16px; font-size: 13px; color: var(--color-text-secondary, 
#5f6368);"[39m
          [36m>[39m
            [0mAccepted formats: .txt (23andMe, AncestryDNA), .vcf, and .vcf.gz[0m
          [36m</p>[39m
          [36m<button[39m
            [33mstyle[39m=[32m"display: inline-block; background: var(--mutant-accent, #1f7a3f); color: 
var(--mutant-accent-text, #ffffff); border: medium; border-radius: 8px; padding: 10px 18px; font-size: 14px; 
font-weight: 600; cursor: pointer;"[39m
            [33mtype[39m=[32m"button"[39m
          [36m>[39m
            [0mChoose DNA file[0m
          [36m</button>[39m
        [36m</div>[39m
        [36m<div[39m
          [33mstyle[39m=[32m"background: var(--color-background-secondary, #f0f9f0); border: 1px solid 
var(--color-border-secondary, #cdeacd); border-radius: 8px; padding: 12px 14px; margin: 16px 0px; font-size: 13px; 
width: 100%; max-width: none; min-width: 0px; box-sizing: border-box;"[39m
        [36m>[39m
          [36m<p[39m
            [33mstyle[39m=[32m"margin: 0px 0px 4px; font-weight: 600;"[39m
          [36m>[39m
            [0mYour raw DNA file is processed locally.[0m
          [36m</p>[39m
          [36m<p[39m
            [33mstyle[39m=[32m"margin: 0px; color: var(--color-text-secondary, #5f6368);"[39m
          [36m>[39m
            [0mOnly variants used by Mutant are submitted[0m
            [0m (2 markers in the Mutant panel)[0m
            [0m. Your file is never uploaded or stored by Mutant.[0m
          [36m</p>[39m
        [36m</div>[39m
        [36m<p[39m
          [33mstyle[39m=[32m"margin: 0px 0px 12px; font-size: 13px; color: var(--color-text-secondary, 
#5f6368);"[39m
        [36m>[39m
          [0mGenerating your analysis usually takes about 2ΓÇô3 minutes.[0m
        [36m</p>[39m
        [36m<input[39m
          [33maccept[39m=[32m".txt,.vcf,.gz,.bgz"[39m
          [33mstyle[39m=[32m"display: none;"[39m
          [33mtype[39m=[32m"file"[39m
        [36m/>[39m
      [36m</main>[39m
    [36m</div>[39m
  [36m</div>[39m
[36m</body>[39m

Ignored nodes: comments, script, style
[36m<body>[39m
  [36m<div>[39m
    [36m<div[39m
      [33mstyle[39m=[32m"font-family: ui-sans-serif, system-ui, -apple-system, \"Segoe UI\", Roboto, Helvetica, 
Arial, sans-serif; font-size: 14px; line-height: 1.5; color: var(--color-text-primary, #1a1a1a); background: 
var(--color-background-primary, #ffffff); padding: 20px 22px; width: 100%; max-width: none; min-width: 0px; 
box-sizing: border-box; --mutant-accent: #1f7a3f; --mutant-accent-text: #ffffff; --mutant-error-bg: #fdecea; 
--mutant-error-border: #f5c6cb; --mutant-error-text: #7f1d1d; --mutant-drop-active: #f0fff4;"[39m
    [36m>[39m
      [36m<main[39m
        [33mstyle[39m=[32m"display: grid; grid-template-columns: minmax(0, 1fr); width: 100%; max-width: none; 
min-width: 0px; box-sizing: border-box;"[39m
      [36m>[39m
        [36m<h1[39m
          [33mstyle[39m=[32m"font-size: 17px; font-weight: 600; margin: 0px 0px 4px;"[39m
        [36m>[39m
          [0mAdd your DNA data[0m
        [36m</h1>[39m
        [36m<div[39m
          [33mrole[39m=[32m"status"[39m
          [33mstyle[39m=[32m"background: var(--color-background-secondary, #f5f7f6); border: 1px solid 
var(--color-border-secondary, #ced4da); border-radius: 8px; padding: 12px 14px; margin: 0px 0px 14px; font-size: 13px; 
width: 100%; max-width: none; min-width: 0px; box-sizing: border-box;"[39m
        [36m>[39m
          [36m<p[39m
            [33mstyle[39m=[32m"margin: 0px 0px 4px; font-weight: 600;"[39m
          [36m>[39m
            [0mDNA data is already on file[0m
          [36m</p>[39m
          [36m<p[39m
            [33mstyle[39m=[32m"margin: 0px; color: var(--color-text-secondary, #5f6368);"[39m
          [36m>[39m
            [0mYou can ask ChatGPT about your Mutant analysis. Importing another file replaces it.[0m
          [36m</p>[39m
        [36m</div>[39m
        [36m<div[39m
          [33mstyle[39m=[32m"border-radius: 10px; padding: 26px 20px; text-align: center; background: 
var(--color-background-secondary, #fafbfc); width: 100%; max-width: none; min-width: 0px; box-sizing: border-box; 
border-color: var(--color-border-secondary, #ced4da);"[39m
        [36m>[39m
          [36m<p[39m
            [33mstyle[39m=[32m"margin: 0px 0px 4px; font-weight: 600;"[39m
          [36m>[39m
            [0mDrag and drop your DNA file here[0m
          [36m</p>[39m
          [36m<p[39m
            [33mstyle[39m=[32m"margin: 0px 0px 16px; font-size: 13px; color: var(--color-text-secondary, 
#5f6368);"[39m
          [36m>[39m
            [0mAccepted formats: .txt (23andMe, AncestryDNA), .vcf, and .vcf.gz[0m
          [36m</p>[39m
          [36m<button[39m
            [33mstyle[39m=[32m"display: inline-block; background: var(--mutant-accent, #1f7a3f); color: 
var(--mutant-accent-text, #ffffff); border: medium; border-radius: 8px; padding: 10px 18px; font-size: 14px; 
font-weight: 600; cursor: pointer;"[39m
            [33mtype[39m=[32m"button"[39m
          [36m>[39m
            [0mChoose DNA file[0m
          [36m</button>[39m
        [36m</div>[39m
        [36m<div[39m
          [33mstyle[39m=[32m"background: var(--color-background-secondary, #f0f9f0); border: 1px solid 
var(--color-border-secondary, #cdeacd); border-radius: 8px; padding: 12px 14px; margin: 16px 0px; font-size: 13px; 
width: 100%; max-width: none; min-width: 0px; box-sizing: border-box;"[39m
        [36m>[39m
          [36m<p[39m
            [33mstyle[39m=[32m"margin: 0px 0px 4px; font-weight: 600;"[39m
          [36m>[39m
            [0mYour raw DNA file is processed locally.[0m
          [36m</p>[39m
          [36m<p[39m
            [33mstyle[39m=[32m"margin: 0px; color: var(--color-text-secondary, #5f6368);"[39m
          [36m>[39m
            [0mOnly variants used by Mutant are submitted[0m
            [0m (2 markers in the Mutant panel)[0m
            [0m. Your file is never uploaded or stored by Mutant.[0m
          [36m</p>[39m
        [36m</div>[39m
        [36m<p[39m
          [33mstyle[39m=[32m"margin: 0px 0px 12px; font-size: 13px; color: var(--color-text-secondary, 
#5f6368);"[39m
        [36m>[39m
          [0mGenerating your analysis usually takes about 2ΓÇô3 minutes.[0m
        [36m</p>[39m
        [36m<input[39m
          [33maccept[39m=[32m".txt,.vcf,.gz,.bgz"[39m
          [33mstyle[39m=[32m"display: none;"[39m
          [33mtype[39m=[32m"file"[39m
        [36m/>[39m
      [36m</main>[39m
    [36m</div>[39m
  [36m</div>[39m
[36m</body>[39m
 Γ¥» waitForWrapper node_modules/@testing-library/dom/dist/wait-for.js:163:27
 Γ¥» node_modules/@testing-library/dom/dist/query-helpers.js:86:33
 Γ¥» tests/dna-import-ui.test.tsx:519:18
    517|     });
    518|
    519|     await screen.findByText(/Elapsed: 0:30/);
       |                  ^
    520|     await screen.findByText(/Elapsed: 0:31/, undefined, { timeout: 300ΓÇª
    521|   });

ΓÄ»ΓÄ»ΓÄ»ΓÄ»ΓÄ»ΓÄ»ΓÄ»ΓÄ»ΓÄ»ΓÄ»ΓÄ»ΓÄ»ΓÄ»ΓÄ»ΓÄ»ΓÄ»ΓÄ»ΓÄ»ΓÄ»ΓÄ»ΓÄ»ΓÄ»ΓÄ»[5/24]ΓÄ»

 FAIL  tests/dna-import-ui.test.tsx > DNA import component > changes the message when the analysis runs long
TestingLibraryElementError: Unable to find an element with the text: /Still working on your analysis/i. This could be 
because the text is broken up by multiple elements. In this case, you can provide a function for your text matcher to 
make your matcher more flexible.

Ignored nodes: comments, script, style
[36m<body>[39m
  [36m<div>[39m
    [36m<div[39m
      [33mstyle[39m=[32m"font-family: ui-sans-serif, system-ui, -apple-system, \"Segoe UI\", Roboto, Helvetica, 
Arial, sans-serif; font-size: 14px; line-height: 1.5; color: var(--color-text-primary, #1a1a1a); background: 
var(--color-background-primary, #ffffff); padding: 20px 22px; width: 100%; max-width: none; min-width: 0px; 
box-sizing: border-box; --mutant-accent: #1f7a3f; --mutant-accent-text: #ffffff; --mutant-error-bg: #fdecea; 
--mutant-error-border: #f5c6cb; --mutant-error-text: #7f1d1d; --mutant-drop-active: #f0fff4;"[39m
    [36m>[39m
      [36m<main[39m
        [33mstyle[39m=[32m"display: grid; grid-template-columns: minmax(0, 1fr); width: 100%; max-width: none; 
min-width: 0px; box-sizing: border-box;"[39m
      [36m>[39m
        [36m<h1[39m
          [33mstyle[39m=[32m"font-size: 17px; font-weight: 600; margin: 0px 0px 4px;"[39m
        [36m>[39m
          [0mAdd your DNA data[0m
        [36m</h1>[39m
        [36m<div[39m
          [33mrole[39m=[32m"status"[39m
          [33mstyle[39m=[32m"background: var(--color-background-secondary, #f5f7f6); border: 1px solid 
var(--color-border-secondary, #ced4da); border-radius: 8px; padding: 12px 14px; margin: 0px 0px 14px; font-size: 13px; 
width: 100%; max-width: none; min-width: 0px; box-sizing: border-box;"[39m
        [36m>[39m
          [36m<p[39m
            [33mstyle[39m=[32m"margin: 0px 0px 4px; font-weight: 600;"[39m
          [36m>[39m
            [0mDNA data is already on file[0m
          [36m</p>[39m
          [36m<p[39m
            [33mstyle[39m=[32m"margin: 0px; color: var(--color-text-secondary, #5f6368);"[39m
          [36m>[39m
            [0mYou can ask ChatGPT about your Mutant analysis. Importing another file replaces it.[0m
          [36m</p>[39m
        [36m</div>[39m
        [36m<div[39m
          [33mstyle[39m=[32m"border-radius: 10px; padding: 26px 20px; text-align: center; background: 
var(--color-background-secondary, #fafbfc); width: 100%; max-width: none; min-width: 0px; box-sizing: border-box; 
border-color: var(--color-border-secondary, #ced4da);"[39m
        [36m>[39m
          [36m<p[39m
            [33mstyle[39m=[32m"margin: 0px 0px 4px; font-weight: 600;"[39m
          [36m>[39m
            [0mDrag and drop your DNA file here[0m
          [36m</p>[39m
          [36m<p[39m
            [33mstyle[39m=[32m"margin: 0px 0px 16px; font-size: 13px; color: var(--color-text-secondary, 
#5f6368);"[39m
          [36m>[39m
            [0mAccepted formats: .txt (23andMe, AncestryDNA), .vcf, and .vcf.gz[0m
          [36m</p>[39m
          [36m<button[39m
            [33mstyle[39m=[32m"display: inline-block; background: var(--mutant-accent, #1f7a3f); color: 
var(--mutant-accent-text, #ffffff); border: medium; border-radius: 8px; padding: 10px 18px; font-size: 14px; 
font-weight: 600; cursor: pointer;"[39m
            [33mtype[39m=[32m"button"[39m
          [36m>[39m
            [0mChoose DNA file[0m
          [36m</button>[39m
        [36m</div>[39m
        [36m<div[39m
          [33mstyle[39m=[32m"background: var(--color-background-secondary, #f0f9f0); border: 1px solid 
var(--color-border-secondary, #cdeacd); border-radius: 8px; padding: 12px 14px; margin: 16px 0px; font-size: 13px; 
width: 100%; max-width: none; min-width: 0px; box-sizing: border-box;"[39m
        [36m>[39m
          [36m<p[39m
            [33mstyle[39m=[32m"margin: 0px 0px 4px; font-weight: 600;"[39m
          [36m>[39m
            [0mYour raw DNA file is processed locally.[0m
          [36m</p>[39m
          [36m<p[39m
            [33mstyle[39m=[32m"margin: 0px; color: var(--color-text-secondary, #5f6368);"[39m
          [36m>[39m
            [0mOnly variants used by Mutant are submitted[0m
            [0m (2 markers in the Mutant panel)[0m
            [0m. Your file is never uploaded or stored by Mutant.[0m
          [36m</p>[39m
        [36m</div>[39m
        [36m<p[39m
          [33mstyle[39m=[32m"margin: 0px 0px 12px; font-size: 13px; color: var(--color-text-secondary, 
#5f6368);"[39m
        [36m>[39m
          [0mGenerating your analysis usually takes about 2ΓÇô3 minutes.[0m
        [36m</p>[39m
        [36m<input[39m
          [33maccept[39m=[32m".txt,.vcf,.gz,.bgz"[39m
          [33mstyle[39m=[32m"display: none;"[39m
          [33mtype[39m=[32m"file"[39m
        [36m/>[39m
      [36m</main>[39m
    [36m</div>[39m
  [36m</div>[39m
[36m</body>[39m

Ignored nodes: comments, script, style
[36m<body>[39m
  [36m<div>[39m
    [36m<div[39m
      [33mstyle[39m=[32m"font-family: ui-sans-serif, system-ui, -apple-system, \"Segoe UI\", Roboto, Helvetica, 
Arial, sans-serif; font-size: 14px; line-height: 1.5; color: var(--color-text-primary, #1a1a1a); background: 
var(--color-background-primary, #ffffff); padding: 20px 22px; width: 100%; max-width: none; min-width: 0px; 
box-sizing: border-box; --mutant-accent: #1f7a3f; --mutant-accent-text: #ffffff; --mutant-error-bg: #fdecea; 
--mutant-error-border: #f5c6cb; --mutant-error-text: #7f1d1d; --mutant-drop-active: #f0fff4;"[39m
    [36m>[39m
      [36m<main[39m
        [33mstyle[39m=[32m"display: grid; grid-template-columns: minmax(0, 1fr); width: 100%; max-width: none; 
min-width: 0px; box-sizing: border-box;"[39m
      [36m>[39m
        [36m<h1[39m
          [33mstyle[39m=[32m"font-size: 17px; font-weight: 600; margin: 0px 0px 4px;"[39m
        [36m>[39m
          [0mAdd your DNA data[0m
        [36m</h1>[39m
        [36m<div[39m
          [33mrole[39m=[32m"status"[39m
          [33mstyle[39m=[32m"background: var(--color-background-secondary, #f5f7f6); border: 1px solid 
var(--color-border-secondary, #ced4da); border-radius: 8px; padding: 12px 14px; margin: 0px 0px 14px; font-size: 13px; 
width: 100%; max-width: none; min-width: 0px; box-sizing: border-box;"[39m
        [36m>[39m
          [36m<p[39m
            [33mstyle[39m=[32m"margin: 0px 0px 4px; font-weight: 600;"[39m
          [36m>[39m
            [0mDNA data is already on file[0m
          [36m</p>[39m
          [36m<p[39m
            [33mstyle[39m=[32m"margin: 0px; color: var(--color-text-secondary, #5f6368);"[39m
          [36m>[39m
            [0mYou can ask ChatGPT about your Mutant analysis. Importing another file replaces it.[0m
          [36m</p>[39m
        [36m</div>[39m
        [36m<div[39m
          [33mstyle[39m=[32m"border-radius: 10px; padding: 26px 20px; text-align: center; background: 
var(--color-background-secondary, #fafbfc); width: 100%; max-width: none; min-width: 0px; box-sizing: border-box; 
border-color: var(--color-border-secondary, #ced4da);"[39m
        [36m>[39m
          [36m<p[39m
            [33mstyle[39m=[32m"margin: 0px 0px 4px; font-weight: 600;"[39m
          [36m>[39m
            [0mDrag and drop your DNA file here[0m
          [36m</p>[39m
          [36m<p[39m
            [33mstyle[39m=[32m"margin: 0px 0px 16px; font-size: 13px; color: var(--color-text-secondary, 
#5f6368);"[39m
          [36m>[39m
            [0mAccepted formats: .txt (23andMe, AncestryDNA), .vcf, and .vcf.gz[0m
          [36m</p>[39m
          [36m<button[39m
            [33mstyle[39m=[32m"display: inline-block; background: var(--mutant-accent, #1f7a3f); color: 
var(--mutant-accent-text, #ffffff); border: medium; border-radius: 8px; padding: 10px 18px; font-size: 14px; 
font-weight: 600; cursor: pointer;"[39m
            [33mtype[39m=[32m"button"[39m
          [36m>[39m
            [0mChoose DNA file[0m
          [36m</button>[39m
        [36m</div>[39m
        [36m<div[39m
          [33mstyle[39m=[32m"background: var(--color-background-secondary, #f0f9f0); border: 1px solid 
var(--color-border-secondary, #cdeacd); border-radius: 8px; padding: 12px 14px; margin: 16px 0px; font-size: 13px; 
width: 100%; max-width: none; min-width: 0px; box-sizing: border-box;"[39m
        [36m>[39m
          [36m<p[39m
            [33mstyle[39m=[32m"margin: 0px 0px 4px; font-weight: 600;"[39m
          [36m>[39m
            [0mYour raw DNA file is processed locally.[0m
          [36m</p>[39m
          [36m<p[39m
            [33mstyle[39m=[32m"margin: 0px; color: var(--color-text-secondary, #5f6368);"[39m
          [36m>[39m
            [0mOnly variants used by Mutant are submitted[0m
            [0m (2 markers in the Mutant panel)[0m
            [0m. Your file is never uploaded or stored by Mutant.[0m
          [36m</p>[39m
        [36m</div>[39m
        [36m<p[39m
          [33mstyle[39m=[32m"margin: 0px 0px 12px; font-size: 13px; color: var(--color-text-secondary, 
#5f6368);"[39m
        [36m>[39m
          [0mGenerating your analysis usually takes about 2ΓÇô3 minutes.[0m
        [36m</p>[39m
        [36m<input[39m
          [33maccept[39m=[32m".txt,.vcf,.gz,.bgz"[39m
          [33mstyle[39m=[32m"display: none;"[39m
          [33mtype[39m=[32m"file"[39m
        [36m/>[39m
      [36m</main>[39m
    [36m</div>[39m
  [36m</div>[39m
[36m</body>[39m
 Γ¥» waitForWrapper node_modules/@testing-library/dom/dist/wait-for.js:163:27
 Γ¥» node_modules/@testing-library/dom/dist/query-helpers.js:86:33
 Γ¥» tests/dna-import-ui.test.tsx:529:18
    527|       }),
    528|     });
    529|     await screen.findByText(/Still working on your analysis/i);
       |                  ^
    530|     // Past the expected range the 2-3 minute promise is dropped ratheΓÇª
    531|     expect(screen.queryByText(/usually takes about 2.3 minutes/i)).toBΓÇª

ΓÄ»ΓÄ»ΓÄ»ΓÄ»ΓÄ»ΓÄ»ΓÄ»ΓÄ»ΓÄ»ΓÄ»ΓÄ»ΓÄ»ΓÄ»ΓÄ»ΓÄ»ΓÄ»ΓÄ»ΓÄ»ΓÄ»ΓÄ»ΓÄ»ΓÄ»ΓÄ»[6/24]ΓÄ»

 FAIL  tests/dna-import-ui.test.tsx > DNA import component > offers a recoverable state when the polling ceiling is 
reached
TestingLibraryElementError: Unable to find an element with the text: /stopped checking automatically/i. This could be 
because the text is broken up by multiple elements. In this case, you can provide a function for your text matcher to 
make your matcher more flexible.

Ignored nodes: comments, script, style
[36m<body>[39m
  [36m<div>[39m
    [36m<div[39m
      [33mstyle[39m=[32m"font-family: ui-sans-serif, system-ui, -apple-system, \"Segoe UI\", Roboto, Helvetica, 
Arial, sans-serif; font-size: 14px; line-height: 1.5; color: var(--color-text-primary, #1a1a1a); background: 
var(--color-background-primary, #ffffff); padding: 20px 22px; width: 100%; max-width: none; min-width: 0px; 
box-sizing: border-box; --mutant-accent: #1f7a3f; --mutant-accent-text: #ffffff; --mutant-error-bg: #fdecea; 
--mutant-error-border: #f5c6cb; --mutant-error-text: #7f1d1d; --mutant-drop-active: #f0fff4;"[39m
    [36m>[39m
      [36m<main[39m
        [33mstyle[39m=[32m"display: grid; grid-template-columns: minmax(0, 1fr); width: 100%; max-width: none; 
min-width: 0px; box-sizing: border-box;"[39m
      [36m>[39m
        [36m<h1[39m
          [33mstyle[39m=[32m"font-size: 17px; font-weight: 600; margin: 0px 0px 4px;"[39m
        [36m>[39m
          [0mAdd your DNA data[0m
        [36m</h1>[39m
        [36m<div[39m
          [33mrole[39m=[32m"status"[39m
          [33mstyle[39m=[32m"background: var(--color-background-secondary, #f5f7f6); border: 1px solid 
var(--color-border-secondary, #ced4da); border-radius: 8px; padding: 12px 14px; margin: 0px 0px 14px; font-size: 13px; 
width: 100%; max-width: none; min-width: 0px; box-sizing: border-box;"[39m
        [36m>[39m
          [36m<p[39m
            [33mstyle[39m=[32m"margin: 0px 0px 4px; font-weight: 600;"[39m
          [36m>[39m
            [0mDNA data is already on file[0m
          [36m</p>[39m
          [36m<p[39m
            [33mstyle[39m=[32m"margin: 0px; color: var(--color-text-secondary, #5f6368);"[39m
          [36m>[39m
            [0mYou can ask ChatGPT about your Mutant analysis. Importing another file replaces it.[0m
          [36m</p>[39m
        [36m</div>[39m
        [36m<div[39m
          [33mstyle[39m=[32m"border-radius: 10px; padding: 26px 20px; text-align: center; background: 
var(--color-background-secondary, #fafbfc); width: 100%; max-width: none; min-width: 0px; box-sizing: border-box; 
border-color: var(--color-border-secondary, #ced4da);"[39m
        [36m>[39m
          [36m<p[39m
            [33mstyle[39m=[32m"margin: 0px 0px 4px; font-weight: 600;"[39m
          [36m>[39m
            [0mDrag and drop your DNA file here[0m
          [36m</p>[39m
          [36m<p[39m
            [33mstyle[39m=[32m"margin: 0px 0px 16px; font-size: 13px; color: var(--color-text-secondary, 
#5f6368);"[39m
          [36m>[39m
            [0mAccepted formats: .txt (23andMe, AncestryDNA), .vcf, and .vcf.gz[0m
          [36m</p>[39m
          [36m<button[39m
            [33mstyle[39m=[32m"display: inline-block; background: var(--mutant-accent, #1f7a3f); color: 
var(--mutant-accent-text, #ffffff); border: medium; border-radius: 8px; padding: 10px 18px; font-size: 14px; 
font-weight: 600; cursor: pointer;"[39m
            [33mtype[39m=[32m"button"[39m
          [36m>[39m
            [0mChoose DNA file[0m
          [36m</button>[39m
        [36m</div>[39m
        [36m<div[39m
          [33mstyle[39m=[32m"background: var(--color-background-secondary, #f0f9f0); border: 1px solid 
var(--color-border-secondary, #cdeacd); border-radius: 8px; padding: 12px 14px; margin: 16px 0px; font-size: 13px; 
width: 100%; max-width: none; min-width: 0px; box-sizing: border-box;"[39m
        [36m>[39m
          [36m<p[39m
            [33mstyle[39m=[32m"margin: 0px 0px 4px; font-weight: 600;"[39m
          [36m>[39m
            [0mYour raw DNA file is processed locally.[0m
          [36m</p>[39m
          [36m<p[39m
            [33mstyle[39m=[32m"margin: 0px; color: var(--color-text-secondary, #5f6368);"[39m
          [36m>[39m
            [0mOnly variants used by Mutant are submitted[0m
            [0m (2 markers in the Mutant panel)[0m
            [0m. Your file is never uploaded or stored by Mutant.[0m
          [36m</p>[39m
        [36m</div>[39m
        [36m<p[39m
          [33mstyle[39m=[32m"margin: 0px 0px 12px; font-size: 13px; color: var(--color-text-secondary, 
#5f6368);"[39m
        [36m>[39m
          [0mGenerating your analysis usually takes about 2ΓÇô3 minutes.[0m
        [36m</p>[39m
        [36m<input[39m
          [33maccept[39m=[32m".txt,.vcf,.gz,.bgz"[39m
          [33mstyle[39m=[32m"display: none;"[39m
          [33mtype[39m=[32m"file"[39m
        [36m/>[39m
      [36m</main>[39m
    [36m</div>[39m
  [36m</div>[39m
[36m</body>[39m

Ignored nodes: comments, script, style
[36m<body>[39m
  [36m<div>[39m
    [36m<div[39m
      [33mstyle[39m=[32m"font-family: ui-sans-serif, system-ui, -apple-system, \"Segoe UI\", Roboto, Helvetica, 
Arial, sans-serif; font-size: 14px; line-height: 1.5; color: var(--color-text-primary, #1a1a1a); background: 
var(--color-background-primary, #ffffff); padding: 20px 22px; width: 100%; max-width: none; min-width: 0px; 
box-sizing: border-box; --mutant-accent: #1f7a3f; --mutant-accent-text: #ffffff; --mutant-error-bg: #fdecea; 
--mutant-error-border: #f5c6cb; --mutant-error-text: #7f1d1d; --mutant-drop-active: #f0fff4;"[39m
    [36m>[39m
      [36m<main[39m
        [33mstyle[39m=[32m"display: grid; grid-template-columns: minmax(0, 1fr); width: 100%; max-width: none; 
min-width: 0px; box-sizing: border-box;"[39m
      [36m>[39m
        [36m<h1[39m
          [33mstyle[39m=[32m"font-size: 17px; font-weight: 600; margin: 0px 0px 4px;"[39m
        [36m>[39m
          [0mAdd your DNA data[0m
        [36m</h1>[39m
        [36m<div[39m
          [33mrole[39m=[32m"status"[39m
          [33mstyle[39m=[32m"background: var(--color-background-secondary, #f5f7f6); border: 1px solid 
var(--color-border-secondary, #ced4da); border-radius: 8px; padding: 12px 14px; margin: 0px 0px 14px; font-size: 13px; 
width: 100%; max-width: none; min-width: 0px; box-sizing: border-box;"[39m
        [36m>[39m
          [36m<p[39m
            [33mstyle[39m=[32m"margin: 0px 0px 4px; font-weight: 600;"[39m
          [36m>[39m
            [0mDNA data is already on file[0m
          [36m</p>[39m
          [36m<p[39m
            [33mstyle[39m=[32m"margin: 0px; color: var(--color-text-secondary, #5f6368);"[39m
          [36m>[39m
            [0mYou can ask ChatGPT about your Mutant analysis. Importing another file replaces it.[0m
          [36m</p>[39m
        [36m</div>[39m
        [36m<div[39m
          [33mstyle[39m=[32m"border-radius: 10px; padding: 26px 20px; text-align: center; background: 
var(--color-background-secondary, #fafbfc); width: 100%; max-width: none; min-width: 0px; box-sizing: border-box; 
border-color: var(--color-border-secondary, #ced4da);"[39m
        [36m>[39m
          [36m<p[39m
            [33mstyle[39m=[32m"margin: 0px 0px 4px; font-weight: 600;"[39m
          [36m>[39m
            [0mDrag and drop your DNA file here[0m
          [36m</p>[39m
          [36m<p[39m
            [33mstyle[39m=[32m"margin: 0px 0px 16px; font-size: 13px; color: var(--color-text-secondary, 
#5f6368);"[39m
          [36m>[39m
            [0mAccepted formats: .txt (23andMe, AncestryDNA), .vcf, and .vcf.gz[0m
          [36m</p>[39m
          [36m<button[39m
            [33mstyle[39m=[32m"display: inline-block; background: var(--mutant-accent, #1f7a3f); color: 
var(--mutant-accent-text, #ffffff); border: medium; border-radius: 8px; padding: 10px 18px; font-size: 14px; 
font-weight: 600; cursor: pointer;"[39m
            [33mtype[39m=[32m"button"[39m
          [36m>[39m
            [0mChoose DNA file[0m
          [36m</button>[39m
        [36m</div>[39m
        [36m<div[39m
          [33mstyle[39m=[32m"background: var(--color-background-secondary, #f0f9f0); border: 1px solid 
var(--color-border-secondary, #cdeacd); border-radius: 8px; padding: 12px 14px; margin: 16px 0px; font-size: 13px; 
width: 100%; max-width: none; min-width: 0px; box-sizing: border-box;"[39m
        [36m>[39m
          [36m<p[39m
            [33mstyle[39m=[32m"margin: 0px 0px 4px; font-weight: 600;"[39m
          [36m>[39m
            [0mYour raw DNA file is processed locally.[0m
          [36m</p>[39m
          [36m<p[39m
            [33mstyle[39m=[32m"margin: 0px; color: var(--color-text-secondary, #5f6368);"[39m
          [36m>[39m
            [0mOnly variants used by Mutant are submitted[0m
            [0m (2 markers in the Mutant panel)[0m
            [0m. Your file is never uploaded or stored by Mutant.[0m
          [36m</p>[39m
        [36m</div>[39m
        [36m<p[39m
          [33mstyle[39m=[32m"margin: 0px 0px 12px; font-size: 13px; color: var(--color-text-secondary, 
#5f6368);"[39m
        [36m>[39m
          [0mGenerating your analysis usually takes about 2ΓÇô3 minutes.[0m
        [36m</p>[39m
        [36m<input[39m
          [33maccept[39m=[32m".txt,.vcf,.gz,.bgz"[39m
          [33mstyle[39m=[32m"display: none;"[39m
          [33mtype[39m=[32m"file"[39m
        [36m/>[39m
      [36m</main>[39m
    [36m</div>[39m
  [36m</div>[39m
[36m</body>[39m
 Γ¥» waitForWrapper node_modules/@testing-library/dom/dist/wait-for.js:163:27
 Γ¥» node_modules/@testing-library/dom/dist/query-helpers.js:86:33
 Γ¥» tests/dna-import-ui.test.tsx:556:18
    554|     );
    555|
    556|     await screen.findByText(/stopped checking automatically/i);
       |                  ^
    557|     const before = bridge.callsTo("get_analysis_status").length;
    558|     // Exceeding the expected range is not an error.

ΓÄ»ΓÄ»ΓÄ»ΓÄ»ΓÄ»ΓÄ»ΓÄ»ΓÄ»ΓÄ»ΓÄ»ΓÄ»ΓÄ»ΓÄ»ΓÄ»ΓÄ»ΓÄ»ΓÄ»ΓÄ»ΓÄ»ΓÄ»ΓÄ»ΓÄ»ΓÄ»[7/24]ΓÄ»

 FAIL  tests/dna-import-ui.test.tsx > DNA import component > reports a failed analysis and retries with a new 
idempotency key
TestingLibraryElementError: Unable to find an element with the text: /We couldn't complete your analysis/i. This could 
be because the text is broken up by multiple elements. In this case, you can provide a function for your text matcher 
to make your matcher more flexible.

Ignored nodes: comments, script, style
[36m<body>[39m
  [36m<div>[39m
    [36m<div[39m
      [33mstyle[39m=[32m"font-family: ui-sans-serif, system-ui, -apple-system, \"Segoe UI\", Roboto, Helvetica, 
Arial, sans-serif; font-size: 14px; line-height: 1.5; color: var(--color-text-primary, #1a1a1a); background: 
var(--color-background-primary, #ffffff); padding: 20px 22px; width: 100%; max-width: none; min-width: 0px; 
box-sizing: border-box; --mutant-accent: #1f7a3f; --mutant-accent-text: #ffffff; --mutant-error-bg: #fdecea; 
--mutant-error-border: #f5c6cb; --mutant-error-text: #7f1d1d; --mutant-drop-active: #f0fff4;"[39m
    [36m>[39m
      [36m<main[39m
        [33mstyle[39m=[32m"display: grid; grid-template-columns: minmax(0, 1fr); width: 100%; max-width: none; 
min-width: 0px; box-sizing: border-box;"[39m
      [36m>[39m
        [36m<h1[39m
          [33mstyle[39m=[32m"font-size: 17px; font-weight: 600; margin: 0px 0px 4px;"[39m
        [36m>[39m
          [0mGenerating your analysis[0m
        [36m</h1>[39m
        [36m<p[39m
          [33mstyle[39m=[32m"margin: 0px 0px 16px; color: var(--color-text-secondary, #5f6368);"[39m
        [36m>[39m
          [0mYour DNA was imported successfully.[0m
        [36m</p>[39m
        [36m<p[39m
          [33mstyle[39m=[32m"margin: 0px 0px 12px; font-size: 13px; color: var(--color-text-secondary, 
#5f6368);"[39m
        [36m>[39m
          [0mWe're generating your analysis now.[0m
        [36m</p>[39m
        [36m<ul[39m
          [33mstyle[39m=[32m"list-style: none; margin: 14px 0px 10px; padding: 0px; font-size: 13px;"[39m
        [36m>[39m
          [36m<li[39m
            [33mstyle[39m=[32m"display: flex; gap: 8px; padding: 3px 0px; align-items: baseline;"[39m
          [36m>[39m
            [36m<span[39m
              [33maria-hidden[39m=[32m"true"[39m
              [33mstyle[39m=[32m"width: 12px; color: var(--mutant-accent, #1f7a3f);"[39m
            [36m>[39m
              [0mΓ£ô[0m
            [36m</span>[39m
            [36m<span>[39m
              [0mDNA file processed[0m
            [36m</span>[39m
          [36m</li>[39m
          [36m<li[39m
            [33mstyle[39m=[32m"display: flex; gap: 8px; padding: 3px 0px; align-items: baseline;"[39m
          [36m>[39m
            [36m<span[39m
              [33maria-hidden[39m=[32m"true"[39m
              [33mstyle[39m=[32m"width: 12px; color: var(--mutant-accent, #1f7a3f);"[39m
            [36m>[39m
              [0mΓ£ô[0m
            [36m</span>[39m
            [36m<span>[39m
              [0mRelevant variants imported[0m
            [36m</span>[39m
          [36m</li>[39m
          [36m<li[39m
            [33mstyle[39m=[32m"display: flex; gap: 8px; padding: 3px 0px; align-items: baseline;"[39m
          [36m>[39m
            [36m<span[39m
              [33maria-hidden[39m=[32m"true"[39m
              [33mstyle[39m=[32m"width: 12px; color: var(--mutant-accent, #1f7a3f);"[39m
            [36m>[39m
              [0mΓùÅ[0m
            [36m</span>[39m
            [36m<span>[39m
              [0mAnalyzing genetic patterns and health hypotheses[0m
            [36m</span>[39m
          [36m</li>[39m
        [36m</ul>[39m
        [36m<p[39m
          [33mstyle[39m=[32m"margin: 0px 0px 12px; font-size: 13px; color: var(--color-text-secondary, 
#5f6368);"[39m
        [36m>[39m
          [0mThis usually takes about 2ΓÇô3 minutes.[0m
        [36m</p>[39m
        [36m<p[39m
          [33mstyle[39m=[32m"margin: 0px 0px 12px; font-size: 13px; color: var(--color-text-secondary, 
#5f6368);"[39m
        [36m>[39m
          [0mElapsed: [0m
          [0m0:00[0m
        [36m</p>[39m
      [36m</main>[39m
    [36m</div>[39m
  [36m</div>[39m
[36m</body>[39m

Ignored nodes: comments, script, style
[36m<body>[39m
  [36m<div>[39m
    [36m<div[39m
      [33mstyle[39m=[32m"font-family: ui-sans-serif, system-ui, -apple-system, \"Segoe UI\", Roboto, Helvetica, 
Arial, sans-serif; font-size: 14px; line-height: 1.5; color: var(--color-text-primary, #1a1a1a); background: 
var(--color-background-primary, #ffffff); padding: 20px 22px; width: 100%; max-width: none; min-width: 0px; 
box-sizing: border-box; --mutant-accent: #1f7a3f; --mutant-accent-text: #ffffff; --mutant-error-bg: #fdecea; 
--mutant-error-border: #f5c6cb; --mutant-error-text: #7f1d1d; --mutant-drop-active: #f0fff4;"[39m
    [36m>[39m
      [36m<main[39m
        [33mstyle[39m=[32m"display: grid; grid-template-columns: minmax(0, 1fr); width: 100%; max-width: none; 
min-width: 0px; box-sizing: border-box;"[39m
      [36m>[39m
        [36m<h1[39m
          [33mstyle[39m=[32m"font-size: 17px; font-weight: 600; margin: 0px 0px 4px;"[39m
        [36m>[39m
          [0mGenerating your analysis[0m
        [36m</h1>[39m
        [36m<p[39m
          [33mstyle[39m=[32m"margin: 0px 0px 16px; color: var(--color-text-secondary, #5f6368);"[39m
        [36m>[39m
          [0mYour DNA was imported successfully.[0m
        [36m</p>[39m
        [36m<p[39m
          [33mstyle[39m=[32m"margin: 0px 0px 12px; font-size: 13px; color: var(--color-text-secondary, 
#5f6368);"[39m
        [36m>[39m
          [0mWe're generating your analysis now.[0m
        [36m</p>[39m
        [36m<ul[39m
          [33mstyle[39m=[32m"list-style: none; margin: 14px 0px 10px; padding: 0px; font-size: 13px;"[39m
        [36m>[39m
          [36m<li[39m
            [33mstyle[39m=[32m"display: flex; gap: 8px; padding: 3px 0px; align-items: baseline;"[39m
          [36m>[39m
            [36m<span[39m
              [33maria-hidden[39m=[32m"true"[39m
              [33mstyle[39m=[32m"width: 12px; color: var(--mutant-accent, #1f7a3f);"[39m
            [36m>[39m
              [0mΓ£ô[0m
            [36m</span>[39m
            [36m<span>[39m
              [0mDNA file processed[0m
            [36m</span>[39m
          [36m</li>[39m
          [36m<li[39m
            [33mstyle[39m=[32m"display: flex; gap: 8px; padding: 3px 0px; align-items: baseline;"[39m
          [36m>[39m
            [36m<span[39m
              [33maria-hidden[39m=[32m"true"[39m
              [33mstyle[39m=[32m"width: 12px; color: var(--mutant-accent, #1f7a3f);"[39m
            [36m>[39m
              [0mΓ£ô[0m
            [36m</span>[39m
            [36m<span>[39m
              [0mRelevant variants imported[0m
            [36m</span>[39m
          [36m</li>[39m
          [36m<li[39m
            [33mstyle[39m=[32m"display: flex; gap: 8px; padding: 3px 0px; align-items: baseline;"[39m
          [36m>[39m
            [36m<span[39m
              [33maria-hidden[39m=[32m"true"[39m
              [33mstyle[39m=[32m"width: 12px; color: var(--mutant-accent, #1f7a3f);"[39m
            [36m>[39m
              [0mΓùÅ[0m
            [36m</span>[39m
            [36m<span>[39m
              [0mAnalyzing genetic patterns and health hypotheses[0m
            [36m</span>[39m
          [36m</li>[39m
        [36m</ul>[39m
        [36m<p[39m
          [33mstyle[39m=[32m"margin: 0px 0px 12px; font-size: 13px; color: var(--color-text-secondary, 
#5f6368);"[39m
        [36m>[39m
          [0mThis usually takes about 2ΓÇô3 minutes.[0m
        [36m</p>[39m
        [36m<p[39m
          [33mstyle[39m=[32m"margin: 0px 0px 12px; font-size: 13px; color: var(--color-text-secondary, 
#5f6368);"[39m
        [36m>[39m
          [0mElapsed: [0m
          [0m0:00[0m
        [36m</p>[39m
      [36m</main>[39m
    [36m</div>[39m
  [36m</div>[39m
[36m</body>[39m
 Γ¥» waitForWrapper node_modules/@testing-library/dom/dist/wait-for.js:163:27
 Γ¥» node_modules/@testing-library/dom/dist/query-helpers.js:86:33
 Γ¥» tests/dna-import-ui.test.tsx:574:18
    572|     });
    573|
    574|     await screen.findByText(/We couldn't complete your analysis/i);
       |                  ^
    575|     expect(screen.getByText(/did not finish successfully/i)).toBeDefinΓÇª
    576|     // A failed analysis is reported as a recovery state, not a stack ΓÇª

ΓÄ»ΓÄ»ΓÄ»ΓÄ»ΓÄ»ΓÄ»ΓÄ»ΓÄ»ΓÄ»ΓÄ»ΓÄ»ΓÄ»ΓÄ»ΓÄ»ΓÄ»ΓÄ»ΓÄ»ΓÄ»ΓÄ»ΓÄ»ΓÄ»ΓÄ»ΓÄ»[8/24]ΓÄ»

 FAIL  tests/dna-import-ui.test.tsx > DNA import component > asks for a file again when a resumed session cannot retry 
in place
TestingLibraryElementError: Unable to find an element with the text: /We couldn't complete your analysis/i. This could 
be because the text is broken up by multiple elements. In this case, you can provide a function for your text matcher 
to make your matcher more flexible.

Ignored nodes: comments, script, style
[36m<body>[39m
  [36m<div>[39m
    [36m<div[39m
      [33mstyle[39m=[32m"font-family: ui-sans-serif, system-ui, -apple-system, \"Segoe UI\", Roboto, Helvetica, 
Arial, sans-serif; font-size: 14px; line-height: 1.5; color: var(--color-text-primary, #1a1a1a); background: 
var(--color-background-primary, #ffffff); padding: 20px 22px; width: 100%; max-width: none; min-width: 0px; 
box-sizing: border-box; --mutant-accent: #1f7a3f; --mutant-accent-text: #ffffff; --mutant-error-bg: #fdecea; 
--mutant-error-border: #f5c6cb; --mutant-error-text: #7f1d1d; --mutant-drop-active: #f0fff4;"[39m
    [36m>[39m
      [36m<main[39m
        [33mstyle[39m=[32m"display: grid; grid-template-columns: minmax(0, 1fr); width: 100%; max-width: none; 
min-width: 0px; box-sizing: border-box;"[39m
      [36m>[39m
        [36m<h1[39m
          [33mstyle[39m=[32m"font-size: 17px; font-weight: 600; margin: 0px 0px 4px;"[39m
        [36m>[39m
          [0mAdd your DNA data[0m
        [36m</h1>[39m
        [36m<div[39m
          [33mrole[39m=[32m"status"[39m
          [33mstyle[39m=[32m"background: var(--color-background-secondary, #f5f7f6); border: 1px solid 
var(--color-border-secondary, #ced4da); border-radius: 8px; padding: 12px 14px; margin: 0px 0px 14px; font-size: 13px; 
width: 100%; max-width: none; min-width: 0px; box-sizing: border-box;"[39m
        [36m>[39m
          [36m<p[39m
            [33mstyle[39m=[32m"margin: 0px 0px 4px; font-weight: 600;"[39m
          [36m>[39m
            [0mDNA data is already on file[0m
          [36m</p>[39m
          [36m<p[39m
            [33mstyle[39m=[32m"margin: 0px; color: var(--color-text-secondary, #5f6368);"[39m
          [36m>[39m
            [0mYou can ask ChatGPT about your Mutant analysis. Importing another file replaces it.[0m
          [36m</p>[39m
        [36m</div>[39m
        [36m<div[39m
          [33mstyle[39m=[32m"border-radius: 10px; padding: 26px 20px; text-align: center; background: 
var(--color-background-secondary, #fafbfc); width: 100%; max-width: none; min-width: 0px; box-sizing: border-box; 
border-color: var(--color-border-secondary, #ced4da);"[39m
        [36m>[39m
          [36m<p[39m
            [33mstyle[39m=[32m"margin: 0px 0px 4px; font-weight: 600;"[39m
          [36m>[39m
            [0mDrag and drop your DNA file here[0m
          [36m</p>[39m
          [36m<p[39m
            [33mstyle[39m=[32m"margin: 0px 0px 16px; font-size: 13px; color: var(--color-text-secondary, 
#5f6368);"[39m
          [36m>[39m
            [0mAccepted formats: .txt (23andMe, AncestryDNA), .vcf, and .vcf.gz[0m
          [36m</p>[39m
          [36m<button[39m
            [33mstyle[39m=[32m"display: inline-block; background: var(--mutant-accent, #1f7a3f); color: 
var(--mutant-accent-text, #ffffff); border: medium; border-radius: 8px; padding: 10px 18px; font-size: 14px; 
font-weight: 600; cursor: pointer;"[39m
            [33mtype[39m=[32m"button"[39m
          [36m>[39m
            [0mChoose DNA file[0m
          [36m</button>[39m
        [36m</div>[39m
        [36m<div[39m
          [33mstyle[39m=[32m"background: var(--color-background-secondary, #f0f9f0); border: 1px solid 
var(--color-border-secondary, #cdeacd); border-radius: 8px; padding: 12px 14px; margin: 16px 0px; font-size: 13px; 
width: 100%; max-width: none; min-width: 0px; box-sizing: border-box;"[39m
        [36m>[39m
          [36m<p[39m
            [33mstyle[39m=[32m"margin: 0px 0px 4px; font-weight: 600;"[39m
          [36m>[39m
            [0mYour raw DNA file is processed locally.[0m
          [36m</p>[39m
          [36m<p[39m
            [33mstyle[39m=[32m"margin: 0px; color: var(--color-text-secondary, #5f6368);"[39m
          [36m>[39m
            [0mOnly variants used by Mutant are submitted[0m
            [0m (2 markers in the Mutant panel)[0m
            [0m. Your file is never uploaded or stored by Mutant.[0m
          [36m</p>[39m
        [36m</div>[39m
        [36m<p[39m
          [33mstyle[39m=[32m"margin: 0px 0px 12px; font-size: 13px; color: var(--color-text-secondary, 
#5f6368);"[39m
        [36m>[39m
          [0mGenerating your analysis usually takes about 2ΓÇô3 minutes.[0m
        [36m</p>[39m
        [36m<input[39m
          [33maccept[39m=[32m".txt,.vcf,.gz,.bgz"[39m
          [33mstyle[39m=[32m"display: none;"[39m
          [33mtype[39m=[32m"file"[39m
        [36m/>[39m
      [36m</main>[39m
    [36m</div>[39m
  [36m</div>[39m
[36m</body>[39m

Ignored nodes: comments, script, style
[36m<body>[39m
  [36m<div>[39m
    [36m<div[39m
      [33mstyle[39m=[32m"font-family: ui-sans-serif, system-ui, -apple-system, \"Segoe UI\", Roboto, Helvetica, 
Arial, sans-serif; font-size: 14px; line-height: 1.5; color: var(--color-text-primary, #1a1a1a); background: 
var(--color-background-primary, #ffffff); padding: 20px 22px; width: 100%; max-width: none; min-width: 0px; 
box-sizing: border-box; --mutant-accent: #1f7a3f; --mutant-accent-text: #ffffff; --mutant-error-bg: #fdecea; 
--mutant-error-border: #f5c6cb; --mutant-error-text: #7f1d1d; --mutant-drop-active: #f0fff4;"[39m
    [36m>[39m
      [36m<main[39m
        [33mstyle[39m=[32m"display: grid; grid-template-columns: minmax(0, 1fr); width: 100%; max-width: none; 
min-width: 0px; box-sizing: border-box;"[39m
      [36m>[39m
        [36m<h1[39m
          [33mstyle[39m=[32m"font-size: 17px; font-weight: 600; margin: 0px 0px 4px;"[39m
        [36m>[39m
          [0mAdd your DNA data[0m
        [36m</h1>[39m
        [36m<div[39m
          [33mrole[39m=[32m"status"[39m
          [33mstyle[39m=[32m"background: var(--color-background-secondary, #f5f7f6); border: 1px solid 
var(--color-border-secondary, #ced4da); border-radius: 8px; padding: 12px 14px; margin: 0px 0px 14px; font-size: 13px; 
width: 100%; max-width: none; min-width: 0px; box-sizing: border-box;"[39m
        [36m>[39m
          [36m<p[39m
            [33mstyle[39m=[32m"margin: 0px 0px 4px; font-weight: 600;"[39m
          [36m>[39m
            [0mDNA data is already on file[0m
          [36m</p>[39m
          [36m<p[39m
            [33mstyle[39m=[32m"margin: 0px; color: var(--color-text-secondary, #5f6368);"[39m
          [36m>[39m
            [0mYou can ask ChatGPT about your Mutant analysis. Importing another file replaces it.[0m
          [36m</p>[39m
        [36m</div>[39m
        [36m<div[39m
          [33mstyle[39m=[32m"border-radius: 10px; padding: 26px 20px; text-align: center; background: 
var(--color-background-secondary, #fafbfc); width: 100%; max-width: none; min-width: 0px; box-sizing: border-box; 
border-color: var(--color-border-secondary, #ced4da);"[39m
        [36m>[39m
          [36m<p[39m
            [33mstyle[39m=[32m"margin: 0px 0px 4px; font-weight: 600;"[39m
          [36m>[39m
            [0mDrag and drop your DNA file here[0m
          [36m</p>[39m
          [36m<p[39m
            [33mstyle[39m=[32m"margin: 0px 0px 16px; font-size: 13px; color: var(--color-text-secondary, 
#5f6368);"[39m
          [36m>[39m
            [0mAccepted formats: .txt (23andMe, AncestryDNA), .vcf, and .vcf.gz[0m
          [36m</p>[39m
          [36m<button[39m
            [33mstyle[39m=[32m"display: inline-block; background: var(--mutant-accent, #1f7a3f); color: 
var(--mutant-accent-text, #ffffff); border: medium; border-radius: 8px; padding: 10px 18px; font-size: 14px; 
font-weight: 600; cursor: pointer;"[39m
            [33mtype[39m=[32m"button"[39m
          [36m>[39m
            [0mChoose DNA file[0m
          [36m</button>[39m
        [36m</div>[39m
        [36m<div[39m
          [33mstyle[39m=[32m"background: var(--color-background-secondary, #f0f9f0); border: 1px solid 
var(--color-border-secondary, #cdeacd); border-radius: 8px; padding: 12px 14px; margin: 16px 0px; font-size: 13px; 
width: 100%; max-width: none; min-width: 0px; box-sizing: border-box;"[39m
        [36m>[39m
          [36m<p[39m
            [33mstyle[39m=[32m"margin: 0px 0px 4px; font-weight: 600;"[39m
          [36m>[39m
            [0mYour raw DNA file is processed locally.[0m
          [36m</p>[39m
          [36m<p[39m
            [33mstyle[39m=[32m"margin: 0px; color: var(--color-text-secondary, #5f6368);"[39m
          [36m>[39m
            [0mOnly variants used by Mutant are submitted[0m
            [0m (2 markers in the Mutant panel)[0m
            [0m. Your file is never uploaded or stored by Mutant.[0m
          [36m</p>[39m
        [36m</div>[39m
        [36m<p[39m
          [33mstyle[39m=[32m"margin: 0px 0px 12px; font-size: 13px; color: var(--color-text-secondary, 
#5f6368);"[39m
        [36m>[39m
          [0mGenerating your analysis usually takes about 2ΓÇô3 minutes.[0m
        [36m</p>[39m
        [36m<input[39m
          [33maccept[39m=[32m".txt,.vcf,.gz,.bgz"[39m
          [33mstyle[39m=[32m"display: none;"[39m
          [33mtype[39m=[32m"file"[39m
        [36m/>[39m
      [36m</main>[39m
    [36m</div>[39m
  [36m</div>[39m
[36m</body>[39m
 Γ¥» waitForWrapper node_modules/@testing-library/dom/dist/wait-for.js:163:27
 Γ¥» node_modules/@testing-library/dom/dist/query-helpers.js:86:33
 Γ¥» tests/dna-import-ui.test.tsx:591:18
    589|     const bridge = renderWith({ get_analysis_status: statusResponse("fΓÇª
    590|
    591|     await screen.findByText(/We couldn't complete your analysis/i);
       |                  ^
    592|     fireEvent.click(screen.getByRole("button", { name: /try again/i })ΓÇª
    593|

ΓÄ»ΓÄ»ΓÄ»ΓÄ»ΓÄ»ΓÄ»ΓÄ»ΓÄ»ΓÄ»ΓÄ»ΓÄ»ΓÄ»ΓÄ»ΓÄ»ΓÄ»ΓÄ»ΓÄ»ΓÄ»ΓÄ»ΓÄ»ΓÄ»ΓÄ»ΓÄ»[9/24]ΓÄ»

 FAIL  tests/dna-import-ui.test.tsx > DNA import component > renders the top findings inline when the user asks for 
them
TestingLibraryElementError: Unable to find an element with the text: /Analysis ready/i. This could be because the text 
is broken up by multiple elements. In this case, you can provide a function for your text matcher to make your matcher 
more flexible.

Ignored nodes: comments, script, style
[36m<body>[39m
  [36m<div>[39m
    [36m<div[39m
      [33mstyle[39m=[32m"font-family: ui-sans-serif, system-ui, -apple-system, \"Segoe UI\", Roboto, Helvetica, 
Arial, sans-serif; font-size: 14px; line-height: 1.5; color: var(--color-text-primary, #1a1a1a); background: 
var(--color-background-primary, #ffffff); padding: 20px 22px; width: 100%; max-width: none; min-width: 0px; 
box-sizing: border-box; --mutant-accent: #1f7a3f; --mutant-accent-text: #ffffff; --mutant-error-bg: #fdecea; 
--mutant-error-border: #f5c6cb; --mutant-error-text: #7f1d1d; --mutant-drop-active: #f0fff4;"[39m
    [36m>[39m
      [36m<main[39m
        [33mstyle[39m=[32m"display: grid; grid-template-columns: minmax(0, 1fr); width: 100%; max-width: none; 
min-width: 0px; box-sizing: border-box;"[39m
      [36m>[39m
        [36m<h1[39m
          [33mstyle[39m=[32m"font-size: 17px; font-weight: 600; margin: 0px 0px 4px;"[39m
        [36m>[39m
          [0mAdd your DNA data[0m
        [36m</h1>[39m
        [36m<div[39m
          [33mrole[39m=[32m"status"[39m
          [33mstyle[39m=[32m"background: var(--color-background-secondary, #f5f7f6); border: 1px solid 
var(--color-border-secondary, #ced4da); border-radius: 8px; padding: 12px 14px; margin: 0px 0px 14px; font-size: 13px; 
width: 100%; max-width: none; min-width: 0px; box-sizing: border-box;"[39m
        [36m>[39m
          [36m<p[39m
            [33mstyle[39m=[32m"margin: 0px 0px 4px; font-weight: 600;"[39m
          [36m>[39m
            [0mDNA data is already on file[0m
          [36m</p>[39m
          [36m<p[39m
            [33mstyle[39m=[32m"margin: 0px; color: var(--color-text-secondary, #5f6368);"[39m
          [36m>[39m
            [0mYou can ask ChatGPT about your Mutant analysis. Importing another file replaces it.[0m
          [36m</p>[39m
        [36m</div>[39m
        [36m<div[39m
          [33mstyle[39m=[32m"border-radius: 10px; padding: 26px 20px; text-align: center; background: 
var(--color-background-secondary, #fafbfc); width: 100%; max-width: none; min-width: 0px; box-sizing: border-box; 
border-color: var(--color-border-secondary, #ced4da);"[39m
        [36m>[39m
          [36m<p[39m
            [33mstyle[39m=[32m"margin: 0px 0px 4px; font-weight: 600;"[39m
          [36m>[39m
            [0mDrag and drop your DNA file here[0m
          [36m</p>[39m
          [36m<p[39m
            [33mstyle[39m=[32m"margin: 0px 0px 16px; font-size: 13px; color: var(--color-text-secondary, 
#5f6368);"[39m
          [36m>[39m
            [0mAccepted formats: .txt (23andMe, AncestryDNA), .vcf, and .vcf.gz[0m
          [36m</p>[39m
          [36m<button[39m
            [33mstyle[39m=[32m"display: inline-block; background: var(--mutant-accent, #1f7a3f); color: 
var(--mutant-accent-text, #ffffff); border: medium; border-radius: 8px; padding: 10px 18px; font-size: 14px; 
font-weight: 600; cursor: pointer;"[39m
            [33mtype[39m=[32m"button"[39m
          [36m>[39m
            [0mChoose DNA file[0m
          [36m</button>[39m
        [36m</div>[39m
        [36m<div[39m
          [33mstyle[39m=[32m"background: var(--color-background-secondary, #f0f9f0); border: 1px solid 
var(--color-border-secondary, #cdeacd); border-radius: 8px; padding: 12px 14px; margin: 16px 0px; font-size: 13px; 
width: 100%; max-width: none; min-width: 0px; box-sizing: border-box;"[39m
        [36m>[39m
          [36m<p[39m
            [33mstyle[39m=[32m"margin: 0px 0px 4px; font-weight: 600;"[39m
          [36m>[39m
            [0mYour raw DNA file is processed locally.[0m
          [36m</p>[39m
          [36m<p[39m
            [33mstyle[39m=[32m"margin: 0px; color: var(--color-text-secondary, #5f6368);"[39m
          [36m>[39m
            [0mOnly variants used by Mutant are submitted[0m
            [0m (2 markers in the Mutant panel)[0m
            [0m. Your file is never uploaded or stored by Mutant.[0m
          [36m</p>[39m
        [36m</div>[39m
        [36m<p[39m
          [33mstyle[39m=[32m"margin: 0px 0px 12px; font-size: 13px; color: var(--color-text-secondary, 
#5f6368);"[39m
        [36m>[39m
          [0mGenerating your analysis usually takes about 2ΓÇô3 minutes.[0m
        [36m</p>[39m
        [36m<input[39m
          [33maccept[39m=[32m".txt,.vcf,.gz,.bgz"[39m
          [33mstyle[39m=[32m"display: none;"[39m
          [33mtype[39m=[32m"file"[39m
        [36m/>[39m
      [36m</main>[39m
    [36m</div>[39m
  [36m</div>[39m
[36m</body>[39m

Ignored nodes: comments, script, style
[36m<body>[39m
  [36m<div>[39m
    [36m<div[39m
      [33mstyle[39m=[32m"font-family: ui-sans-serif, system-ui, -apple-system, \"Segoe UI\", Roboto, Helvetica, 
Arial, sans-serif; font-size: 14px; line-height: 1.5; color: var(--color-text-primary, #1a1a1a); background: 
var(--color-background-primary, #ffffff); padding: 20px 22px; width: 100%; max-width: none; min-width: 0px; 
box-sizing: border-box; --mutant-accent: #1f7a3f; --mutant-accent-text: #ffffff; --mutant-error-bg: #fdecea; 
--mutant-error-border: #f5c6cb; --mutant-error-text: #7f1d1d; --mutant-drop-active: #f0fff4;"[39m
    [36m>[39m
      [36m<main[39m
        [33mstyle[39m=[32m"display: grid; grid-template-columns: minmax(0, 1fr); width: 100%; max-width: none; 
min-width: 0px; box-sizing: border-box;"[39m
      [36m>[39m
        [36m<h1[39m
          [33mstyle[39m=[32m"font-size: 17px; font-weight: 600; margin: 0px 0px 4px;"[39m
        [36m>[39m
          [0mAdd your DNA data[0m
        [36m</h1>[39m
        [36m<div[39m
          [33mrole[39m=[32m"status"[39m
          [33mstyle[39m=[32m"background: var(--color-background-secondary, #f5f7f6); border: 1px solid 
var(--color-border-secondary, #ced4da); border-radius: 8px; padding: 12px 14px; margin: 0px 0px 14px; font-size: 13px; 
width: 100%; max-width: none; min-width: 0px; box-sizing: border-box;"[39m
        [36m>[39m
          [36m<p[39m
            [33mstyle[39m=[32m"margin: 0px 0px 4px; font-weight: 600;"[39m
          [36m>[39m
            [0mDNA data is already on file[0m
          [36m</p>[39m
          [36m<p[39m
            [33mstyle[39m=[32m"margin: 0px; color: var(--color-text-secondary, #5f6368);"[39m
          [36m>[39m
            [0mYou can ask ChatGPT about your Mutant analysis. Importing another file replaces it.[0m
          [36m</p>[39m
        [36m</div>[39m
        [36m<div[39m
          [33mstyle[39m=[32m"border-radius: 10px; padding: 26px 20px; text-align: center; background: 
var(--color-background-secondary, #fafbfc); width: 100%; max-width: none; min-width: 0px; box-sizing: border-box; 
border-color: var(--color-border-secondary, #ced4da);"[39m
        [36m>[39m
          [36m<p[39m
            [33mstyle[39m=[32m"margin: 0px 0px 4px; font-weight: 600;"[39m
          [36m>[39m
            [0mDrag and drop your DNA file here[0m
          [36m</p>[39m
          [36m<p[39m
            [33mstyle[39m=[32m"margin: 0px 0px 16px; font-size: 13px; color: var(--color-text-secondary, 
#5f6368);"[39m
          [36m>[39m
            [0mAccepted formats: .txt (23andMe, AncestryDNA), .vcf, and .vcf.gz[0m
          [36m</p>[39m
          [36m<button[39m
            [33mstyle[39m=[32m"display: inline-block; background: var(--mutant-accent, #1f7a3f); color: 
var(--mutant-accent-text, #ffffff); border: medium; border-radius: 8px; padding: 10px 18px; font-size: 14px; 
font-weight: 600; cursor: pointer;"[39m
            [33mtype[39m=[32m"button"[39m
          [36m>[39m
            [0mChoose DNA file[0m
          [36m</button>[39m
        [36m</div>[39m
        [36m<div[39m
          [33mstyle[39m=[32m"background: var(--color-background-secondary, #f0f9f0); border: 1px solid 
var(--color-border-secondary, #cdeacd); border-radius: 8px; padding: 12px 14px; margin: 16px 0px; font-size: 13px; 
width: 100%; max-width: none; min-width: 0px; box-sizing: border-box;"[39m
        [36m>[39m
          [36m<p[39m
            [33mstyle[39m=[32m"margin: 0px 0px 4px; font-weight: 600;"[39m
          [36m>[39m
            [0mYour raw DNA file is processed locally.[0m
          [36m</p>[39m
          [36m<p[39m
            [33mstyle[39m=[32m"margin: 0px; color: var(--color-text-secondary, #5f6368);"[39m
          [36m>[39m
            [0mOnly variants used by Mutant are submitted[0m
            [0m (2 markers in the Mutant panel)[0m
            [0m. Your file is never uploaded or stored by Mutant.[0m
          [36m</p>[39m
        [36m</div>[39m
        [36m<p[39m
          [33mstyle[39m=[32m"margin: 0px 0px 12px; font-size: 13px; color: var(--color-text-secondary, 
#5f6368);"[39m
        [36m>[39m
          [0mGenerating your analysis usually takes about 2ΓÇô3 minutes.[0m
        [36m</p>[39m
        [36m<input[39m
          [33maccept[39m=[32m".txt,.vcf,.gz,.bgz"[39m
          [33mstyle[39m=[32m"display: none;"[39m
          [33mtype[39m=[32m"file"[39m
        [36m/>[39m
      [36m</main>[39m
    [36m</div>[39m
  [36m</div>[39m
[36m</body>[39m
 Γ¥» waitForWrapper node_modules/@testing-library/dom/dist/wait-for.js:163:27
 Γ¥» node_modules/@testing-library/dom/dist/query-helpers.js:86:33
 Γ¥» tests/dna-import-ui.test.tsx:601:18
    599|     const bridge = renderWith({ get_analysis_status: statusResponse("rΓÇª
    600|
    601|     await screen.findByText(/Analysis ready/i);
       |                  ^
    602|     fireEvent.click(screen.getByRole("button", { name: /view my top 3 ΓÇª
    603|

ΓÄ»ΓÄ»ΓÄ»ΓÄ»ΓÄ»ΓÄ»ΓÄ»ΓÄ»ΓÄ»ΓÄ»ΓÄ»ΓÄ»ΓÄ»ΓÄ»ΓÄ»ΓÄ»ΓÄ»ΓÄ»ΓÄ»ΓÄ»ΓÄ»ΓÄ»[10/24]ΓÄ»

 FAIL  tests/dna-import-ui.test.tsx > DNA import component > hands a finding to ChatGPT only when the user asks
TestingLibraryElementError: Unable to find an element with the text: /Analysis ready/i. This could be because the text 
is broken up by multiple elements. In this case, you can provide a function for your text matcher to make your matcher 
more flexible.

Ignored nodes: comments, script, style
[36m<body>[39m
  [36m<div>[39m
    [36m<div[39m
      [33mstyle[39m=[32m"font-family: ui-sans-serif, system-ui, -apple-system, \"Segoe UI\", Roboto, Helvetica, 
Arial, sans-serif; font-size: 14px; line-height: 1.5; color: var(--color-text-primary, #1a1a1a); background: 
var(--color-background-primary, #ffffff); padding: 20px 22px; width: 100%; max-width: none; min-width: 0px; 
box-sizing: border-box; --mutant-accent: #1f7a3f; --mutant-accent-text: #ffffff; --mutant-error-bg: #fdecea; 
--mutant-error-border: #f5c6cb; --mutant-error-text: #7f1d1d; --mutant-drop-active: #f0fff4;"[39m
    [36m>[39m
      [36m<main[39m
        [33mstyle[39m=[32m"display: grid; grid-template-columns: minmax(0, 1fr); width: 100%; max-width: none; 
min-width: 0px; box-sizing: border-box;"[39m
      [36m>[39m
        [36m<h1[39m
          [33mstyle[39m=[32m"font-size: 17px; font-weight: 600; margin: 0px 0px 4px;"[39m
        [36m>[39m
          [0mAdd your DNA data[0m
        [36m</h1>[39m
        [36m<div[39m
          [33mrole[39m=[32m"status"[39m
          [33mstyle[39m=[32m"background: var(--color-background-secondary, #f5f7f6); border: 1px solid 
var(--color-border-secondary, #ced4da); border-radius: 8px; padding: 12px 14px; margin: 0px 0px 14px; font-size: 13px; 
width: 100%; max-width: none; min-width: 0px; box-sizing: border-box;"[39m
        [36m>[39m
          [36m<p[39m
            [33mstyle[39m=[32m"margin: 0px 0px 4px; font-weight: 600;"[39m
          [36m>[39m
            [0mDNA data is already on file[0m
          [36m</p>[39m
          [36m<p[39m
            [33mstyle[39m=[32m"margin: 0px; color: var(--color-text-secondary, #5f6368);"[39m
          [36m>[39m
            [0mYou can ask ChatGPT about your Mutant analysis. Importing another file replaces it.[0m
          [36m</p>[39m
        [36m</div>[39m
        [36m<div[39m
          [33mstyle[39m=[32m"border-radius: 10px; padding: 26px 20px; text-align: center; background: 
var(--color-background-secondary, #fafbfc); width: 100%; max-width: none; min-width: 0px; box-sizing: border-box; 
border-color: var(--color-border-secondary, #ced4da);"[39m
        [36m>[39m
          [36m<p[39m
            [33mstyle[39m=[32m"margin: 0px 0px 4px; font-weight: 600;"[39m
          [36m>[39m
            [0mDrag and drop your DNA file here[0m
          [36m</p>[39m
          [36m<p[39m
            [33mstyle[39m=[32m"margin: 0px 0px 16px; font-size: 13px; color: var(--color-text-secondary, 
#5f6368);"[39m
          [36m>[39m
            [0mAccepted formats: .txt (23andMe, AncestryDNA), .vcf, and .vcf.gz[0m
          [36m</p>[39m
          [36m<button[39m
            [33mstyle[39m=[32m"display: inline-block; background: var(--mutant-accent, #1f7a3f); color: 
var(--mutant-accent-text, #ffffff); border: medium; border-radius: 8px; padding: 10px 18px; font-size: 14px; 
font-weight: 600; cursor: pointer;"[39m
            [33mtype[39m=[32m"button"[39m
          [36m>[39m
            [0mChoose DNA file[0m
          [36m</button>[39m
        [36m</div>[39m
        [36m<div[39m
          [33mstyle[39m=[32m"background: var(--color-background-secondary, #f0f9f0); border: 1px solid 
var(--color-border-secondary, #cdeacd); border-radius: 8px; padding: 12px 14px; margin: 16px 0px; font-size: 13px; 
width: 100%; max-width: none; min-width: 0px; box-sizing: border-box;"[39m
        [36m>[39m
          [36m<p[39m
            [33mstyle[39m=[32m"margin: 0px 0px 4px; font-weight: 600;"[39m
          [36m>[39m
            [0mYour raw DNA file is processed locally.[0m
          [36m</p>[39m
          [36m<p[39m
            [33mstyle[39m=[32m"margin: 0px; color: var(--color-text-secondary, #5f6368);"[39m
          [36m>[39m
            [0mOnly variants used by Mutant are submitted[0m
            [0m (2 markers in the Mutant panel)[0m
            [0m. Your file is never uploaded or stored by Mutant.[0m
          [36m</p>[39m
        [36m</div>[39m
        [36m<p[39m
          [33mstyle[39m=[32m"margin: 0px 0px 12px; font-size: 13px; color: var(--color-text-secondary, 
#5f6368);"[39m
        [36m>[39m
          [0mGenerating your analysis usually takes about 2ΓÇô3 minutes.[0m
        [36m</p>[39m
        [36m<input[39m
          [33maccept[39m=[32m".txt,.vcf,.gz,.bgz"[39m
          [33mstyle[39m=[32m"display: none;"[39m
          [33mtype[39m=[32m"file"[39m
        [36m/>[39m
      [36m</main>[39m
    [36m</div>[39m
  [36m</div>[39m
[36m</body>[39m

Ignored nodes: comments, script, style
[36m<body>[39m
  [36m<div>[39m
    [36m<div[39m
      [33mstyle[39m=[32m"font-family: ui-sans-serif, system-ui, -apple-system, \"Segoe UI\", Roboto, Helvetica, 
Arial, sans-serif; font-size: 14px; line-height: 1.5; color: var(--color-text-primary, #1a1a1a); background: 
var(--color-background-primary, #ffffff); padding: 20px 22px; width: 100%; max-width: none; min-width: 0px; 
box-sizing: border-box; --mutant-accent: #1f7a3f; --mutant-accent-text: #ffffff; --mutant-error-bg: #fdecea; 
--mutant-error-border: #f5c6cb; --mutant-error-text: #7f1d1d; --mutant-drop-active: #f0fff4;"[39m
    [36m>[39m
      [36m<main[39m
        [33mstyle[39m=[32m"display: grid; grid-template-columns: minmax(0, 1fr); width: 100%; max-width: none; 
min-width: 0px; box-sizing: border-box;"[39m
      [36m>[39m
        [36m<h1[39m
          [33mstyle[39m=[32m"font-size: 17px; font-weight: 600; margin: 0px 0px 4px;"[39m
        [36m>[39m
          [0mAdd your DNA data[0m
        [36m</h1>[39m
        [36m<div[39m
          [33mrole[39m=[32m"status"[39m
          [33mstyle[39m=[32m"background: var(--color-background-secondary, #f5f7f6); border: 1px solid 
var(--color-border-secondary, #ced4da); border-radius: 8px; padding: 12px 14px; margin: 0px 0px 14px; font-size: 13px; 
width: 100%; max-width: none; min-width: 0px; box-sizing: border-box;"[39m
        [36m>[39m
          [36m<p[39m
            [33mstyle[39m=[32m"margin: 0px 0px 4px; font-weight: 600;"[39m
          [36m>[39m
            [0mDNA data is already on file[0m
          [36m</p>[39m
          [36m<p[39m
            [33mstyle[39m=[32m"margin: 0px; color: var(--color-text-secondary, #5f6368);"[39m
          [36m>[39m
            [0mYou can ask ChatGPT about your Mutant analysis. Importing another file replaces it.[0m
          [36m</p>[39m
        [36m</div>[39m
        [36m<div[39m
          [33mstyle[39m=[32m"border-radius: 10px; padding: 26px 20px; text-align: center; background: 
var(--color-background-secondary, #fafbfc); width: 100%; max-width: none; min-width: 0px; box-sizing: border-box; 
border-color: var(--color-border-secondary, #ced4da);"[39m
        [36m>[39m
          [36m<p[39m
            [33mstyle[39m=[32m"margin: 0px 0px 4px; font-weight: 600;"[39m
          [36m>[39m
            [0mDrag and drop your DNA file here[0m
          [36m</p>[39m
          [36m<p[39m
            [33mstyle[39m=[32m"margin: 0px 0px 16px; font-size: 13px; color: var(--color-text-secondary, 
#5f6368);"[39m
          [36m>[39m
            [0mAccepted formats: .txt (23andMe, AncestryDNA), .vcf, and .vcf.gz[0m
          [36m</p>[39m
          [36m<button[39m
            [33mstyle[39m=[32m"display: inline-block; background: var(--mutant-accent, #1f7a3f); color: 
var(--mutant-accent-text, #ffffff); border: medium; border-radius: 8px; padding: 10px 18px; font-size: 14px; 
font-weight: 600; cursor: pointer;"[39m
            [33mtype[39m=[32m"button"[39m
          [36m>[39m
            [0mChoose DNA file[0m
          [36m</button>[39m
        [36m</div>[39m
        [36m<div[39m
          [33mstyle[39m=[32m"background: var(--color-background-secondary, #f0f9f0); border: 1px solid 
var(--color-border-secondary, #cdeacd); border-radius: 8px; padding: 12px 14px; margin: 16px 0px; font-size: 13px; 
width: 100%; max-width: none; min-width: 0px; box-sizing: border-box;"[39m
        [36m>[39m
          [36m<p[39m
            [33mstyle[39m=[32m"margin: 0px 0px 4px; font-weight: 600;"[39m
          [36m>[39m
            [0mYour raw DNA file is processed locally.[0m
          [36m</p>[39m
          [36m<p[39m
            [33mstyle[39m=[32m"margin: 0px; color: var(--color-text-secondary, #5f6368);"[39m
          [36m>[39m
            [0mOnly variants used by Mutant are submitted[0m
            [0m (2 markers in the Mutant panel)[0m
            [0m. Your file is never uploaded or stored by Mutant.[0m
          [36m</p>[39m
        [36m</div>[39m
        [36m<p[39m
          [33mstyle[39m=[32m"margin: 0px 0px 12px; font-size: 13px; color: var(--color-text-secondary, 
#5f6368);"[39m
        [36m>[39m
          [0mGenerating your analysis usually takes about 2ΓÇô3 minutes.[0m
        [36m</p>[39m
        [36m<input[39m
          [33maccept[39m=[32m".txt,.vcf,.gz,.bgz"[39m
          [33mstyle[39m=[32m"display: none;"[39m
          [33mtype[39m=[32m"file"[39m
        [36m/>[39m
      [36m</main>[39m
    [36m</div>[39m
  [36m</div>[39m
[36m</body>[39m
 Γ¥» waitForWrapper node_modules/@testing-library/dom/dist/wait-for.js:163:27
 Γ¥» node_modules/@testing-library/dom/dist/query-helpers.js:86:33
 Γ¥» tests/dna-import-ui.test.tsx:620:18
    618|     const bridge = renderWith({ get_analysis_status: statusResponse("rΓÇª
    619|
    620|     await screen.findByText(/Analysis ready/i);
       |                  ^
    621|     fireEvent.click(screen.getByRole("button", { name: /view my top 3 ΓÇª
    622|     await screen.findByText(/Alpha finding/i);

ΓÄ»ΓÄ»ΓÄ»ΓÄ»ΓÄ»ΓÄ»ΓÄ»ΓÄ»ΓÄ»ΓÄ»ΓÄ»ΓÄ»ΓÄ»ΓÄ»ΓÄ»ΓÄ»ΓÄ»ΓÄ»ΓÄ»ΓÄ»ΓÄ»ΓÄ»[11/24]ΓÄ»

 FAIL  tests/dna-import-ui.test.tsx > DNA import component > renders state-aware prompt chips and sends one on click
TestingLibraryElementError: Unable to find an element with the text: /Analysis ready/i. This could be because the text 
is broken up by multiple elements. In this case, you can provide a function for your text matcher to make your matcher 
more flexible.

Ignored nodes: comments, script, style
[36m<body>[39m
  [36m<div>[39m
    [36m<div[39m
      [33mstyle[39m=[32m"font-family: ui-sans-serif, system-ui, -apple-system, \"Segoe UI\", Roboto, Helvetica, 
Arial, sans-serif; font-size: 14px; line-height: 1.5; color: var(--color-text-primary, #1a1a1a); background: 
var(--color-background-primary, #ffffff); padding: 20px 22px; width: 100%; max-width: none; min-width: 0px; 
box-sizing: border-box; --mutant-accent: #1f7a3f; --mutant-accent-text: #ffffff; --mutant-error-bg: #fdecea; 
--mutant-error-border: #f5c6cb; --mutant-error-text: #7f1d1d; --mutant-drop-active: #f0fff4;"[39m
    [36m>[39m
      [36m<main[39m
        [33mstyle[39m=[32m"display: grid; grid-template-columns: minmax(0, 1fr); width: 100%; max-width: none; 
min-width: 0px; box-sizing: border-box;"[39m
      [36m>[39m
        [36m<h1[39m
          [33mstyle[39m=[32m"font-size: 17px; font-weight: 600; margin: 0px 0px 4px;"[39m
        [36m>[39m
          [0mAdd your DNA data[0m
        [36m</h1>[39m
        [36m<div[39m
          [33mrole[39m=[32m"status"[39m
          [33mstyle[39m=[32m"background: var(--color-background-secondary, #f5f7f6); border: 1px solid 
var(--color-border-secondary, #ced4da); border-radius: 8px; padding: 12px 14px; margin: 0px 0px 14px; font-size: 13px; 
width: 100%; max-width: none; min-width: 0px; box-sizing: border-box;"[39m
        [36m>[39m
          [36m<p[39m
            [33mstyle[39m=[32m"margin: 0px 0px 4px; font-weight: 600;"[39m
          [36m>[39m
            [0mDNA data is already on file[0m
          [36m</p>[39m
          [36m<p[39m
            [33mstyle[39m=[32m"margin: 0px; color: var(--color-text-secondary, #5f6368);"[39m
          [36m>[39m
            [0mYou can ask ChatGPT about your Mutant analysis. Importing another file replaces it.[0m
          [36m</p>[39m
        [36m</div>[39m
        [36m<div[39m
          [33mstyle[39m=[32m"border-radius: 10px; padding: 26px 20px; text-align: center; background: 
var(--color-background-secondary, #fafbfc); width: 100%; max-width: none; min-width: 0px; box-sizing: border-box; 
border-color: var(--color-border-secondary, #ced4da);"[39m
        [36m>[39m
          [36m<p[39m
            [33mstyle[39m=[32m"margin: 0px 0px 4px; font-weight: 600;"[39m
          [36m>[39m
            [0mDrag and drop your DNA file here[0m
          [36m</p>[39m
          [36m<p[39m
            [33mstyle[39m=[32m"margin: 0px 0px 16px; font-size: 13px; color: var(--color-text-secondary, 
#5f6368);"[39m
          [36m>[39m
            [0mAccepted formats: .txt (23andMe, AncestryDNA), .vcf, and .vcf.gz[0m
          [36m</p>[39m
          [36m<button[39m
            [33mstyle[39m=[32m"display: inline-block; background: var(--mutant-accent, #1f7a3f); color: 
var(--mutant-accent-text, #ffffff); border: medium; border-radius: 8px; padding: 10px 18px; font-size: 14px; 
font-weight: 600; cursor: pointer;"[39m
            [33mtype[39m=[32m"button"[39m
          [36m>[39m
            [0mChoose DNA file[0m
          [36m</button>[39m
        [36m</div>[39m
        [36m<div[39m
          [33mstyle[39m=[32m"background: var(--color-background-secondary, #f0f9f0); border: 1px solid 
var(--color-border-secondary, #cdeacd); border-radius: 8px; padding: 12px 14px; margin: 16px 0px; font-size: 13px; 
width: 100%; max-width: none; min-width: 0px; box-sizing: border-box;"[39m
        [36m>[39m
          [36m<p[39m
            [33mstyle[39m=[32m"margin: 0px 0px 4px; font-weight: 600;"[39m
          [36m>[39m
            [0mYour raw DNA file is processed locally.[0m
          [36m</p>[39m
          [36m<p[39m
            [33mstyle[39m=[32m"margin: 0px; color: var(--color-text-secondary, #5f6368);"[39m
          [36m>[39m
            [0mOnly variants used by Mutant are submitted[0m
            [0m (2 markers in the Mutant panel)[0m
            [0m. Your file is never uploaded or stored by Mutant.[0m
          [36m</p>[39m
        [36m</div>[39m
        [36m<p[39m
          [33mstyle[39m=[32m"margin: 0px 0px 12px; font-size: 13px; color: var(--color-text-secondary, 
#5f6368);"[39m
        [36m>[39m
          [0mGenerating your analysis usually takes about 2ΓÇô3 minutes.[0m
        [36m</p>[39m
        [36m<input[39m
          [33maccept[39m=[32m".txt,.vcf,.gz,.bgz"[39m
          [33mstyle[39m=[32m"display: none;"[39m
          [33mtype[39m=[32m"file"[39m
        [36m/>[39m
      [36m</main>[39m
    [36m</div>[39m
  [36m</div>[39m
[36m</body>[39m

Ignored nodes: comments, script, style
[36m<body>[39m
  [36m<div>[39m
    [36m<div[39m
      [33mstyle[39m=[32m"font-family: ui-sans-serif, system-ui, -apple-system, \"Segoe UI\", Roboto, Helvetica, 
Arial, sans-serif; font-size: 14px; line-height: 1.5; color: var(--color-text-primary, #1a1a1a); background: 
var(--color-background-primary, #ffffff); padding: 20px 22px; width: 100%; max-width: none; min-width: 0px; 
box-sizing: border-box; --mutant-accent: #1f7a3f; --mutant-accent-text: #ffffff; --mutant-error-bg: #fdecea; 
--mutant-error-border: #f5c6cb; --mutant-error-text: #7f1d1d; --mutant-drop-active: #f0fff4;"[39m
    [36m>[39m
      [36m<main[39m
        [33mstyle[39m=[32m"display: grid; grid-template-columns: minmax(0, 1fr); width: 100%; max-width: none; 
min-width: 0px; box-sizing: border-box;"[39m
      [36m>[39m
        [36m<h1[39m
          [33mstyle[39m=[32m"font-size: 17px; font-weight: 600; margin: 0px 0px 4px;"[39m
        [36m>[39m
          [0mAdd your DNA data[0m
        [36m</h1>[39m
        [36m<div[39m
          [33mrole[39m=[32m"status"[39m
          [33mstyle[39m=[32m"background: var(--color-background-secondary, #f5f7f6); border: 1px solid 
var(--color-border-secondary, #ced4da); border-radius: 8px; padding: 12px 14px; margin: 0px 0px 14px; font-size: 13px; 
width: 100%; max-width: none; min-width: 0px; box-sizing: border-box;"[39m
        [36m>[39m
          [36m<p[39m
            [33mstyle[39m=[32m"margin: 0px 0px 4px; font-weight: 600;"[39m
          [36m>[39m
            [0mDNA data is already on file[0m
          [36m</p>[39m
          [36m<p[39m
            [33mstyle[39m=[32m"margin: 0px; color: var(--color-text-secondary, #5f6368);"[39m
          [36m>[39m
            [0mYou can ask ChatGPT about your Mutant analysis. Importing another file replaces it.[0m
          [36m</p>[39m
        [36m</div>[39m
        [36m<div[39m
          [33mstyle[39m=[32m"border-radius: 10px; padding: 26px 20px; text-align: center; background: 
var(--color-background-secondary, #fafbfc); width: 100%; max-width: none; min-width: 0px; box-sizing: border-box; 
border-color: var(--color-border-secondary, #ced4da);"[39m
        [36m>[39m
          [36m<p[39m
            [33mstyle[39m=[32m"margin: 0px 0px 4px; font-weight: 600;"[39m
          [36m>[39m
            [0mDrag and drop your DNA file here[0m
          [36m</p>[39m
          [36m<p[39m
            [33mstyle[39m=[32m"margin: 0px 0px 16px; font-size: 13px; color: var(--color-text-secondary, 
#5f6368);"[39m
          [36m>[39m
            [0mAccepted formats: .txt (23andMe, AncestryDNA), .vcf, and .vcf.gz[0m
          [36m</p>[39m
          [36m<button[39m
            [33mstyle[39m=[32m"display: inline-block; background: var(--mutant-accent, #1f7a3f); color: 
var(--mutant-accent-text, #ffffff); border: medium; border-radius: 8px; padding: 10px 18px; font-size: 14px; 
font-weight: 600; cursor: pointer;"[39m
            [33mtype[39m=[32m"button"[39m
          [36m>[39m
            [0mChoose DNA file[0m
          [36m</button>[39m
        [36m</div>[39m
        [36m<div[39m
          [33mstyle[39m=[32m"background: var(--color-background-secondary, #f0f9f0); border: 1px solid 
var(--color-border-secondary, #cdeacd); border-radius: 8px; padding: 12px 14px; margin: 16px 0px; font-size: 13px; 
width: 100%; max-width: none; min-width: 0px; box-sizing: border-box;"[39m
        [36m>[39m
          [36m<p[39m
            [33mstyle[39m=[32m"margin: 0px 0px 4px; font-weight: 600;"[39m
          [36m>[39m
            [0mYour raw DNA file is processed locally.[0m
          [36m</p>[39m
          [36m<p[39m
            [33mstyle[39m=[32m"margin: 0px; color: var(--color-text-secondary, #5f6368);"[39m
          [36m>[39m
            [0mOnly variants used by Mutant are submitted[0m
            [0m (2 markers in the Mutant panel)[0m
            [0m. Your file is never uploaded or stored by Mutant.[0m
          [36m</p>[39m
        [36m</div>[39m
        [36m<p[39m
          [33mstyle[39m=[32m"margin: 0px 0px 12px; font-size: 13px; color: var(--color-text-secondary, 
#5f6368);"[39m
        [36m>[39m
          [0mGenerating your analysis usually takes about 2ΓÇô3 minutes.[0m
        [36m</p>[39m
        [36m<input[39m
          [33maccept[39m=[32m".txt,.vcf,.gz,.bgz"[39m
          [33mstyle[39m=[32m"display: none;"[39m
          [33mtype[39m=[32m"file"[39m
        [36m/>[39m
      [36m</main>[39m
    [36m</div>[39m
  [36m</div>[39m
[36m</body>[39m
 Γ¥» waitForWrapper node_modules/@testing-library/dom/dist/wait-for.js:163:27
 Γ¥» node_modules/@testing-library/dom/dist/query-helpers.js:86:33
 Γ¥» tests/dna-import-ui.test.tsx:669:18
    667|     });
    668|
    669|     await screen.findByText(/Analysis ready/i);
       |                  ^
    670|     fireEvent.click(screen.getByRole("button", { name: /view my top 3 ΓÇª
    671|     await screen.findByText(/Alpha finding/i);

ΓÄ»ΓÄ»ΓÄ»ΓÄ»ΓÄ»ΓÄ»ΓÄ»ΓÄ»ΓÄ»ΓÄ»ΓÄ»ΓÄ»ΓÄ»ΓÄ»ΓÄ»ΓÄ»ΓÄ»ΓÄ»ΓÄ»ΓÄ»ΓÄ»ΓÄ»[12/24]ΓÄ»

 FAIL  tests/dna-import-ui.test.tsx > DNA import component > opens the overview route with findings and hints already 
visible
TestingLibraryElementError: Unable to find an element with the text: /Alpha finding/i. This could be because the text 
is broken up by multiple elements. In this case, you can provide a function for your text matcher to make your matcher 
more flexible.

Ignored nodes: comments, script, style
[36m<body>[39m
  [36m<div>[39m
    [36m<div[39m
      [33mstyle[39m=[32m"font-family: ui-sans-serif, system-ui, -apple-system, \"Segoe UI\", Roboto, Helvetica, 
Arial, sans-serif; font-size: 14px; line-height: 1.5; color: var(--color-text-primary, #1a1a1a); background: 
var(--color-background-primary, #ffffff); padding: 20px 22px; width: 100%; max-width: none; min-width: 0px; 
box-sizing: border-box; --mutant-accent: #1f7a3f; --mutant-accent-text: #ffffff; --mutant-error-bg: #fdecea; 
--mutant-error-border: #f5c6cb; --mutant-error-text: #7f1d1d; --mutant-drop-active: #f0fff4;"[39m
    [36m>[39m
      [36m<main[39m
        [33mstyle[39m=[32m"display: grid; grid-template-columns: minmax(0, 1fr); width: 100%; max-width: none; 
min-width: 0px; box-sizing: border-box;"[39m
      [36m>[39m
        [36m<h1[39m
          [33mstyle[39m=[32m"font-size: 17px; font-weight: 600; margin: 0px 0px 4px;"[39m
        [36m>[39m
          [0mAdd your DNA data[0m
        [36m</h1>[39m
        [36m<div[39m
          [33mrole[39m=[32m"status"[39m
          [33mstyle[39m=[32m"background: var(--color-background-secondary, #f5f7f6); border: 1px solid 
var(--color-border-secondary, #ced4da); border-radius: 8px; padding: 12px 14px; margin: 0px 0px 14px; font-size: 13px; 
width: 100%; max-width: none; min-width: 0px; box-sizing: border-box;"[39m
        [36m>[39m
          [36m<p[39m
            [33mstyle[39m=[32m"margin: 0px 0px 4px; font-weight: 600;"[39m
          [36m>[39m
            [0mDNA data is already on file[0m
          [36m</p>[39m
          [36m<p[39m
            [33mstyle[39m=[32m"margin: 0px; color: var(--color-text-secondary, #5f6368);"[39m
          [36m>[39m
            [0mYou can ask ChatGPT about your Mutant analysis. Importing another file replaces it.[0m
          [36m</p>[39m
        [36m</div>[39m
        [36m<div[39m
          [33mstyle[39m=[32m"border-radius: 10px; padding: 26px 20px; text-align: center; background: 
var(--color-background-secondary, #fafbfc); width: 100%; max-width: none; min-width: 0px; box-sizing: border-box; 
border-color: var(--color-border-secondary, #ced4da);"[39m
        [36m>[39m
          [36m<p[39m
            [33mstyle[39m=[32m"margin: 0px 0px 4px; font-weight: 600;"[39m
          [36m>[39m
            [0mDrag and drop your DNA file here[0m
          [36m</p>[39m
          [36m<p[39m
            [33mstyle[39m=[32m"margin: 0px 0px 16px; font-size: 13px; color: var(--color-text-secondary, 
#5f6368);"[39m
          [36m>[39m
            [0mAccepted formats: .txt (23andMe, AncestryDNA), .vcf, and .vcf.gz[0m
          [36m</p>[39m
          [36m<button[39m
            [33mstyle[39m=[32m"display: inline-block; background: var(--mutant-accent, #1f7a3f); color: 
var(--mutant-accent-text, #ffffff); border: medium; border-radius: 8px; padding: 10px 18px; font-size: 14px; 
font-weight: 600; cursor: pointer;"[39m
            [33mtype[39m=[32m"button"[39m
          [36m>[39m
            [0mChoose DNA file[0m
          [36m</button>[39m
        [36m</div>[39m
        [36m<div[39m
          [33mstyle[39m=[32m"background: var(--color-background-secondary, #f0f9f0); border: 1px solid 
var(--color-border-secondary, #cdeacd); border-radius: 8px; padding: 12px 14px; margin: 16px 0px; font-size: 13px; 
width: 100%; max-width: none; min-width: 0px; box-sizing: border-box;"[39m
        [36m>[39m
          [36m<p[39m
            [33mstyle[39m=[32m"margin: 0px 0px 4px; font-weight: 600;"[39m
          [36m>[39m
            [0mYour raw DNA file is processed locally.[0m
          [36m</p>[39m
          [36m<p[39m
            [33mstyle[39m=[32m"margin: 0px; color: var(--color-text-secondary, #5f6368);"[39m
          [36m>[39m
            [0mOnly variants used by Mutant are submitted[0m
            [0m (2 markers in the Mutant panel)[0m
            [0m. Your file is never uploaded or stored by Mutant.[0m
          [36m</p>[39m
        [36m</div>[39m
        [36m<p[39m
          [33mstyle[39m=[32m"margin: 0px 0px 12px; font-size: 13px; color: var(--color-text-secondary, 
#5f6368);"[39m
        [36m>[39m
          [0mGenerating your analysis usually takes about 2ΓÇô3 minutes.[0m
        [36m</p>[39m
        [36m<input[39m
          [33maccept[39m=[32m".txt,.vcf,.gz,.bgz"[39m
          [33mstyle[39m=[32m"display: none;"[39m
          [33mtype[39m=[32m"file"[39m
        [36m/>[39m
      [36m</main>[39m
    [36m</div>[39m
  [36m</div>[39m
[36m</body>[39m

Ignored nodes: comments, script, style
[36m<body>[39m
  [36m<div>[39m
    [36m<div[39m
      [33mstyle[39m=[32m"font-family: ui-sans-serif, system-ui, -apple-system, \"Segoe UI\", Roboto, Helvetica, 
Arial, sans-serif; font-size: 14px; line-height: 1.5; color: var(--color-text-primary, #1a1a1a); background: 
var(--color-background-primary, #ffffff); padding: 20px 22px; width: 100%; max-width: none; min-width: 0px; 
box-sizing: border-box; --mutant-accent: #1f7a3f; --mutant-accent-text: #ffffff; --mutant-error-bg: #fdecea; 
--mutant-error-border: #f5c6cb; --mutant-error-text: #7f1d1d; --mutant-drop-active: #f0fff4;"[39m
    [36m>[39m
      [36m<main[39m
        [33mstyle[39m=[32m"display: grid; grid-template-columns: minmax(0, 1fr); width: 100%; max-width: none; 
min-width: 0px; box-sizing: border-box;"[39m
      [36m>[39m
        [36m<h1[39m
          [33mstyle[39m=[32m"font-size: 17px; font-weight: 600; margin: 0px 0px 4px;"[39m
        [36m>[39m
          [0mAdd your DNA data[0m
        [36m</h1>[39m
        [36m<div[39m
          [33mrole[39m=[32m"status"[39m
          [33mstyle[39m=[32m"background: var(--color-background-secondary, #f5f7f6); border: 1px solid 
var(--color-border-secondary, #ced4da); border-radius: 8px; padding: 12px 14px; margin: 0px 0px 14px; font-size: 13px; 
width: 100%; max-width: none; min-width: 0px; box-sizing: border-box;"[39m
        [36m>[39m
          [36m<p[39m
            [33mstyle[39m=[32m"margin: 0px 0px 4px; font-weight: 600;"[39m
          [36m>[39m
            [0mDNA data is already on file[0m
          [36m</p>[39m
          [36m<p[39m
            [33mstyle[39m=[32m"margin: 0px; color: var(--color-text-secondary, #5f6368);"[39m
          [36m>[39m
            [0mYou can ask ChatGPT about your Mutant analysis. Importing another file replaces it.[0m
          [36m</p>[39m
        [36m</div>[39m
        [36m<div[39m
          [33mstyle[39m=[32m"border-radius: 10px; padding: 26px 20px; text-align: center; background: 
var(--color-background-secondary, #fafbfc); width: 100%; max-width: none; min-width: 0px; box-sizing: border-box; 
border-color: var(--color-border-secondary, #ced4da);"[39m
        [36m>[39m
          [36m<p[39m
            [33mstyle[39m=[32m"margin: 0px 0px 4px; font-weight: 600;"[39m
          [36m>[39m
            [0mDrag and drop your DNA file here[0m
          [36m</p>[39m
          [36m<p[39m
            [33mstyle[39m=[32m"margin: 0px 0px 16px; font-size: 13px; color: var(--color-text-secondary, 
#5f6368);"[39m
          [36m>[39m
            [0mAccepted formats: .txt (23andMe, AncestryDNA), .vcf, and .vcf.gz[0m
          [36m</p>[39m
          [36m<button[39m
            [33mstyle[39m=[32m"display: inline-block; background: var(--mutant-accent, #1f7a3f); color: 
var(--mutant-accent-text, #ffffff); border: medium; border-radius: 8px; padding: 10px 18px; font-size: 14px; 
font-weight: 600; cursor: pointer;"[39m
            [33mtype[39m=[32m"button"[39m
          [36m>[39m
            [0mChoose DNA file[0m
          [36m</button>[39m
        [36m</div>[39m
        [36m<div[39m
          [33mstyle[39m=[32m"background: var(--color-background-secondary, #f0f9f0); border: 1px solid 
var(--color-border-secondary, #cdeacd); border-radius: 8px; padding: 12px 14px; margin: 16px 0px; font-size: 13px; 
width: 100%; max-width: none; min-width: 0px; box-sizing: border-box;"[39m
        [36m>[39m
          [36m<p[39m
            [33mstyle[39m=[32m"margin: 0px 0px 4px; font-weight: 600;"[39m
          [36m>[39m
            [0mYour raw DNA file is processed locally.[0m
          [36m</p>[39m
          [36m<p[39m
            [33mstyle[39m=[32m"margin: 0px; color: var(--color-text-secondary, #5f6368);"[39m
          [36m>[39m
            [0mOnly variants used by Mutant are submitted[0m
            [0m (2 markers in the Mutant panel)[0m
            [0m. Your file is never uploaded or stored by Mutant.[0m
          [36m</p>[39m
        [36m</div>[39m
        [36m<p[39m
          [33mstyle[39m=[32m"margin: 0px 0px 12px; font-size: 13px; color: var(--color-text-secondary, 
#5f6368);"[39m
        [36m>[39m
          [0mGenerating your analysis usually takes about 2ΓÇô3 minutes.[0m
        [36m</p>[39m
        [36m<input[39m
          [33maccept[39m=[32m".txt,.vcf,.gz,.bgz"[39m
          [33mstyle[39m=[32m"display: none;"[39m
          [33mtype[39m=[32m"file"[39m
        [36m/>[39m
      [36m</main>[39m
    [36m</div>[39m
  [36m</div>[39m
[36m</body>[39m
 Γ¥» waitForWrapper node_modules/@testing-library/dom/dist/wait-for.js:163:27
 Γ¥» node_modules/@testing-library/dom/dist/query-helpers.js:86:33
 Γ¥» tests/dna-import-ui.test.tsx:697:18
    695|     );
    696|
    697|     await screen.findByText(/Alpha finding/i);
       |                  ^
    698|     await screen.findByRole("button", { name: "Compare with my recordsΓÇª
    699|     expect(screen.queryByRole("button", { name: /view my top 3 findingΓÇª

ΓÄ»ΓÄ»ΓÄ»ΓÄ»ΓÄ»ΓÄ»ΓÄ»ΓÄ»ΓÄ»ΓÄ»ΓÄ»ΓÄ»ΓÄ»ΓÄ»ΓÄ»ΓÄ»ΓÄ»ΓÄ»ΓÄ»ΓÄ»ΓÄ»ΓÄ»[13/24]ΓÄ»

 FAIL  tests/dna-import-ui.test.tsx > DNA import component > opens findings when the host delivers the overview tool 
result
TestingLibraryElementError: Unable to find an element with the text: /Analysis ready/i. This could be because the text 
is broken up by multiple elements. In this case, you can provide a function for your text matcher to make your matcher 
more flexible.

Ignored nodes: comments, script, style
[36m<body>[39m
  [36m<div>[39m
    [36m<div[39m
      [33mstyle[39m=[32m"font-family: ui-sans-serif, system-ui, -apple-system, \"Segoe UI\", Roboto, Helvetica, 
Arial, sans-serif; font-size: 14px; line-height: 1.5; color: var(--color-text-primary, #1a1a1a); background: 
var(--color-background-primary, #ffffff); padding: 20px 22px; width: 100%; max-width: none; min-width: 0px; 
box-sizing: border-box; --mutant-accent: #1f7a3f; --mutant-accent-text: #ffffff; --mutant-error-bg: #fdecea; 
--mutant-error-border: #f5c6cb; --mutant-error-text: #7f1d1d; --mutant-drop-active: #f0fff4;"[39m
    [36m>[39m
      [36m<main[39m
        [33mstyle[39m=[32m"display: grid; grid-template-columns: minmax(0, 1fr); width: 100%; max-width: none; 
min-width: 0px; box-sizing: border-box;"[39m
      [36m>[39m
        [36m<h1[39m
          [33mstyle[39m=[32m"font-size: 17px; font-weight: 600; margin: 0px 0px 4px;"[39m
        [36m>[39m
          [0mAdd your DNA data[0m
        [36m</h1>[39m
        [36m<div[39m
          [33mrole[39m=[32m"status"[39m
          [33mstyle[39m=[32m"background: var(--color-background-secondary, #f5f7f6); border: 1px solid 
var(--color-border-secondary, #ced4da); border-radius: 8px; padding: 12px 14px; margin: 0px 0px 14px; font-size: 13px; 
width: 100%; max-width: none; min-width: 0px; box-sizing: border-box;"[39m
        [36m>[39m
          [36m<p[39m
            [33mstyle[39m=[32m"margin: 0px 0px 4px; font-weight: 600;"[39m
          [36m>[39m
            [0mDNA data is already on file[0m
          [36m</p>[39m
          [36m<p[39m
            [33mstyle[39m=[32m"margin: 0px; color: var(--color-text-secondary, #5f6368);"[39m
          [36m>[39m
            [0mYou can ask ChatGPT about your Mutant analysis. Importing another file replaces it.[0m
          [36m</p>[39m
        [36m</div>[39m
        [36m<div[39m
          [33mstyle[39m=[32m"border-radius: 10px; padding: 26px 20px; text-align: center; background: 
var(--color-background-secondary, #fafbfc); width: 100%; max-width: none; min-width: 0px; box-sizing: border-box; 
border-color: var(--color-border-secondary, #ced4da);"[39m
        [36m>[39m
          [36m<p[39m
            [33mstyle[39m=[32m"margin: 0px 0px 4px; font-weight: 600;"[39m
          [36m>[39m
            [0mDrag and drop your DNA file here[0m
          [36m</p>[39m
          [36m<p[39m
            [33mstyle[39m=[32m"margin: 0px 0px 16px; font-size: 13px; color: var(--color-text-secondary, 
#5f6368);"[39m
          [36m>[39m
            [0mAccepted formats: .txt (23andMe, AncestryDNA), .vcf, and .vcf.gz[0m
          [36m</p>[39m
          [36m<button[39m
            [33mstyle[39m=[32m"display: inline-block; background: var(--mutant-accent, #1f7a3f); color: 
var(--mutant-accent-text, #ffffff); border: medium; border-radius: 8px; padding: 10px 18px; font-size: 14px; 
font-weight: 600; cursor: pointer;"[39m
            [33mtype[39m=[32m"button"[39m
          [36m>[39m
            [0mChoose DNA file[0m
          [36m</button>[39m
        [36m</div>[39m
        [36m<div[39m
          [33mstyle[39m=[32m"background: var(--color-background-secondary, #f0f9f0); border: 1px solid 
var(--color-border-secondary, #cdeacd); border-radius: 8px; padding: 12px 14px; margin: 16px 0px; font-size: 13px; 
width: 100%; max-width: none; min-width: 0px; box-sizing: border-box;"[39m
        [36m>[39m
          [36m<p[39m
            [33mstyle[39m=[32m"margin: 0px 0px 4px; font-weight: 600;"[39m
          [36m>[39m
            [0mYour raw DNA file is processed locally.[0m
          [36m</p>[39m
          [36m<p[39m
            [33mstyle[39m=[32m"margin: 0px; color: var(--color-text-secondary, #5f6368);"[39m
          [36m>[39m
            [0mOnly variants used by Mutant are submitted[0m
            [0m (2 markers in the Mutant panel)[0m
            [0m. Your file is never uploaded or stored by Mutant.[0m
          [36m</p>[39m
        [36m</div>[39m
        [36m<p[39m
          [33mstyle[39m=[32m"margin: 0px 0px 12px; font-size: 13px; color: var(--color-text-secondary, 
#5f6368);"[39m
        [36m>[39m
          [0mGenerating your analysis usually takes about 2ΓÇô3 minutes.[0m
        [36m</p>[39m
        [36m<input[39m
          [33maccept[39m=[32m".txt,.vcf,.gz,.bgz"[39m
          [33mstyle[39m=[32m"display: none;"[39m
          [33mtype[39m=[32m"file"[39m
        [36m/>[39m
      [36m</main>[39m
    [36m</div>[39m
  [36m</div>[39m
[36m</body>[39m

Ignored nodes: comments, script, style
[36m<body>[39m
  [36m<div>[39m
    [36m<div[39m
      [33mstyle[39m=[32m"font-family: ui-sans-serif, system-ui, -apple-system, \"Segoe UI\", Roboto, Helvetica, 
Arial, sans-serif; font-size: 14px; line-height: 1.5; color: var(--color-text-primary, #1a1a1a); background: 
var(--color-background-primary, #ffffff); padding: 20px 22px; width: 100%; max-width: none; min-width: 0px; 
box-sizing: border-box; --mutant-accent: #1f7a3f; --mutant-accent-text: #ffffff; --mutant-error-bg: #fdecea; 
--mutant-error-border: #f5c6cb; --mutant-error-text: #7f1d1d; --mutant-drop-active: #f0fff4;"[39m
    [36m>[39m
      [36m<main[39m
        [33mstyle[39m=[32m"display: grid; grid-template-columns: minmax(0, 1fr); width: 100%; max-width: none; 
min-width: 0px; box-sizing: border-box;"[39m
      [36m>[39m
        [36m<h1[39m
          [33mstyle[39m=[32m"font-size: 17px; font-weight: 600; margin: 0px 0px 4px;"[39m
        [36m>[39m
          [0mAdd your DNA data[0m
        [36m</h1>[39m
        [36m<div[39m
          [33mrole[39m=[32m"status"[39m
          [33mstyle[39m=[32m"background: var(--color-background-secondary, #f5f7f6); border: 1px solid 
var(--color-border-secondary, #ced4da); border-radius: 8px; padding: 12px 14px; margin: 0px 0px 14px; font-size: 13px; 
width: 100%; max-width: none; min-width: 0px; box-sizing: border-box;"[39m
        [36m>[39m
          [36m<p[39m
            [33mstyle[39m=[32m"margin: 0px 0px 4px; font-weight: 600;"[39m
          [36m>[39m
            [0mDNA data is already on file[0m
          [36m</p>[39m
          [36m<p[39m
            [33mstyle[39m=[32m"margin: 0px; color: var(--color-text-secondary, #5f6368);"[39m
          [36m>[39m
            [0mYou can ask ChatGPT about your Mutant analysis. Importing another file replaces it.[0m
          [36m</p>[39m
        [36m</div>[39m
        [36m<div[39m
          [33mstyle[39m=[32m"border-radius: 10px; padding: 26px 20px; text-align: center; background: 
var(--color-background-secondary, #fafbfc); width: 100%; max-width: none; min-width: 0px; box-sizing: border-box; 
border-color: var(--color-border-secondary, #ced4da);"[39m
        [36m>[39m
          [36m<p[39m
            [33mstyle[39m=[32m"margin: 0px 0px 4px; font-weight: 600;"[39m
          [36m>[39m
            [0mDrag and drop your DNA file here[0m
          [36m</p>[39m
          [36m<p[39m
            [33mstyle[39m=[32m"margin: 0px 0px 16px; font-size: 13px; color: var(--color-text-secondary, 
#5f6368);"[39m
          [36m>[39m
            [0mAccepted formats: .txt (23andMe, AncestryDNA), .vcf, and .vcf.gz[0m
          [36m</p>[39m
          [36m<button[39m
            [33mstyle[39m=[32m"display: inline-block; background: var(--mutant-accent, #1f7a3f); color: 
var(--mutant-accent-text, #ffffff); border: medium; border-radius: 8px; padding: 10px 18px; font-size: 14px; 
font-weight: 600; cursor: pointer;"[39m
            [33mtype[39m=[32m"button"[39m
          [36m>[39m
            [0mChoose DNA file[0m
          [36m</button>[39m
        [36m</div>[39m
        [36m<div[39m
          [33mstyle[39m=[32m"background: var(--color-background-secondary, #f0f9f0); border: 1px solid 
var(--color-border-secondary, #cdeacd); border-radius: 8px; padding: 12px 14px; margin: 16px 0px; font-size: 13px; 
width: 100%; max-width: none; min-width: 0px; box-sizing: border-box;"[39m
        [36m>[39m
          [36m<p[39m
            [33mstyle[39m=[32m"margin: 0px 0px 4px; font-weight: 600;"[39m
          [36m>[39m
            [0mYour raw DNA file is processed locally.[0m
          [36m</p>[39m
          [36m<p[39m
            [33mstyle[39m=[32m"margin: 0px; color: var(--color-text-secondary, #5f6368);"[39m
          [36m>[39m
            [0mOnly variants used by Mutant are submitted[0m
            [0m (2 markers in the Mutant panel)[0m
            [0m. Your file is never uploaded or stored by Mutant.[0m
          [36m</p>[39m
        [36m</div>[39m
        [36m<p[39m
          [33mstyle[39m=[32m"margin: 0px 0px 12px; font-size: 13px; color: var(--color-text-secondary, 
#5f6368);"[39m
        [36m>[39m
          [0mGenerating your analysis usually takes about 2ΓÇô3 minutes.[0m
        [36m</p>[39m
        [36m<input[39m
          [33maccept[39m=[32m".txt,.vcf,.gz,.bgz"[39m
          [33mstyle[39m=[32m"display: none;"[39m
          [33mtype[39m=[32m"file"[39m
        [36m/>[39m
      [36m</main>[39m
    [36m</div>[39m
  [36m</div>[39m
[36m</body>[39m
 Γ¥» waitForWrapper node_modules/@testing-library/dom/dist/wait-for.js:163:27
 Γ¥» node_modules/@testing-library/dom/dist/query-helpers.js:86:33
 Γ¥» tests/dna-import-ui.test.tsx:707:18
    705|     const bridge = renderWith({ get_analysis_status: statusResponse("rΓÇª
    706|
    707|     await screen.findByText(/Analysis ready/i);
       |                  ^
    708|     bridge.sendToolResult(makeSuccessResponse({ ui_rendered: true, modΓÇª
    709|

ΓÄ»ΓÄ»ΓÄ»ΓÄ»ΓÄ»ΓÄ»ΓÄ»ΓÄ»ΓÄ»ΓÄ»ΓÄ»ΓÄ»ΓÄ»ΓÄ»ΓÄ»ΓÄ»ΓÄ»ΓÄ»ΓÄ»ΓÄ»ΓÄ»ΓÄ»[14/24]ΓÄ»

 FAIL  tests/dna-import-ui.test.tsx > DNA import component > surfaces an unmatched analysis error instead of the 
transient outage copy
TestingLibraryElementError: Unable to find an element with the text: /different scoring engine/i. This could be 
because the text is broken up by multiple elements. In this case, you can provide a function for your text matcher to 
make your matcher more flexible.

Ignored nodes: comments, script, style
[36m<body>[39m
  [36m<div>[39m
    [36m<div[39m
      [33mstyle[39m=[32m"font-family: ui-sans-serif, system-ui, -apple-system, \"Segoe UI\", Roboto, Helvetica, 
Arial, sans-serif; font-size: 14px; line-height: 1.5; color: var(--color-text-primary, #1a1a1a); background: 
var(--color-background-primary, #ffffff); padding: 20px 22px; width: 100%; max-width: none; min-width: 0px; 
box-sizing: border-box; --mutant-accent: #1f7a3f; --mutant-accent-text: #ffffff; --mutant-error-bg: #fdecea; 
--mutant-error-border: #f5c6cb; --mutant-error-text: #7f1d1d; --mutant-drop-active: #f0fff4;"[39m
    [36m>[39m
      [36m<main[39m
        [33mstyle[39m=[32m"display: grid; grid-template-columns: minmax(0, 1fr); width: 100%; max-width: none; 
min-width: 0px; box-sizing: border-box;"[39m
      [36m>[39m
        [36m<h1[39m
          [33mstyle[39m=[32m"font-size: 17px; font-weight: 600; margin: 0px 0px 4px;"[39m
        [36m>[39m
          [0mAdd your DNA data[0m
        [36m</h1>[39m
        [36m<div[39m
          [33mrole[39m=[32m"status"[39m
          [33mstyle[39m=[32m"background: var(--color-background-secondary, #f5f7f6); border: 1px solid 
var(--color-border-secondary, #ced4da); border-radius: 8px; padding: 12px 14px; margin: 0px 0px 14px; font-size: 13px; 
width: 100%; max-width: none; min-width: 0px; box-sizing: border-box;"[39m
        [36m>[39m
          [36m<p[39m
            [33mstyle[39m=[32m"margin: 0px 0px 4px; font-weight: 600;"[39m
          [36m>[39m
            [0mDNA data is already on file[0m
          [36m</p>[39m
          [36m<p[39m
            [33mstyle[39m=[32m"margin: 0px; color: var(--color-text-secondary, #5f6368);"[39m
          [36m>[39m
            [0mYou can ask ChatGPT about your Mutant analysis. Importing another file replaces it.[0m
          [36m</p>[39m
        [36m</div>[39m
        [36m<div[39m
          [33mstyle[39m=[32m"border-radius: 10px; padding: 26px 20px; text-align: center; background: 
var(--color-background-secondary, #fafbfc); width: 100%; max-width: none; min-width: 0px; box-sizing: border-box; 
border-color: var(--color-border-secondary, #ced4da);"[39m
        [36m>[39m
          [36m<p[39m
            [33mstyle[39m=[32m"margin: 0px 0px 4px; font-weight: 600;"[39m
          [36m>[39m
            [0mDrag and drop your DNA file here[0m
          [36m</p>[39m
          [36m<p[39m
            [33mstyle[39m=[32m"margin: 0px 0px 16px; font-size: 13px; color: var(--color-text-secondary, 
#5f6368);"[39m
          [36m>[39m
            [0mAccepted formats: .txt (23andMe, AncestryDNA), .vcf, and .vcf.gz[0m
          [36m</p>[39m
          [36m<button[39m
            [33mstyle[39m=[32m"display: inline-block; background: var(--mutant-accent, #1f7a3f); color: 
var(--mutant-accent-text, #ffffff); border: medium; border-radius: 8px; padding: 10px 18px; font-size: 14px; 
font-weight: 600; cursor: pointer;"[39m
            [33mtype[39m=[32m"button"[39m
          [36m>[39m
            [0mChoose DNA file[0m
          [36m</button>[39m
        [36m</div>[39m
        [36m<div[39m
          [33mstyle[39m=[32m"background: var(--color-background-secondary, #f0f9f0); border: 1px solid 
var(--color-border-secondary, #cdeacd); border-radius: 8px; padding: 12px 14px; margin: 16px 0px; font-size: 13px; 
width: 100%; max-width: none; min-width: 0px; box-sizing: border-box;"[39m
        [36m>[39m
          [36m<p[39m
            [33mstyle[39m=[32m"margin: 0px 0px 4px; font-weight: 600;"[39m
          [36m>[39m
            [0mYour raw DNA file is processed locally.[0m
          [36m</p>[39m
          [36m<p[39m
            [33mstyle[39m=[32m"margin: 0px; color: var(--color-text-secondary, #5f6368);"[39m
          [36m>[39m
            [0mOnly variants used by Mutant are submitted[0m
            [0m (2 markers in the Mutant panel)[0m
            [0m. Your file is never uploaded or stored by Mutant.[0m
          [36m</p>[39m
        [36m</div>[39m
        [36m<p[39m
          [33mstyle[39m=[32m"margin: 0px 0px 12px; font-size: 13px; color: var(--color-text-secondary, 
#5f6368);"[39m
        [36m>[39m
          [0mGenerating your analysis usually takes about 2ΓÇô3 minutes.[0m
        [36m</p>[39m
        [36m<input[39m
          [33maccept[39m=[32m".txt,.vcf,.gz,.bgz"[39m
          [33mstyle[39m=[32m"display: none;"[39m
          [33mtype[39m=[32m"file"[39m
        [36m/>[39m
      [36m</main>[39m
    [36m</div>[39m
  [36m</div>[39m
[36m</body>[39m

Ignored nodes: comments, script, style
[36m<body>[39m
  [36m<div>[39m
    [36m<div[39m
      [33mstyle[39m=[32m"font-family: ui-sans-serif, system-ui, -apple-system, \"Segoe UI\", Roboto, Helvetica, 
Arial, sans-serif; font-size: 14px; line-height: 1.5; color: var(--color-text-primary, #1a1a1a); background: 
var(--color-background-primary, #ffffff); padding: 20px 22px; width: 100%; max-width: none; min-width: 0px; 
box-sizing: border-box; --mutant-accent: #1f7a3f; --mutant-accent-text: #ffffff; --mutant-error-bg: #fdecea; 
--mutant-error-border: #f5c6cb; --mutant-error-text: #7f1d1d; --mutant-drop-active: #f0fff4;"[39m
    [36m>[39m
      [36m<main[39m
        [33mstyle[39m=[32m"display: grid; grid-template-columns: minmax(0, 1fr); width: 100%; max-width: none; 
min-width: 0px; box-sizing: border-box;"[39m
      [36m>[39m
        [36m<h1[39m
          [33mstyle[39m=[32m"font-size: 17px; font-weight: 600; margin: 0px 0px 4px;"[39m
        [36m>[39m
          [0mAdd your DNA data[0m
        [36m</h1>[39m
        [36m<div[39m
          [33mrole[39m=[32m"status"[39m
          [33mstyle[39m=[32m"background: var(--color-background-secondary, #f5f7f6); border: 1px solid 
var(--color-border-secondary, #ced4da); border-radius: 8px; padding: 12px 14px; margin: 0px 0px 14px; font-size: 13px; 
width: 100%; max-width: none; min-width: 0px; box-sizing: border-box;"[39m
        [36m>[39m
          [36m<p[39m
            [33mstyle[39m=[32m"margin: 0px 0px 4px; font-weight: 600;"[39m
          [36m>[39m
            [0mDNA data is already on file[0m
          [36m</p>[39m
          [36m<p[39m
            [33mstyle[39m=[32m"margin: 0px; color: var(--color-text-secondary, #5f6368);"[39m
          [36m>[39m
            [0mYou can ask ChatGPT about your Mutant analysis. Importing another file replaces it.[0m
          [36m</p>[39m
        [36m</div>[39m
        [36m<div[39m
          [33mstyle[39m=[32m"border-radius: 10px; padding: 26px 20px; text-align: center; background: 
var(--color-background-secondary, #fafbfc); width: 100%; max-width: none; min-width: 0px; box-sizing: border-box; 
border-color: var(--color-border-secondary, #ced4da);"[39m
        [36m>[39m
          [36m<p[39m
            [33mstyle[39m=[32m"margin: 0px 0px 4px; font-weight: 600;"[39m
          [36m>[39m
            [0mDrag and drop your DNA file here[0m
          [36m</p>[39m
          [36m<p[39m
            [33mstyle[39m=[32m"margin: 0px 0px 16px; font-size: 13px; color: var(--color-text-secondary, 
#5f6368);"[39m
          [36m>[39m
            [0mAccepted formats: .txt (23andMe, AncestryDNA), .vcf, and .vcf.gz[0m
          [36m</p>[39m
          [36m<button[39m
            [33mstyle[39m=[32m"display: inline-block; background: var(--mutant-accent, #1f7a3f); color: 
var(--mutant-accent-text, #ffffff); border: medium; border-radius: 8px; padding: 10px 18px; font-size: 14px; 
font-weight: 600; cursor: pointer;"[39m
            [33mtype[39m=[32m"button"[39m
          [36m>[39m
            [0mChoose DNA file[0m
          [36m</button>[39m
        [36m</div>[39m
        [36m<div[39m
          [33mstyle[39m=[32m"background: var(--color-background-secondary, #f0f9f0); border: 1px solid 
var(--color-border-secondary, #cdeacd); border-radius: 8px; padding: 12px 14px; margin: 16px 0px; font-size: 13px; 
width: 100%; max-width: none; min-width: 0px; box-sizing: border-box;"[39m
        [36m>[39m
          [36m<p[39m
            [33mstyle[39m=[32m"margin: 0px 0px 4px; font-weight: 600;"[39m
          [36m>[39m
            [0mYour raw DNA file is processed locally.[0m
          [36m</p>[39m
          [36m<p[39m
            [33mstyle[39m=[32m"margin: 0px; color: var(--color-text-secondary, #5f6368);"[39m
          [36m>[39m
            [0mOnly variants used by Mutant are submitted[0m
            [0m (2 markers in the Mutant panel)[0m
            [0m. Your file is never uploaded or stored by Mutant.[0m
          [36m</p>[39m
        [36m</div>[39m
        [36m<p[39m
          [33mstyle[39m=[32m"margin: 0px 0px 12px; font-size: 13px; color: var(--color-text-secondary, 
#5f6368);"[39m
        [36m>[39m
          [0mGenerating your analysis usually takes about 2ΓÇô3 minutes.[0m
        [36m</p>[39m
        [36m<input[39m
          [33maccept[39m=[32m".txt,.vcf,.gz,.bgz"[39m
          [33mstyle[39m=[32m"display: none;"[39m
          [33mtype[39m=[32m"file"[39m
        [36m/>[39m
      [36m</main>[39m
    [36m</div>[39m
  [36m</div>[39m
[36m</body>[39m
 Γ¥» waitForWrapper node_modules/@testing-library/dom/dist/wait-for.js:163:27
 Γ¥» node_modules/@testing-library/dom/dist/query-helpers.js:86:33
 Γ¥» tests/dna-import-ui.test.tsx:727:18
    725|     );
    726|
    727|     await screen.findByText(/different scoring engine/i);
       |                  ^
    728|     expect(screen.queryByText(/temporarily unavailable/i)).toBeNull();
    729|   });

ΓÄ»ΓÄ»ΓÄ»ΓÄ»ΓÄ»ΓÄ»ΓÄ»ΓÄ»ΓÄ»ΓÄ»ΓÄ»ΓÄ»ΓÄ»ΓÄ»ΓÄ»ΓÄ»ΓÄ»ΓÄ»ΓÄ»ΓÄ»ΓÄ»ΓÄ»[15/24]ΓÄ»

 FAIL  tests/dna-import-ui.test.tsx > DNA import component > offers record comparison and the Full upgrade only to 
Free accounts
TestingLibraryElementError: Unable to find an element with the text: /Analysis ready/i. This could be because the text 
is broken up by multiple elements. In this case, you can provide a function for your text matcher to make your matcher 
more flexible.

Ignored nodes: comments, script, style
[36m<body>[39m
  [36m<div>[39m
    [36m<div[39m
      [33mstyle[39m=[32m"font-family: ui-sans-serif, system-ui, -apple-system, \"Segoe UI\", Roboto, Helvetica, 
Arial, sans-serif; font-size: 14px; line-height: 1.5; color: var(--color-text-primary, #1a1a1a); background: 
var(--color-background-primary, #ffffff); padding: 20px 22px; width: 100%; max-width: none; min-width: 0px; 
box-sizing: border-box; --mutant-accent: #1f7a3f; --mutant-accent-text: #ffffff; --mutant-error-bg: #fdecea; 
--mutant-error-border: #f5c6cb; --mutant-error-text: #7f1d1d; --mutant-drop-active: #f0fff4;"[39m
    [36m>[39m
      [36m<main[39m
        [33mstyle[39m=[32m"display: grid; grid-template-columns: minmax(0, 1fr); width: 100%; max-width: none; 
min-width: 0px; box-sizing: border-box;"[39m
      [36m>[39m
        [36m<h1[39m
          [33mstyle[39m=[32m"font-size: 17px; font-weight: 600; margin: 0px 0px 4px;"[39m
        [36m>[39m
          [0mAdd your DNA data[0m
        [36m</h1>[39m
        [36m<div[39m
          [33mrole[39m=[32m"status"[39m
          [33mstyle[39m=[32m"background: var(--color-background-secondary, #f5f7f6); border: 1px solid 
var(--color-border-secondary, #ced4da); border-radius: 8px; padding: 12px 14px; margin: 0px 0px 14px; font-size: 13px; 
width: 100%; max-width: none; min-width: 0px; box-sizing: border-box;"[39m
        [36m>[39m
          [36m<p[39m
            [33mstyle[39m=[32m"margin: 0px 0px 4px; font-weight: 600;"[39m
          [36m>[39m
            [0mDNA data is already on file[0m
          [36m</p>[39m
          [36m<p[39m
            [33mstyle[39m=[32m"margin: 0px; color: var(--color-text-secondary, #5f6368);"[39m
          [36m>[39m
            [0mYou can ask ChatGPT about your Mutant analysis. Importing another file replaces it.[0m
          [36m</p>[39m
        [36m</div>[39m
        [36m<div[39m
          [33mstyle[39m=[32m"border-radius: 10px; padding: 26px 20px; text-align: center; background: 
var(--color-background-secondary, #fafbfc); width: 100%; max-width: none; min-width: 0px; box-sizing: border-box; 
border-color: var(--color-border-secondary, #ced4da);"[39m
        [36m>[39m
          [36m<p[39m
            [33mstyle[39m=[32m"margin: 0px 0px 4px; font-weight: 600;"[39m
          [36m>[39m
            [0mDrag and drop your DNA file here[0m
          [36m</p>[39m
          [36m<p[39m
            [33mstyle[39m=[32m"margin: 0px 0px 16px; font-size: 13px; color: var(--color-text-secondary, 
#5f6368);"[39m
          [36m>[39m
            [0mAccepted formats: .txt (23andMe, AncestryDNA), .vcf, and .vcf.gz[0m
          [36m</p>[39m
          [36m<button[39m
            [33mstyle[39m=[32m"display: inline-block; background: var(--mutant-accent, #1f7a3f); color: 
var(--mutant-accent-text, #ffffff); border: medium; border-radius: 8px; padding: 10px 18px; font-size: 14px; 
font-weight: 600; cursor: pointer;"[39m
            [33mtype[39m=[32m"button"[39m
          [36m>[39m
            [0mChoose DNA file[0m
          [36m</button>[39m
        [36m</div>[39m
        [36m<div[39m
          [33mstyle[39m=[32m"background: var(--color-background-secondary, #f0f9f0); border: 1px solid 
var(--color-border-secondary, #cdeacd); border-radius: 8px; padding: 12px 14px; margin: 16px 0px; font-size: 13px; 
width: 100%; max-width: none; min-width: 0px; box-sizing: border-box;"[39m
        [36m>[39m
          [36m<p[39m
            [33mstyle[39m=[32m"margin: 0px 0px 4px; font-weight: 600;"[39m
          [36m>[39m
            [0mYour raw DNA file is processed locally.[0m
          [36m</p>[39m
          [36m<p[39m
            [33mstyle[39m=[32m"margin: 0px; color: var(--color-text-secondary, #5f6368);"[39m
          [36m>[39m
            [0mOnly variants used by Mutant are submitted[0m
            [0m (2 markers in the Mutant panel)[0m
            [0m. Your file is never uploaded or stored by Mutant.[0m
          [36m</p>[39m
        [36m</div>[39m
        [36m<p[39m
          [33mstyle[39m=[32m"margin: 0px 0px 12px; font-size: 13px; color: var(--color-text-secondary, 
#5f6368);"[39m
        [36m>[39m
          [0mGenerating your analysis usually takes about 2ΓÇô3 minutes.[0m
        [36m</p>[39m
        [36m<input[39m
          [33maccept[39m=[32m".txt,.vcf,.gz,.bgz"[39m
          [33mstyle[39m=[32m"display: none;"[39m
          [33mtype[39m=[32m"file"[39m
        [36m/>[39m
      [36m</main>[39m
    [36m</div>[39m
  [36m</div>[39m
[36m</body>[39m

Ignored nodes: comments, script, style
[36m<body>[39m
  [36m<div>[39m
    [36m<div[39m
      [33mstyle[39m=[32m"font-family: ui-sans-serif, system-ui, -apple-system, \"Segoe UI\", Roboto, Helvetica, 
Arial, sans-serif; font-size: 14px; line-height: 1.5; color: var(--color-text-primary, #1a1a1a); background: 
var(--color-background-primary, #ffffff); padding: 20px 22px; width: 100%; max-width: none; min-width: 0px; 
box-sizing: border-box; --mutant-accent: #1f7a3f; --mutant-accent-text: #ffffff; --mutant-error-bg: #fdecea; 
--mutant-error-border: #f5c6cb; --mutant-error-text: #7f1d1d; --mutant-drop-active: #f0fff4;"[39m
    [36m>[39m
      [36m<main[39m
        [33mstyle[39m=[32m"display: grid; grid-template-columns: minmax(0, 1fr); width: 100%; max-width: none; 
min-width: 0px; box-sizing: border-box;"[39m
      [36m>[39m
        [36m<h1[39m
          [33mstyle[39m=[32m"font-size: 17px; font-weight: 600; margin: 0px 0px 4px;"[39m
        [36m>[39m
          [0mAdd your DNA data[0m
        [36m</h1>[39m
        [36m<div[39m
          [33mrole[39m=[32m"status"[39m
          [33mstyle[39m=[32m"background: var(--color-background-secondary, #f5f7f6); border: 1px solid 
var(--color-border-secondary, #ced4da); border-radius: 8px; padding: 12px 14px; margin: 0px 0px 14px; font-size: 13px; 
width: 100%; max-width: none; min-width: 0px; box-sizing: border-box;"[39m
        [36m>[39m
          [36m<p[39m
            [33mstyle[39m=[32m"margin: 0px 0px 4px; font-weight: 600;"[39m
          [36m>[39m
            [0mDNA data is already on file[0m
          [36m</p>[39m
          [36m<p[39m
            [33mstyle[39m=[32m"margin: 0px; color: var(--color-text-secondary, #5f6368);"[39m
          [36m>[39m
            [0mYou can ask ChatGPT about your Mutant analysis. Importing another file replaces it.[0m
          [36m</p>[39m
        [36m</div>[39m
        [36m<div[39m
          [33mstyle[39m=[32m"border-radius: 10px; padding: 26px 20px; text-align: center; background: 
var(--color-background-secondary, #fafbfc); width: 100%; max-width: none; min-width: 0px; box-sizing: border-box; 
border-color: var(--color-border-secondary, #ced4da);"[39m
        [36m>[39m
          [36m<p[39m
            [33mstyle[39m=[32m"margin: 0px 0px 4px; font-weight: 600;"[39m
          [36m>[39m
            [0mDrag and drop your DNA file here[0m
          [36m</p>[39m
          [36m<p[39m
            [33mstyle[39m=[32m"margin: 0px 0px 16px; font-size: 13px; color: var(--color-text-secondary, 
#5f6368);"[39m
          [36m>[39m
            [0mAccepted formats: .txt (23andMe, AncestryDNA), .vcf, and .vcf.gz[0m
          [36m</p>[39m
          [36m<button[39m
            [33mstyle[39m=[32m"display: inline-block; background: var(--mutant-accent, #1f7a3f); color: 
var(--mutant-accent-text, #ffffff); border: medium; border-radius: 8px; padding: 10px 18px; font-size: 14px; 
font-weight: 600; cursor: pointer;"[39m
            [33mtype[39m=[32m"button"[39m
          [36m>[39m
            [0mChoose DNA file[0m
          [36m</button>[39m
        [36m</div>[39m
        [36m<div[39m
          [33mstyle[39m=[32m"background: var(--color-background-secondary, #f0f9f0); border: 1px solid 
var(--color-border-secondary, #cdeacd); border-radius: 8px; padding: 12px 14px; margin: 16px 0px; font-size: 13px; 
width: 100%; max-width: none; min-width: 0px; box-sizing: border-box;"[39m
        [36m>[39m
          [36m<p[39m
            [33mstyle[39m=[32m"margin: 0px 0px 4px; font-weight: 600;"[39m
          [36m>[39m
            [0mYour raw DNA file is processed locally.[0m
          [36m</p>[39m
          [36m<p[39m
            [33mstyle[39m=[32m"margin: 0px; color: var(--color-text-secondary, #5f6368);"[39m
          [36m>[39m
            [0mOnly variants used by Mutant are submitted[0m
            [0m (2 markers in the Mutant panel)[0m
            [0m. Your file is never uploaded or stored by Mutant.[0m
          [36m</p>[39m
        [36m</div>[39m
        [36m<p[39m
          [33mstyle[39m=[32m"margin: 0px 0px 12px; font-size: 13px; color: var(--color-text-secondary, 
#5f6368);"[39m
        [36m>[39m
          [0mGenerating your analysis usually takes about 2ΓÇô3 minutes.[0m
        [36m</p>[39m
        [36m<input[39m
          [33maccept[39m=[32m".txt,.vcf,.gz,.bgz"[39m
          [33mstyle[39m=[32m"display: none;"[39m
          [33mtype[39m=[32m"file"[39m
        [36m/>[39m
      [36m</main>[39m
    [36m</div>[39m
  [36m</div>[39m
[36m</body>[39m
 Γ¥» waitForWrapper node_modules/@testing-library/dom/dist/wait-for.js:163:27
 Γ¥» node_modules/@testing-library/dom/dist/query-helpers.js:86:33
 Γ¥» tests/dna-import-ui.test.tsx:753:18
    751|     });
    752|
    753|     await screen.findByText(/Analysis ready/i);
       |                  ^
    754|     fireEvent.click(screen.getByRole("button", { name: /view my top 3 ΓÇª
    755|     await screen.findByRole("button", { name: "Compare with my recordsΓÇª

ΓÄ»ΓÄ»ΓÄ»ΓÄ»ΓÄ»ΓÄ»ΓÄ»ΓÄ»ΓÄ»ΓÄ»ΓÄ»ΓÄ»ΓÄ»ΓÄ»ΓÄ»ΓÄ»ΓÄ»ΓÄ»ΓÄ»ΓÄ»ΓÄ»ΓÄ»[16/24]ΓÄ»

 FAIL  tests/dna-import-ui.test.tsx > DNA import component > does not offer an upgrade to a Full account
TestingLibraryElementError: Unable to find an element with the text: /Analysis ready/i. This could be because the text 
is broken up by multiple elements. In this case, you can provide a function for your text matcher to make your matcher 
more flexible.

Ignored nodes: comments, script, style
[36m<body>[39m
  [36m<div>[39m
    [36m<div[39m
      [33mstyle[39m=[32m"font-family: ui-sans-serif, system-ui, -apple-system, \"Segoe UI\", Roboto, Helvetica, 
Arial, sans-serif; font-size: 14px; line-height: 1.5; color: var(--color-text-primary, #1a1a1a); background: 
var(--color-background-primary, #ffffff); padding: 20px 22px; width: 100%; max-width: none; min-width: 0px; 
box-sizing: border-box; --mutant-accent: #1f7a3f; --mutant-accent-text: #ffffff; --mutant-error-bg: #fdecea; 
--mutant-error-border: #f5c6cb; --mutant-error-text: #7f1d1d; --mutant-drop-active: #f0fff4;"[39m
    [36m>[39m
      [36m<main[39m
        [33mstyle[39m=[32m"display: grid; grid-template-columns: minmax(0, 1fr); width: 100%; max-width: none; 
min-width: 0px; box-sizing: border-box;"[39m
      [36m>[39m
        [36m<h1[39m
          [33mstyle[39m=[32m"font-size: 17px; font-weight: 600; margin: 0px 0px 4px;"[39m
        [36m>[39m
          [0mAdd your DNA data[0m
        [36m</h1>[39m
        [36m<div[39m
          [33mrole[39m=[32m"status"[39m
          [33mstyle[39m=[32m"background: var(--color-background-secondary, #f5f7f6); border: 1px solid 
var(--color-border-secondary, #ced4da); border-radius: 8px; padding: 12px 14px; margin: 0px 0px 14px; font-size: 13px; 
width: 100%; max-width: none; min-width: 0px; box-sizing: border-box;"[39m
        [36m>[39m
          [36m<p[39m
            [33mstyle[39m=[32m"margin: 0px 0px 4px; font-weight: 600;"[39m
          [36m>[39m
            [0mDNA data is already on file[0m
          [36m</p>[39m
          [36m<p[39m
            [33mstyle[39m=[32m"margin: 0px; color: var(--color-text-secondary, #5f6368);"[39m
          [36m>[39m
            [0mYou can ask ChatGPT about your Mutant analysis. Importing another file replaces it.[0m
          [36m</p>[39m
        [36m</div>[39m
        [36m<div[39m
          [33mstyle[39m=[32m"border-radius: 10px; padding: 26px 20px; text-align: center; background: 
var(--color-background-secondary, #fafbfc); width: 100%; max-width: none; min-width: 0px; box-sizing: border-box; 
border-color: var(--color-border-secondary, #ced4da);"[39m
        [36m>[39m
          [36m<p[39m
            [33mstyle[39m=[32m"margin: 0px 0px 4px; font-weight: 600;"[39m
          [36m>[39m
            [0mDrag and drop your DNA file here[0m
          [36m</p>[39m
          [36m<p[39m
            [33mstyle[39m=[32m"margin: 0px 0px 16px; font-size: 13px; color: var(--color-text-secondary, 
#5f6368);"[39m
          [36m>[39m
            [0mAccepted formats: .txt (23andMe, AncestryDNA), .vcf, and .vcf.gz[0m
          [36m</p>[39m
          [36m<button[39m
            [33mstyle[39m=[32m"display: inline-block; background: var(--mutant-accent, #1f7a3f); color: 
var(--mutant-accent-text, #ffffff); border: medium; border-radius: 8px; padding: 10px 18px; font-size: 14px; 
font-weight: 600; cursor: pointer;"[39m
            [33mtype[39m=[32m"button"[39m
          [36m>[39m
            [0mChoose DNA file[0m
          [36m</button>[39m
        [36m</div>[39m
        [36m<div[39m
          [33mstyle[39m=[32m"background: var(--color-background-secondary, #f0f9f0); border: 1px solid 
var(--color-border-secondary, #cdeacd); border-radius: 8px; padding: 12px 14px; margin: 16px 0px; font-size: 13px; 
width: 100%; max-width: none; min-width: 0px; box-sizing: border-box;"[39m
        [36m>[39m
          [36m<p[39m
            [33mstyle[39m=[32m"margin: 0px 0px 4px; font-weight: 600;"[39m
          [36m>[39m
            [0mYour raw DNA file is processed locally.[0m
          [36m</p>[39m
          [36m<p[39m
            [33mstyle[39m=[32m"margin: 0px; color: var(--color-text-secondary, #5f6368);"[39m
          [36m>[39m
            [0mOnly variants used by Mutant are submitted[0m
            [0m (2 markers in the Mutant panel)[0m
            [0m. Your file is never uploaded or stored by Mutant.[0m
          [36m</p>[39m
        [36m</div>[39m
        [36m<p[39m
          [33mstyle[39m=[32m"margin: 0px 0px 12px; font-size: 13px; color: var(--color-text-secondary, 
#5f6368);"[39m
        [36m>[39m
          [0mGenerating your analysis usually takes about 2ΓÇô3 minutes.[0m
        [36m</p>[39m
        [36m<input[39m
          [33maccept[39m=[32m".txt,.vcf,.gz,.bgz"[39m
          [33mstyle[39m=[32m"display: none;"[39m
          [33mtype[39m=[32m"file"[39m
        [36m/>[39m
      [36m</main>[39m
    [36m</div>[39m
  [36m</div>[39m
[36m</body>[39m

Ignored nodes: comments, script, style
[36m<body>[39m
  [36m<div>[39m
    [36m<div[39m
      [33mstyle[39m=[32m"font-family: ui-sans-serif, system-ui, -apple-system, \"Segoe UI\", Roboto, Helvetica, 
Arial, sans-serif; font-size: 14px; line-height: 1.5; color: var(--color-text-primary, #1a1a1a); background: 
var(--color-background-primary, #ffffff); padding: 20px 22px; width: 100%; max-width: none; min-width: 0px; 
box-sizing: border-box; --mutant-accent: #1f7a3f; --mutant-accent-text: #ffffff; --mutant-error-bg: #fdecea; 
--mutant-error-border: #f5c6cb; --mutant-error-text: #7f1d1d; --mutant-drop-active: #f0fff4;"[39m
    [36m>[39m
      [36m<main[39m
        [33mstyle[39m=[32m"display: grid; grid-template-columns: minmax(0, 1fr); width: 100%; max-width: none; 
min-width: 0px; box-sizing: border-box;"[39m
      [36m>[39m
        [36m<h1[39m
          [33mstyle[39m=[32m"font-size: 17px; font-weight: 600; margin: 0px 0px 4px;"[39m
        [36m>[39m
          [0mAdd your DNA data[0m
        [36m</h1>[39m
        [36m<div[39m
          [33mrole[39m=[32m"status"[39m
          [33mstyle[39m=[32m"background: var(--color-background-secondary, #f5f7f6); border: 1px solid 
var(--color-border-secondary, #ced4da); border-radius: 8px; padding: 12px 14px; margin: 0px 0px 14px; font-size: 13px; 
width: 100%; max-width: none; min-width: 0px; box-sizing: border-box;"[39m
        [36m>[39m
          [36m<p[39m
            [33mstyle[39m=[32m"margin: 0px 0px 4px; font-weight: 600;"[39m
          [36m>[39m
            [0mDNA data is already on file[0m
          [36m</p>[39m
          [36m<p[39m
            [33mstyle[39m=[32m"margin: 0px; color: var(--color-text-secondary, #5f6368);"[39m
          [36m>[39m
            [0mYou can ask ChatGPT about your Mutant analysis. Importing another file replaces it.[0m
          [36m</p>[39m
        [36m</div>[39m
        [36m<div[39m
          [33mstyle[39m=[32m"border-radius: 10px; padding: 26px 20px; text-align: center; background: 
var(--color-background-secondary, #fafbfc); width: 100%; max-width: none; min-width: 0px; box-sizing: border-box; 
border-color: var(--color-border-secondary, #ced4da);"[39m
        [36m>[39m
          [36m<p[39m
            [33mstyle[39m=[32m"margin: 0px 0px 4px; font-weight: 600;"[39m
          [36m>[39m
            [0mDrag and drop your DNA file here[0m
          [36m</p>[39m
          [36m<p[39m
            [33mstyle[39m=[32m"margin: 0px 0px 16px; font-size: 13px; color: var(--color-text-secondary, 
#5f6368);"[39m
          [36m>[39m
            [0mAccepted formats: .txt (23andMe, AncestryDNA), .vcf, and .vcf.gz[0m
          [36m</p>[39m
          [36m<button[39m
            [33mstyle[39m=[32m"display: inline-block; background: var(--mutant-accent, #1f7a3f); color: 
var(--mutant-accent-text, #ffffff); border: medium; border-radius: 8px; padding: 10px 18px; font-size: 14px; 
font-weight: 600; cursor: pointer;"[39m
            [33mtype[39m=[32m"button"[39m
          [36m>[39m
            [0mChoose DNA file[0m
          [36m</button>[39m
        [36m</div>[39m
        [36m<div[39m
          [33mstyle[39m=[32m"background: var(--color-background-secondary, #f0f9f0); border: 1px solid 
var(--color-border-secondary, #cdeacd); border-radius: 8px; padding: 12px 14px; margin: 16px 0px; font-size: 13px; 
width: 100%; max-width: none; min-width: 0px; box-sizing: border-box;"[39m
        [36m>[39m
          [36m<p[39m
            [33mstyle[39m=[32m"margin: 0px 0px 4px; font-weight: 600;"[39m
          [36m>[39m
            [0mYour raw DNA file is processed locally.[0m
          [36m</p>[39m
          [36m<p[39m
            [33mstyle[39m=[32m"margin: 0px; color: var(--color-text-secondary, #5f6368);"[39m
          [36m>[39m
            [0mOnly variants used by Mutant are submitted[0m
            [0m (2 markers in the Mutant panel)[0m
            [0m. Your file is never uploaded or stored by Mutant.[0m
          [36m</p>[39m
        [36m</div>[39m
        [36m<p[39m
          [33mstyle[39m=[32m"margin: 0px 0px 12px; font-size: 13px; color: var(--color-text-secondary, 
#5f6368);"[39m
        [36m>[39m
          [0mGenerating your analysis usually takes about 2ΓÇô3 minutes.[0m
        [36m</p>[39m
        [36m<input[39m
          [33maccept[39m=[32m".txt,.vcf,.gz,.bgz"[39m
          [33mstyle[39m=[32m"display: none;"[39m
          [33mtype[39m=[32m"file"[39m
        [36m/>[39m
      [36m</main>[39m
    [36m</div>[39m
  [36m</div>[39m
[36m</body>[39m
 Γ¥» waitForWrapper node_modules/@testing-library/dom/dist/wait-for.js:163:27
 Γ¥» node_modules/@testing-library/dom/dist/query-helpers.js:86:33
 Γ¥» tests/dna-import-ui.test.tsx:782:18
    780|     });
    781|
    782|     await screen.findByText(/Analysis ready/i);
       |                  ^
    783|     fireEvent.click(screen.getByRole("button", { name: /view my findinΓÇª
    784|     await screen.findByRole("button", { name: "Compare all findings" }ΓÇª

ΓÄ»ΓÄ»ΓÄ»ΓÄ»ΓÄ»ΓÄ»ΓÄ»ΓÄ»ΓÄ»ΓÄ»ΓÄ»ΓÄ»ΓÄ»ΓÄ»ΓÄ»ΓÄ»ΓÄ»ΓÄ»ΓÄ»ΓÄ»ΓÄ»ΓÄ»[17/24]ΓÄ»

 FAIL  tests/dna-import-ui.test.tsx > DNA import component > offers an optional refresh when regeneration is available
TestingLibraryElementError: Unable to find an element with the text: /Analysis ready/i. This could be because the text 
is broken up by multiple elements. In this case, you can provide a function for your text matcher to make your matcher 
more flexible.

Ignored nodes: comments, script, style
[36m<body>[39m
  [36m<div>[39m
    [36m<div[39m
      [33mstyle[39m=[32m"font-family: ui-sans-serif, system-ui, -apple-system, \"Segoe UI\", Roboto, Helvetica, 
Arial, sans-serif; font-size: 14px; line-height: 1.5; color: var(--color-text-primary, #1a1a1a); background: 
var(--color-background-primary, #ffffff); padding: 20px 22px; width: 100%; max-width: none; min-width: 0px; 
box-sizing: border-box; --mutant-accent: #1f7a3f; --mutant-accent-text: #ffffff; --mutant-error-bg: #fdecea; 
--mutant-error-border: #f5c6cb; --mutant-error-text: #7f1d1d; --mutant-drop-active: #f0fff4;"[39m
    [36m>[39m
      [36m<main[39m
        [33mstyle[39m=[32m"display: grid; grid-template-columns: minmax(0, 1fr); width: 100%; max-width: none; 
min-width: 0px; box-sizing: border-box;"[39m
      [36m>[39m
        [36m<h1[39m
          [33mstyle[39m=[32m"font-size: 17px; font-weight: 600; margin: 0px 0px 4px;"[39m
        [36m>[39m
          [0mAdd your DNA data[0m
        [36m</h1>[39m
        [36m<div[39m
          [33mrole[39m=[32m"status"[39m
          [33mstyle[39m=[32m"background: var(--color-background-secondary, #f5f7f6); border: 1px solid 
var(--color-border-secondary, #ced4da); border-radius: 8px; padding: 12px 14px; margin: 0px 0px 14px; font-size: 13px; 
width: 100%; max-width: none; min-width: 0px; box-sizing: border-box;"[39m
        [36m>[39m
          [36m<p[39m
            [33mstyle[39m=[32m"margin: 0px 0px 4px; font-weight: 600;"[39m
          [36m>[39m
            [0mDNA data is already on file[0m
          [36m</p>[39m
          [36m<p[39m
            [33mstyle[39m=[32m"margin: 0px; color: var(--color-text-secondary, #5f6368);"[39m
          [36m>[39m
            [0mYou can ask ChatGPT about your Mutant analysis. Importing another file replaces it.[0m
          [36m</p>[39m
        [36m</div>[39m
        [36m<div[39m
          [33mstyle[39m=[32m"border-radius: 10px; padding: 26px 20px; text-align: center; background: 
var(--color-background-secondary, #fafbfc); width: 100%; max-width: none; min-width: 0px; box-sizing: border-box; 
border-color: var(--color-border-secondary, #ced4da);"[39m
        [36m>[39m
          [36m<p[39m
            [33mstyle[39m=[32m"margin: 0px 0px 4px; font-weight: 600;"[39m
          [36m>[39m
            [0mDrag and drop your DNA file here[0m
          [36m</p>[39m
          [36m<p[39m
            [33mstyle[39m=[32m"margin: 0px 0px 16px; font-size: 13px; color: var(--color-text-secondary, 
#5f6368);"[39m
          [36m>[39m
            [0mAccepted formats: .txt (23andMe, AncestryDNA), .vcf, and .vcf.gz[0m
          [36m</p>[39m
          [36m<button[39m
            [33mstyle[39m=[32m"display: inline-block; background: var(--mutant-accent, #1f7a3f); color: 
var(--mutant-accent-text, #ffffff); border: medium; border-radius: 8px; padding: 10px 18px; font-size: 14px; 
font-weight: 600; cursor: pointer;"[39m
            [33mtype[39m=[32m"button"[39m
          [36m>[39m
            [0mChoose DNA file[0m
          [36m</button>[39m
        [36m</div>[39m
        [36m<div[39m
          [33mstyle[39m=[32m"background: var(--color-background-secondary, #f0f9f0); border: 1px solid 
var(--color-border-secondary, #cdeacd); border-radius: 8px; padding: 12px 14px; margin: 16px 0px; font-size: 13px; 
width: 100%; max-width: none; min-width: 0px; box-sizing: border-box;"[39m
        [36m>[39m
          [36m<p[39m
            [33mstyle[39m=[32m"margin: 0px 0px 4px; font-weight: 600;"[39m
          [36m>[39m
            [0mYour raw DNA file is processed locally.[0m
          [36m</p>[39m
          [36m<p[39m
            [33mstyle[39m=[32m"margin: 0px; color: var(--color-text-secondary, #5f6368);"[39m
          [36m>[39m
            [0mOnly variants used by Mutant are submitted[0m
            [0m (2 markers in the Mutant panel)[0m
            [0m. Your file is never uploaded or stored by Mutant.[0m
          [36m</p>[39m
        [36m</div>[39m
        [36m<p[39m
          [33mstyle[39m=[32m"margin: 0px 0px 12px; font-size: 13px; color: var(--color-text-secondary, 
#5f6368);"[39m
        [36m>[39m
          [0mGenerating your analysis usually takes about 2ΓÇô3 minutes.[0m
        [36m</p>[39m
        [36m<input[39m
          [33maccept[39m=[32m".txt,.vcf,.gz,.bgz"[39m
          [33mstyle[39m=[32m"display: none;"[39m
          [33mtype[39m=[32m"file"[39m
        [36m/>[39m
      [36m</main>[39m
    [36m</div>[39m
  [36m</div>[39m
[36m</body>[39m

Ignored nodes: comments, script, style
[36m<body>[39m
  [36m<div>[39m
    [36m<div[39m
      [33mstyle[39m=[32m"font-family: ui-sans-serif, system-ui, -apple-system, \"Segoe UI\", Roboto, Helvetica, 
Arial, sans-serif; font-size: 14px; line-height: 1.5; color: var(--color-text-primary, #1a1a1a); background: 
var(--color-background-primary, #ffffff); padding: 20px 22px; width: 100%; max-width: none; min-width: 0px; 
box-sizing: border-box; --mutant-accent: #1f7a3f; --mutant-accent-text: #ffffff; --mutant-error-bg: #fdecea; 
--mutant-error-border: #f5c6cb; --mutant-error-text: #7f1d1d; --mutant-drop-active: #f0fff4;"[39m
    [36m>[39m
      [36m<main[39m
        [33mstyle[39m=[32m"display: grid; grid-template-columns: minmax(0, 1fr); width: 100%; max-width: none; 
min-width: 0px; box-sizing: border-box;"[39m
      [36m>[39m
        [36m<h1[39m
          [33mstyle[39m=[32m"font-size: 17px; font-weight: 600; margin: 0px 0px 4px;"[39m
        [36m>[39m
          [0mAdd your DNA data[0m
        [36m</h1>[39m
        [36m<div[39m
          [33mrole[39m=[32m"status"[39m
          [33mstyle[39m=[32m"background: var(--color-background-secondary, #f5f7f6); border: 1px solid 
var(--color-border-secondary, #ced4da); border-radius: 8px; padding: 12px 14px; margin: 0px 0px 14px; font-size: 13px; 
width: 100%; max-width: none; min-width: 0px; box-sizing: border-box;"[39m
        [36m>[39m
          [36m<p[39m
            [33mstyle[39m=[32m"margin: 0px 0px 4px; font-weight: 600;"[39m
          [36m>[39m
            [0mDNA data is already on file[0m
          [36m</p>[39m
          [36m<p[39m
            [33mstyle[39m=[32m"margin: 0px; color: var(--color-text-secondary, #5f6368);"[39m
          [36m>[39m
            [0mYou can ask ChatGPT about your Mutant analysis. Importing another file replaces it.[0m
          [36m</p>[39m
        [36m</div>[39m
        [36m<div[39m
          [33mstyle[39m=[32m"border-radius: 10px; padding: 26px 20px; text-align: center; background: 
var(--color-background-secondary, #fafbfc); width: 100%; max-width: none; min-width: 0px; box-sizing: border-box; 
border-color: var(--color-border-secondary, #ced4da);"[39m
        [36m>[39m
          [36m<p[39m
            [33mstyle[39m=[32m"margin: 0px 0px 4px; font-weight: 600;"[39m
          [36m>[39m
            [0mDrag and drop your DNA file here[0m
          [36m</p>[39m
          [36m<p[39m
            [33mstyle[39m=[32m"margin: 0px 0px 16px; font-size: 13px; color: var(--color-text-secondary, 
#5f6368);"[39m
          [36m>[39m
            [0mAccepted formats: .txt (23andMe, AncestryDNA), .vcf, and .vcf.gz[0m
          [36m</p>[39m
          [36m<button[39m
            [33mstyle[39m=[32m"display: inline-block; background: var(--mutant-accent, #1f7a3f); color: 
var(--mutant-accent-text, #ffffff); border: medium; border-radius: 8px; padding: 10px 18px; font-size: 14px; 
font-weight: 600; cursor: pointer;"[39m
            [33mtype[39m=[32m"button"[39m
          [36m>[39m
            [0mChoose DNA file[0m
          [36m</button>[39m
        [36m</div>[39m
        [36m<div[39m
          [33mstyle[39m=[32m"background: var(--color-background-secondary, #f0f9f0); border: 1px solid 
var(--color-border-secondary, #cdeacd); border-radius: 8px; padding: 12px 14px; margin: 16px 0px; font-size: 13px; 
width: 100%; max-width: none; min-width: 0px; box-sizing: border-box;"[39m
        [36m>[39m
          [36m<p[39m
            [33mstyle[39m=[32m"margin: 0px 0px 4px; font-weight: 600;"[39m
          [36m>[39m
            [0mYour raw DNA file is processed locally.[0m
          [36m</p>[39m
          [36m<p[39m
            [33mstyle[39m=[32m"margin: 0px; color: var(--color-text-secondary, #5f6368);"[39m
          [36m>[39m
            [0mOnly variants used by Mutant are submitted[0m
            [0m (2 markers in the Mutant panel)[0m
            [0m. Your file is never uploaded or stored by Mutant.[0m
          [36m</p>[39m
        [36m</div>[39m
        [36m<p[39m
          [33mstyle[39m=[32m"margin: 0px 0px 12px; font-size: 13px; color: var(--color-text-secondary, 
#5f6368);"[39m
        [36m>[39m
          [0mGenerating your analysis usually takes about 2ΓÇô3 minutes.[0m
        [36m</p>[39m
        [36m<input[39m
          [33maccept[39m=[32m".txt,.vcf,.gz,.bgz"[39m
          [33mstyle[39m=[32m"display: none;"[39m
          [33mtype[39m=[32m"file"[39m
        [36m/>[39m
      [36m</main>[39m
    [36m</div>[39m
  [36m</div>[39m
[36m</body>[39m
 Γ¥» waitForWrapper node_modules/@testing-library/dom/dist/wait-for.js:163:27
 Γ¥» node_modules/@testing-library/dom/dist/query-helpers.js:86:33
 Γ¥» tests/dna-import-ui.test.tsx:797:18
    795|     });
    796|
    797|     await screen.findByText(/Analysis ready/i);
       |                  ^
    798|     expect(screen.getByText(/newer analysis platform is available/i)).ΓÇª
    799|     fireEvent.click(screen.getByRole("button", { name: /refresh analysΓÇª

ΓÄ»ΓÄ»ΓÄ»ΓÄ»ΓÄ»ΓÄ»ΓÄ»ΓÄ»ΓÄ»ΓÄ»ΓÄ»ΓÄ»ΓÄ»ΓÄ»ΓÄ»ΓÄ»ΓÄ»ΓÄ»ΓÄ»ΓÄ»ΓÄ»ΓÄ»[18/24]ΓÄ»

 FAIL  tests/dna-import-ui.test.tsx > DNA import component > loads hints when a refresh status result mounts the card
TestingLibraryElementError: Unable to find an element with the text: /Analysis ready/i. This could be because the text 
is broken up by multiple elements. In this case, you can provide a function for your text matcher to make your matcher 
more flexible.

Ignored nodes: comments, script, style
[36m<body>[39m
  [36m<div>[39m
    [36m<div[39m
      [33mstyle[39m=[32m"font-family: ui-sans-serif, system-ui, -apple-system, \"Segoe UI\", Roboto, Helvetica, 
Arial, sans-serif; font-size: 14px; line-height: 1.5; color: var(--color-text-primary, #1a1a1a); background: 
var(--color-background-primary, #ffffff); padding: 20px 22px; width: 100%; max-width: none; min-width: 0px; 
box-sizing: border-box; --mutant-accent: #1f7a3f; --mutant-accent-text: #ffffff; --mutant-error-bg: #fdecea; 
--mutant-error-border: #f5c6cb; --mutant-error-text: #7f1d1d; --mutant-drop-active: #f0fff4;"[39m
    [36m>[39m
      [36m<main[39m
        [33mstyle[39m=[32m"display: grid; grid-template-columns: minmax(0, 1fr); width: 100%; max-width: none; 
min-width: 0px; box-sizing: border-box;"[39m
      [36m>[39m
        [36m<h1[39m
          [33mstyle[39m=[32m"font-size: 17px; font-weight: 600; margin: 0px 0px 4px;"[39m
        [36m>[39m
          [0mAdd your DNA data[0m
        [36m</h1>[39m
        [36m<div[39m
          [33mrole[39m=[32m"status"[39m
          [33mstyle[39m=[32m"background: var(--color-background-secondary, #f5f7f6); border: 1px solid 
var(--color-border-secondary, #ced4da); border-radius: 8px; padding: 12px 14px; margin: 0px 0px 14px; font-size: 13px; 
width: 100%; max-width: none; min-width: 0px; box-sizing: border-box;"[39m
        [36m>[39m
          [36m<p[39m
            [33mstyle[39m=[32m"margin: 0px 0px 4px; font-weight: 600;"[39m
          [36m>[39m
            [0mDNA data is already on file[0m
          [36m</p>[39m
          [36m<p[39m
            [33mstyle[39m=[32m"margin: 0px; color: var(--color-text-secondary, #5f6368);"[39m
          [36m>[39m
            [0mYou can ask ChatGPT about your Mutant analysis. Importing another file replaces it.[0m
          [36m</p>[39m
        [36m</div>[39m
        [36m<div[39m
          [33mstyle[39m=[32m"border-radius: 10px; padding: 26px 20px; text-align: center; background: 
var(--color-background-secondary, #fafbfc); width: 100%; max-width: none; min-width: 0px; box-sizing: border-box; 
border-color: var(--color-border-secondary, #ced4da);"[39m
        [36m>[39m
          [36m<p[39m
            [33mstyle[39m=[32m"margin: 0px 0px 4px; font-weight: 600;"[39m
          [36m>[39m
            [0mDrag and drop your DNA file here[0m
          [36m</p>[39m
          [36m<p[39m
            [33mstyle[39m=[32m"margin: 0px 0px 16px; font-size: 13px; color: var(--color-text-secondary, 
#5f6368);"[39m
          [36m>[39m
            [0mAccepted formats: .txt (23andMe, AncestryDNA), .vcf, and .vcf.gz[0m
          [36m</p>[39m
          [36m<button[39m
            [33mstyle[39m=[32m"display: inline-block; background: var(--mutant-accent, #1f7a3f); color: 
var(--mutant-accent-text, #ffffff); border: medium; border-radius: 8px; padding: 10px 18px; font-size: 14px; 
font-weight: 600; cursor: pointer;"[39m
            [33mtype[39m=[32m"button"[39m
          [36m>[39m
            [0mChoose DNA file[0m
          [36m</button>[39m
        [36m</div>[39m
        [36m<div[39m
          [33mstyle[39m=[32m"background: var(--color-background-secondary, #f0f9f0); border: 1px solid 
var(--color-border-secondary, #cdeacd); border-radius: 8px; padding: 12px 14px; margin: 16px 0px; font-size: 13px; 
width: 100%; max-width: none; min-width: 0px; box-sizing: border-box;"[39m
        [36m>[39m
          [36m<p[39m
            [33mstyle[39m=[32m"margin: 0px 0px 4px; font-weight: 600;"[39m
          [36m>[39m
            [0mYour raw DNA file is processed locally.[0m
          [36m</p>[39m
          [36m<p[39m
            [33mstyle[39m=[32m"margin: 0px; color: var(--color-text-secondary, #5f6368);"[39m
          [36m>[39m
            [0mOnly variants used by Mutant are submitted[0m
            [0m (2 markers in the Mutant panel)[0m
            [0m. Your file is never uploaded or stored by Mutant.[0m
          [36m</p>[39m
        [36m</div>[39m
        [36m<p[39m
          [33mstyle[39m=[32m"margin: 0px 0px 12px; font-size: 13px; color: var(--color-text-secondary, 
#5f6368);"[39m
        [36m>[39m
          [0mGenerating your analysis usually takes about 2ΓÇô3 minutes.[0m
        [36m</p>[39m
        [36m<input[39m
          [33maccept[39m=[32m".txt,.vcf,.gz,.bgz"[39m
          [33mstyle[39m=[32m"display: none;"[39m
          [33mtype[39m=[32m"file"[39m
        [36m/>[39m
      [36m</main>[39m
    [36m</div>[39m
  [36m</div>[39m
[36m</body>[39m

Ignored nodes: comments, script, style
[36m<body>[39m
  [36m<div>[39m
    [36m<div[39m
      [33mstyle[39m=[32m"font-family: ui-sans-serif, system-ui, -apple-system, \"Segoe UI\", Roboto, Helvetica, 
Arial, sans-serif; font-size: 14px; line-height: 1.5; color: var(--color-text-primary, #1a1a1a); background: 
var(--color-background-primary, #ffffff); padding: 20px 22px; width: 100%; max-width: none; min-width: 0px; 
box-sizing: border-box; --mutant-accent: #1f7a3f; --mutant-accent-text: #ffffff; --mutant-error-bg: #fdecea; 
--mutant-error-border: #f5c6cb; --mutant-error-text: #7f1d1d; --mutant-drop-active: #f0fff4;"[39m
    [36m>[39m
      [36m<main[39m
        [33mstyle[39m=[32m"display: grid; grid-template-columns: minmax(0, 1fr); width: 100%; max-width: none; 
min-width: 0px; box-sizing: border-box;"[39m
      [36m>[39m
        [36m<h1[39m
          [33mstyle[39m=[32m"font-size: 17px; font-weight: 600; margin: 0px 0px 4px;"[39m
        [36m>[39m
          [0mAdd your DNA data[0m
        [36m</h1>[39m
        [36m<div[39m
          [33mrole[39m=[32m"status"[39m
          [33mstyle[39m=[32m"background: var(--color-background-secondary, #f5f7f6); border: 1px solid 
var(--color-border-secondary, #ced4da); border-radius: 8px; padding: 12px 14px; margin: 0px 0px 14px; font-size: 13px; 
width: 100%; max-width: none; min-width: 0px; box-sizing: border-box;"[39m
        [36m>[39m
          [36m<p[39m
            [33mstyle[39m=[32m"margin: 0px 0px 4px; font-weight: 600;"[39m
          [36m>[39m
            [0mDNA data is already on file[0m
          [36m</p>[39m
          [36m<p[39m
            [33mstyle[39m=[32m"margin: 0px; color: var(--color-text-secondary, #5f6368);"[39m
          [36m>[39m
            [0mYou can ask ChatGPT about your Mutant analysis. Importing another file replaces it.[0m
          [36m</p>[39m
        [36m</div>[39m
        [36m<div[39m
          [33mstyle[39m=[32m"border-radius: 10px; padding: 26px 20px; text-align: center; background: 
var(--color-background-secondary, #fafbfc); width: 100%; max-width: none; min-width: 0px; box-sizing: border-box; 
border-color: var(--color-border-secondary, #ced4da);"[39m
        [36m>[39m
          [36m<p[39m
            [33mstyle[39m=[32m"margin: 0px 0px 4px; font-weight: 600;"[39m
          [36m>[39m
            [0mDrag and drop your DNA file here[0m
          [36m</p>[39m
          [36m<p[39m
            [33mstyle[39m=[32m"margin: 0px 0px 16px; font-size: 13px; color: var(--color-text-secondary, 
#5f6368);"[39m
          [36m>[39m
            [0mAccepted formats: .txt (23andMe, AncestryDNA), .vcf, and .vcf.gz[0m
          [36m</p>[39m
          [36m<button[39m
            [33mstyle[39m=[32m"display: inline-block; background: var(--mutant-accent, #1f7a3f); color: 
var(--mutant-accent-text, #ffffff); border: medium; border-radius: 8px; padding: 10px 18px; font-size: 14px; 
font-weight: 600; cursor: pointer;"[39m
            [33mtype[39m=[32m"button"[39m
          [36m>[39m
            [0mChoose DNA file[0m
          [36m</button>[39m
        [36m</div>[39m
        [36m<div[39m
          [33mstyle[39m=[32m"background: var(--color-background-secondary, #f0f9f0); border: 1px solid 
var(--color-border-secondary, #cdeacd); border-radius: 8px; padding: 12px 14px; margin: 16px 0px; font-size: 13px; 
width: 100%; max-width: none; min-width: 0px; box-sizing: border-box;"[39m
        [36m>[39m
          [36m<p[39m
            [33mstyle[39m=[32m"margin: 0px 0px 4px; font-weight: 600;"[39m
          [36m>[39m
            [0mYour raw DNA file is processed locally.[0m
          [36m</p>[39m
          [36m<p[39m
            [33mstyle[39m=[32m"margin: 0px; color: var(--color-text-secondary, #5f6368);"[39m
          [36m>[39m
            [0mOnly variants used by Mutant are submitted[0m
            [0m (2 markers in the Mutant panel)[0m
            [0m. Your file is never uploaded or stored by Mutant.[0m
          [36m</p>[39m
        [36m</div>[39m
        [36m<p[39m
          [33mstyle[39m=[32m"margin: 0px 0px 12px; font-size: 13px; color: var(--color-text-secondary, 
#5f6368);"[39m
        [36m>[39m
          [0mGenerating your analysis usually takes about 2ΓÇô3 minutes.[0m
        [36m</p>[39m
        [36m<input[39m
          [33maccept[39m=[32m".txt,.vcf,.gz,.bgz"[39m
          [33mstyle[39m=[32m"display: none;"[39m
          [33mtype[39m=[32m"file"[39m
        [36m/>[39m
      [36m</main>[39m
    [36m</div>[39m
  [36m</div>[39m
[36m</body>[39m
 Γ¥» waitForWrapper node_modules/@testing-library/dom/dist/wait-for.js:163:27
 Γ¥» node_modules/@testing-library/dom/dist/query-helpers.js:86:33
 Γ¥» tests/dna-import-ui.test.tsx:824:18
    822|     });
    823|
    824|     await screen.findByText(/Analysis ready/i);
       |                  ^
    825|     bridge.sendToolResult(status, { mutant: { mode: "overview" } });
    826|

ΓÄ»ΓÄ»ΓÄ»ΓÄ»ΓÄ»ΓÄ»ΓÄ»ΓÄ»ΓÄ»ΓÄ»ΓÄ»ΓÄ»ΓÄ»ΓÄ»ΓÄ»ΓÄ»ΓÄ»ΓÄ»ΓÄ»ΓÄ»ΓÄ»ΓÄ»[19/24]ΓÄ»

 FAIL  tests/dna-import-ui.test.tsx > DNA import component > moves off the ready card when a regenerate result arrives 
after mount
TestingLibraryElementError: Unable to find an element with the text: /Analysis ready/i. This could be because the text 
is broken up by multiple elements. In this case, you can provide a function for your text matcher to make your matcher 
more flexible.

Ignored nodes: comments, script, style
[36m<body>[39m
  [36m<div>[39m
    [36m<div[39m
      [33mstyle[39m=[32m"font-family: ui-sans-serif, system-ui, -apple-system, \"Segoe UI\", Roboto, Helvetica, 
Arial, sans-serif; font-size: 14px; line-height: 1.5; color: var(--color-text-primary, #1a1a1a); background: 
var(--color-background-primary, #ffffff); padding: 20px 22px; width: 100%; max-width: none; min-width: 0px; 
box-sizing: border-box; --mutant-accent: #1f7a3f; --mutant-accent-text: #ffffff; --mutant-error-bg: #fdecea; 
--mutant-error-border: #f5c6cb; --mutant-error-text: #7f1d1d; --mutant-drop-active: #f0fff4;"[39m
    [36m>[39m
      [36m<main[39m
        [33mstyle[39m=[32m"display: grid; grid-template-columns: minmax(0, 1fr); width: 100%; max-width: none; 
min-width: 0px; box-sizing: border-box;"[39m
      [36m>[39m
        [36m<h1[39m
          [33mstyle[39m=[32m"font-size: 17px; font-weight: 600; margin: 0px 0px 4px;"[39m
        [36m>[39m
          [0mAdd your DNA data[0m
        [36m</h1>[39m
        [36m<div[39m
          [33mrole[39m=[32m"status"[39m
          [33mstyle[39m=[32m"background: var(--color-background-secondary, #f5f7f6); border: 1px solid 
var(--color-border-secondary, #ced4da); border-radius: 8px; padding: 12px 14px; margin: 0px 0px 14px; font-size: 13px; 
width: 100%; max-width: none; min-width: 0px; box-sizing: border-box;"[39m
        [36m>[39m
          [36m<p[39m
            [33mstyle[39m=[32m"margin: 0px 0px 4px; font-weight: 600;"[39m
          [36m>[39m
            [0mDNA data is already on file[0m
          [36m</p>[39m
          [36m<p[39m
            [33mstyle[39m=[32m"margin: 0px; color: var(--color-text-secondary, #5f6368);"[39m
          [36m>[39m
            [0mYou can ask ChatGPT about your Mutant analysis. Importing another file replaces it.[0m
          [36m</p>[39m
        [36m</div>[39m
        [36m<div[39m
          [33mstyle[39m=[32m"border-radius: 10px; padding: 26px 20px; text-align: center; background: 
var(--color-background-secondary, #fafbfc); width: 100%; max-width: none; min-width: 0px; box-sizing: border-box; 
border-color: var(--color-border-secondary, #ced4da);"[39m
        [36m>[39m
          [36m<p[39m
            [33mstyle[39m=[32m"margin: 0px 0px 4px; font-weight: 600;"[39m
          [36m>[39m
            [0mDrag and drop your DNA file here[0m
          [36m</p>[39m
          [36m<p[39m
            [33mstyle[39m=[32m"margin: 0px 0px 16px; font-size: 13px; color: var(--color-text-secondary, 
#5f6368);"[39m
          [36m>[39m
            [0mAccepted formats: .txt (23andMe, AncestryDNA), .vcf, and .vcf.gz[0m
          [36m</p>[39m
          [36m<button[39m
            [33mstyle[39m=[32m"display: inline-block; background: var(--mutant-accent, #1f7a3f); color: 
var(--mutant-accent-text, #ffffff); border: medium; border-radius: 8px; padding: 10px 18px; font-size: 14px; 
font-weight: 600; cursor: pointer;"[39m
            [33mtype[39m=[32m"button"[39m
          [36m>[39m
            [0mChoose DNA file[0m
          [36m</button>[39m
        [36m</div>[39m
        [36m<div[39m
          [33mstyle[39m=[32m"background: var(--color-background-secondary, #f0f9f0); border: 1px solid 
var(--color-border-secondary, #cdeacd); border-radius: 8px; padding: 12px 14px; margin: 16px 0px; font-size: 13px; 
width: 100%; max-width: none; min-width: 0px; box-sizing: border-box;"[39m
        [36m>[39m
          [36m<p[39m
            [33mstyle[39m=[32m"margin: 0px 0px 4px; font-weight: 600;"[39m
          [36m>[39m
            [0mYour raw DNA file is processed locally.[0m
          [36m</p>[39m
          [36m<p[39m
            [33mstyle[39m=[32m"margin: 0px; color: var(--color-text-secondary, #5f6368);"[39m
          [36m>[39m
            [0mOnly variants used by Mutant are submitted[0m
            [0m (2 markers in the Mutant panel)[0m
            [0m. Your file is never uploaded or stored by Mutant.[0m
          [36m</p>[39m
        [36m</div>[39m
        [36m<p[39m
          [33mstyle[39m=[32m"margin: 0px 0px 12px; font-size: 13px; color: var(--color-text-secondary, 
#5f6368);"[39m
        [36m>[39m
          [0mGenerating your analysis usually takes about 2ΓÇô3 minutes.[0m
        [36m</p>[39m
        [36m<input[39m
          [33maccept[39m=[32m".txt,.vcf,.gz,.bgz"[39m
          [33mstyle[39m=[32m"display: none;"[39m
          [33mtype[39m=[32m"file"[39m
        [36m/>[39m
      [36m</main>[39m
    [36m</div>[39m
  [36m</div>[39m
[36m</body>[39m

Ignored nodes: comments, script, style
[36m<body>[39m
  [36m<div>[39m
    [36m<div[39m
      [33mstyle[39m=[32m"font-family: ui-sans-serif, system-ui, -apple-system, \"Segoe UI\", Roboto, Helvetica, 
Arial, sans-serif; font-size: 14px; line-height: 1.5; color: var(--color-text-primary, #1a1a1a); background: 
var(--color-background-primary, #ffffff); padding: 20px 22px; width: 100%; max-width: none; min-width: 0px; 
box-sizing: border-box; --mutant-accent: #1f7a3f; --mutant-accent-text: #ffffff; --mutant-error-bg: #fdecea; 
--mutant-error-border: #f5c6cb; --mutant-error-text: #7f1d1d; --mutant-drop-active: #f0fff4;"[39m
    [36m>[39m
      [36m<main[39m
        [33mstyle[39m=[32m"display: grid; grid-template-columns: minmax(0, 1fr); width: 100%; max-width: none; 
min-width: 0px; box-sizing: border-box;"[39m
      [36m>[39m
        [36m<h1[39m
          [33mstyle[39m=[32m"font-size: 17px; font-weight: 600; margin: 0px 0px 4px;"[39m
        [36m>[39m
          [0mAdd your DNA data[0m
        [36m</h1>[39m
        [36m<div[39m
          [33mrole[39m=[32m"status"[39m
          [33mstyle[39m=[32m"background: var(--color-background-secondary, #f5f7f6); border: 1px solid 
var(--color-border-secondary, #ced4da); border-radius: 8px; padding: 12px 14px; margin: 0px 0px 14px; font-size: 13px; 
width: 100%; max-width: none; min-width: 0px; box-sizing: border-box;"[39m
        [36m>[39m
          [36m<p[39m
            [33mstyle[39m=[32m"margin: 0px 0px 4px; font-weight: 600;"[39m
          [36m>[39m
            [0mDNA data is already on file[0m
          [36m</p>[39m
          [36m<p[39m
            [33mstyle[39m=[32m"margin: 0px; color: var(--color-text-secondary, #5f6368);"[39m
          [36m>[39m
            [0mYou can ask ChatGPT about your Mutant analysis. Importing another file replaces it.[0m
          [36m</p>[39m
        [36m</div>[39m
        [36m<div[39m
          [33mstyle[39m=[32m"border-radius: 10px; padding: 26px 20px; text-align: center; background: 
var(--color-background-secondary, #fafbfc); width: 100%; max-width: none; min-width: 0px; box-sizing: border-box; 
border-color: var(--color-border-secondary, #ced4da);"[39m
        [36m>[39m
          [36m<p[39m
            [33mstyle[39m=[32m"margin: 0px 0px 4px; font-weight: 600;"[39m
          [36m>[39m
            [0mDrag and drop your DNA file here[0m
          [36m</p>[39m
          [36m<p[39m
            [33mstyle[39m=[32m"margin: 0px 0px 16px; font-size: 13px; color: var(--color-text-secondary, 
#5f6368);"[39m
          [36m>[39m
            [0mAccepted formats: .txt (23andMe, AncestryDNA), .vcf, and .vcf.gz[0m
          [36m</p>[39m
          [36m<button[39m
            [33mstyle[39m=[32m"display: inline-block; background: var(--mutant-accent, #1f7a3f); color: 
var(--mutant-accent-text, #ffffff); border: medium; border-radius: 8px; padding: 10px 18px; font-size: 14px; 
font-weight: 600; cursor: pointer;"[39m
            [33mtype[39m=[32m"button"[39m
          [36m>[39m
            [0mChoose DNA file[0m
          [36m</button>[39m
        [36m</div>[39m
        [36m<div[39m
          [33mstyle[39m=[32m"background: var(--color-background-secondary, #f0f9f0); border: 1px solid 
var(--color-border-secondary, #cdeacd); border-radius: 8px; padding: 12px 14px; margin: 16px 0px; font-size: 13px; 
width: 100%; max-width: none; min-width: 0px; box-sizing: border-box;"[39m
        [36m>[39m
          [36m<p[39m
            [33mstyle[39m=[32m"margin: 0px 0px 4px; font-weight: 600;"[39m
          [36m>[39m
            [0mYour raw DNA file is processed locally.[0m
          [36m</p>[39m
          [36m<p[39m
            [33mstyle[39m=[32m"margin: 0px; color: var(--color-text-secondary, #5f6368);"[39m
          [36m>[39m
            [0mOnly variants used by Mutant are submitted[0m
            [0m (2 markers in the Mutant panel)[0m
            [0m. Your file is never uploaded or stored by Mutant.[0m
          [36m</p>[39m
        [36m</div>[39m
        [36m<p[39m
          [33mstyle[39m=[32m"margin: 0px 0px 12px; font-size: 13px; color: var(--color-text-secondary, 
#5f6368);"[39m
        [36m>[39m
          [0mGenerating your analysis usually takes about 2ΓÇô3 minutes.[0m
        [36m</p>[39m
        [36m<input[39m
          [33maccept[39m=[32m".txt,.vcf,.gz,.bgz"[39m
          [33mstyle[39m=[32m"display: none;"[39m
          [33mtype[39m=[32m"file"[39m
        [36m/>[39m
      [36m</main>[39m
    [36m</div>[39m
  [36m</div>[39m
[36m</body>[39m
 Γ¥» waitForWrapper node_modules/@testing-library/dom/dist/wait-for.js:163:27
 Γ¥» node_modules/@testing-library/dom/dist/query-helpers.js:86:33
 Γ¥» tests/dna-import-ui.test.tsx:860:18
    858|     });
    859|
    860|     await screen.findByText(/Analysis ready/i);
       |                  ^
    861|     expect(screen.getByRole("button", { name: /refresh analysis/i })).ΓÇª
    862|

ΓÄ»ΓÄ»ΓÄ»ΓÄ»ΓÄ»ΓÄ»ΓÄ»ΓÄ»ΓÄ»ΓÄ»ΓÄ»ΓÄ»ΓÄ»ΓÄ»ΓÄ»ΓÄ»ΓÄ»ΓÄ»ΓÄ»ΓÄ»ΓÄ»ΓÄ»[20/24]ΓÄ»

 FAIL  tests/dna-import-ui.test.tsx > DNA import component > sends exactly one host follow-up per action and never 
renders the prompt
TestingLibraryElementError: Unable to find an element with the text: /Analysis ready/i. This could be because the text 
is broken up by multiple elements. In this case, you can provide a function for your text matcher to make your matcher 
more flexible.

Ignored nodes: comments, script, style
[36m<body>[39m
  [36m<div>[39m
    [36m<div[39m
      [33mstyle[39m=[32m"font-family: ui-sans-serif, system-ui, -apple-system, \"Segoe UI\", Roboto, Helvetica, 
Arial, sans-serif; font-size: 14px; line-height: 1.5; color: var(--color-text-primary, #1a1a1a); background: 
var(--color-background-primary, #ffffff); padding: 20px 22px; width: 100%; max-width: none; min-width: 0px; 
box-sizing: border-box; --mutant-accent: #1f7a3f; --mutant-accent-text: #ffffff; --mutant-error-bg: #fdecea; 
--mutant-error-border: #f5c6cb; --mutant-error-text: #7f1d1d; --mutant-drop-active: #f0fff4;"[39m
    [36m>[39m
      [36m<main[39m
        [33mstyle[39m=[32m"display: grid; grid-template-columns: minmax(0, 1fr); width: 100%; max-width: none; 
min-width: 0px; box-sizing: border-box;"[39m
      [36m>[39m
        [36m<h1[39m
          [33mstyle[39m=[32m"font-size: 17px; font-weight: 600; margin: 0px 0px 4px;"[39m
        [36m>[39m
          [0mAdd your DNA data[0m
        [36m</h1>[39m
        [36m<div[39m
          [33mrole[39m=[32m"status"[39m
          [33mstyle[39m=[32m"background: var(--color-background-secondary, #f5f7f6); border: 1px solid 
var(--color-border-secondary, #ced4da); border-radius: 8px; padding: 12px 14px; margin: 0px 0px 14px; font-size: 13px; 
width: 100%; max-width: none; min-width: 0px; box-sizing: border-box;"[39m
        [36m>[39m
          [36m<p[39m
            [33mstyle[39m=[32m"margin: 0px 0px 4px; font-weight: 600;"[39m
          [36m>[39m
            [0mDNA data is already on file[0m
          [36m</p>[39m
          [36m<p[39m
            [33mstyle[39m=[32m"margin: 0px; color: var(--color-text-secondary, #5f6368);"[39m
          [36m>[39m
            [0mYou can ask ChatGPT about your Mutant analysis. Importing another file replaces it.[0m
          [36m</p>[39m
        [36m</div>[39m
        [36m<div[39m
          [33mstyle[39m=[32m"border-radius: 10px; padding: 26px 20px; text-align: center; background: 
var(--color-background-secondary, #fafbfc); width: 100%; max-width: none; min-width: 0px; box-sizing: border-box; 
border-color: var(--color-border-secondary, #ced4da);"[39m
        [36m>[39m
          [36m<p[39m
            [33mstyle[39m=[32m"margin: 0px 0px 4px; font-weight: 600;"[39m
          [36m>[39m
            [0mDrag and drop your DNA file here[0m
          [36m</p>[39m
          [36m<p[39m
            [33mstyle[39m=[32m"margin: 0px 0px 16px; font-size: 13px; color: var(--color-text-secondary, 
#5f6368);"[39m
          [36m>[39m
            [0mAccepted formats: .txt (23andMe, AncestryDNA), .vcf, and .vcf.gz[0m
          [36m</p>[39m
          [36m<button[39m
            [33mstyle[39m=[32m"display: inline-block; background: var(--mutant-accent, #1f7a3f); color: 
var(--mutant-accent-text, #ffffff); border: medium; border-radius: 8px; padding: 10px 18px; font-size: 14px; 
font-weight: 600; cursor: pointer;"[39m
            [33mtype[39m=[32m"button"[39m
          [36m>[39m
            [0mChoose DNA file[0m
          [36m</button>[39m
        [36m</div>[39m
        [36m<div[39m
          [33mstyle[39m=[32m"background: var(--color-background-secondary, #f0f9f0); border: 1px solid 
var(--color-border-secondary, #cdeacd); border-radius: 8px; padding: 12px 14px; margin: 16px 0px; font-size: 13px; 
width: 100%; max-width: none; min-width: 0px; box-sizing: border-box;"[39m
        [36m>[39m
          [36m<p[39m
            [33mstyle[39m=[32m"margin: 0px 0px 4px; font-weight: 600;"[39m
          [36m>[39m
            [0mYour raw DNA file is processed locally.[0m
          [36m</p>[39m
          [36m<p[39m
            [33mstyle[39m=[32m"margin: 0px; color: var(--color-text-secondary, #5f6368);"[39m
          [36m>[39m
            [0mOnly variants used by Mutant are submitted[0m
            [0m (2 markers in the Mutant panel)[0m
            [0m. Your file is never uploaded or stored by Mutant.[0m
          [36m</p>[39m
        [36m</div>[39m
        [36m<p[39m
          [33mstyle[39m=[32m"margin: 0px 0px 12px; font-size: 13px; color: var(--color-text-secondary, 
#5f6368);"[39m
        [36m>[39m
          [0mGenerating your analysis usually takes about 2ΓÇô3 minutes.[0m
        [36m</p>[39m
        [36m<input[39m
          [33maccept[39m=[32m".txt,.vcf,.gz,.bgz"[39m
          [33mstyle[39m=[32m"display: none;"[39m
          [33mtype[39m=[32m"file"[39m
        [36m/>[39m
      [36m</main>[39m
    [36m</div>[39m
  [36m</div>[39m
[36m</body>[39m

Ignored nodes: comments, script, style
[36m<body>[39m
  [36m<div>[39m
    [36m<div[39m
      [33mstyle[39m=[32m"font-family: ui-sans-serif, system-ui, -apple-system, \"Segoe UI\", Roboto, Helvetica, 
Arial, sans-serif; font-size: 14px; line-height: 1.5; color: var(--color-text-primary, #1a1a1a); background: 
var(--color-background-primary, #ffffff); padding: 20px 22px; width: 100%; max-width: none; min-width: 0px; 
box-sizing: border-box; --mutant-accent: #1f7a3f; --mutant-accent-text: #ffffff; --mutant-error-bg: #fdecea; 
--mutant-error-border: #f5c6cb; --mutant-error-text: #7f1d1d; --mutant-drop-active: #f0fff4;"[39m
    [36m>[39m
      [36m<main[39m
        [33mstyle[39m=[32m"display: grid; grid-template-columns: minmax(0, 1fr); width: 100%; max-width: none; 
min-width: 0px; box-sizing: border-box;"[39m
      [36m>[39m
        [36m<h1[39m
          [33mstyle[39m=[32m"font-size: 17px; font-weight: 600; margin: 0px 0px 4px;"[39m
        [36m>[39m
          [0mAdd your DNA data[0m
        [36m</h1>[39m
        [36m<div[39m
          [33mrole[39m=[32m"status"[39m
          [33mstyle[39m=[32m"background: var(--color-background-secondary, #f5f7f6); border: 1px solid 
var(--color-border-secondary, #ced4da); border-radius: 8px; padding: 12px 14px; margin: 0px 0px 14px; font-size: 13px; 
width: 100%; max-width: none; min-width: 0px; box-sizing: border-box;"[39m
        [36m>[39m
          [36m<p[39m
            [33mstyle[39m=[32m"margin: 0px 0px 4px; font-weight: 600;"[39m
          [36m>[39m
            [0mDNA data is already on file[0m
          [36m</p>[39m
          [36m<p[39m
            [33mstyle[39m=[32m"margin: 0px; color: var(--color-text-secondary, #5f6368);"[39m
          [36m>[39m
            [0mYou can ask ChatGPT about your Mutant analysis. Importing another file replaces it.[0m
          [36m</p>[39m
        [36m</div>[39m
        [36m<div[39m
          [33mstyle[39m=[32m"border-radius: 10px; padding: 26px 20px; text-align: center; background: 
var(--color-background-secondary, #fafbfc); width: 100%; max-width: none; min-width: 0px; box-sizing: border-box; 
border-color: var(--color-border-secondary, #ced4da);"[39m
        [36m>[39m
          [36m<p[39m
            [33mstyle[39m=[32m"margin: 0px 0px 4px; font-weight: 600;"[39m
          [36m>[39m
            [0mDrag and drop your DNA file here[0m
          [36m</p>[39m
          [36m<p[39m
            [33mstyle[39m=[32m"margin: 0px 0px 16px; font-size: 13px; color: var(--color-text-secondary, 
#5f6368);"[39m
          [36m>[39m
            [0mAccepted formats: .txt (23andMe, AncestryDNA), .vcf, and .vcf.gz[0m
          [36m</p>[39m
          [36m<button[39m
            [33mstyle[39m=[32m"display: inline-block; background: var(--mutant-accent, #1f7a3f); color: 
var(--mutant-accent-text, #ffffff); border: medium; border-radius: 8px; padding: 10px 18px; font-size: 14px; 
font-weight: 600; cursor: pointer;"[39m
            [33mtype[39m=[32m"button"[39m
          [36m>[39m
            [0mChoose DNA file[0m
          [36m</button>[39m
        [36m</div>[39m
        [36m<div[39m
          [33mstyle[39m=[32m"background: var(--color-background-secondary, #f0f9f0); border: 1px solid 
var(--color-border-secondary, #cdeacd); border-radius: 8px; padding: 12px 14px; margin: 16px 0px; font-size: 13px; 
width: 100%; max-width: none; min-width: 0px; box-sizing: border-box;"[39m
        [36m>[39m
          [36m<p[39m
            [33mstyle[39m=[32m"margin: 0px 0px 4px; font-weight: 600;"[39m
          [36m>[39m
            [0mYour raw DNA file is processed locally.[0m
          [36m</p>[39m
          [36m<p[39m
            [33mstyle[39m=[32m"margin: 0px; color: var(--color-text-secondary, #5f6368);"[39m
          [36m>[39m
            [0mOnly variants used by Mutant are submitted[0m
            [0m (2 markers in the Mutant panel)[0m
            [0m. Your file is never uploaded or stored by Mutant.[0m
          [36m</p>[39m
        [36m</div>[39m
        [36m<p[39m
          [33mstyle[39m=[32m"margin: 0px 0px 12px; font-size: 13px; color: var(--color-text-secondary, 
#5f6368);"[39m
        [36m>[39m
          [0mGenerating your analysis usually takes about 2ΓÇô3 minutes.[0m
        [36m</p>[39m
        [36m<input[39m
          [33maccept[39m=[32m".txt,.vcf,.gz,.bgz"[39m
          [33mstyle[39m=[32m"display: none;"[39m
          [33mtype[39m=[32m"file"[39m
        [36m/>[39m
      [36m</main>[39m
    [36m</div>[39m
  [36m</div>[39m
[36m</body>[39m
 Γ¥» waitForWrapper node_modules/@testing-library/dom/dist/wait-for.js:163:27
 Γ¥» node_modules/@testing-library/dom/dist/query-helpers.js:86:33
 Γ¥» tests/dna-import-ui.test.tsx:875:18
    873|     const bridge = renderWith({ get_analysis_status: statusResponse("rΓÇª
    874|
    875|     await screen.findByText(/Analysis ready/i);
       |                  ^
    876|     fireEvent.click(screen.getByRole("button", { name: /view my top 3 ΓÇª
    877|     await screen.findByText(/Alpha finding/i);

ΓÄ»ΓÄ»ΓÄ»ΓÄ»ΓÄ»ΓÄ»ΓÄ»ΓÄ»ΓÄ»ΓÄ»ΓÄ»ΓÄ»ΓÄ»ΓÄ»ΓÄ»ΓÄ»ΓÄ»ΓÄ»ΓÄ»ΓÄ»ΓÄ»ΓÄ»[21/24]ΓÄ»

 FAIL  tests/dna-import-ui.test.tsx > DNA import component > uses the ChatGPT host API when the widget is injected 
with window.openai
TestingLibraryElementError: Unable to find an element with the text: /Analysis ready/i. This could be because the text 
is broken up by multiple elements. In this case, you can provide a function for your text matcher to make your matcher 
more flexible.

Ignored nodes: comments, script, style
[36m<body>[39m
  [36m<div>[39m
    [36m<div[39m
      [33mstyle[39m=[32m"font-family: ui-sans-serif, system-ui, -apple-system, \"Segoe UI\", Roboto, Helvetica, 
Arial, sans-serif; font-size: 14px; line-height: 1.5; color: var(--color-text-primary, #1a1a1a); background: 
var(--color-background-primary, #ffffff); padding: 20px 22px; width: 100%; max-width: none; min-width: 0px; 
box-sizing: border-box; --mutant-accent: #1f7a3f; --mutant-accent-text: #ffffff; --mutant-error-bg: #fdecea; 
--mutant-error-border: #f5c6cb; --mutant-error-text: #7f1d1d; --mutant-drop-active: #f0fff4;"[39m
    [36m>[39m
      [36m<main[39m
        [33mstyle[39m=[32m"display: grid; grid-template-columns: minmax(0, 1fr); width: 100%; max-width: none; 
min-width: 0px; box-sizing: border-box;"[39m
      [36m>[39m
        [36m<h1[39m
          [33mstyle[39m=[32m"font-size: 17px; font-weight: 600; margin: 0px 0px 4px;"[39m
        [36m>[39m
          [0mAdd your DNA data[0m
        [36m</h1>[39m
        [36m<div[39m
          [33mrole[39m=[32m"status"[39m
          [33mstyle[39m=[32m"background: var(--color-background-secondary, #f5f7f6); border: 1px solid 
var(--color-border-secondary, #ced4da); border-radius: 8px; padding: 12px 14px; margin: 0px 0px 14px; font-size: 13px; 
width: 100%; max-width: none; min-width: 0px; box-sizing: border-box;"[39m
        [36m>[39m
          [36m<p[39m
            [33mstyle[39m=[32m"margin: 0px 0px 4px; font-weight: 600;"[39m
          [36m>[39m
            [0mDNA data is already on file[0m
          [36m</p>[39m
          [36m<p[39m
            [33mstyle[39m=[32m"margin: 0px; color: var(--color-text-secondary, #5f6368);"[39m
          [36m>[39m
            [0mYou can ask ChatGPT about your Mutant analysis. Importing another file replaces it.[0m
          [36m</p>[39m
        [36m</div>[39m
        [36m<div[39m
          [33mstyle[39m=[32m"border-radius: 10px; padding: 26px 20px; text-align: center; background: 
var(--color-background-secondary, #fafbfc); width: 100%; max-width: none; min-width: 0px; box-sizing: border-box; 
border-color: var(--color-border-secondary, #ced4da);"[39m
        [36m>[39m
          [36m<p[39m
            [33mstyle[39m=[32m"margin: 0px 0px 4px; font-weight: 600;"[39m
          [36m>[39m
            [0mDrag and drop your DNA file here[0m
          [36m</p>[39m
          [36m<p[39m
            [33mstyle[39m=[32m"margin: 0px 0px 16px; font-size: 13px; color: var(--color-text-secondary, 
#5f6368);"[39m
          [36m>[39m
            [0mAccepted formats: .txt (23andMe, AncestryDNA), .vcf, and .vcf.gz[0m
          [36m</p>[39m
          [36m<button[39m
            [33mstyle[39m=[32m"display: inline-block; background: var(--mutant-accent, #1f7a3f); color: 
var(--mutant-accent-text, #ffffff); border: medium; border-radius: 8px; padding: 10px 18px; font-size: 14px; 
font-weight: 600; cursor: pointer;"[39m
            [33mtype[39m=[32m"button"[39m
          [36m>[39m
            [0mChoose DNA file[0m
          [36m</button>[39m
        [36m</div>[39m
        [36m<div[39m
          [33mstyle[39m=[32m"background: var(--color-background-secondary, #f0f9f0); border: 1px solid 
var(--color-border-secondary, #cdeacd); border-radius: 8px; padding: 12px 14px; margin: 16px 0px; font-size: 13px; 
width: 100%; max-width: none; min-width: 0px; box-sizing: border-box;"[39m
        [36m>[39m
          [36m<p[39m
            [33mstyle[39m=[32m"margin: 0px 0px 4px; font-weight: 600;"[39m
          [36m>[39m
            [0mYour raw DNA file is processed locally.[0m
          [36m</p>[39m
          [36m<p[39m
            [33mstyle[39m=[32m"margin: 0px; color: var(--color-text-secondary, #5f6368);"[39m
          [36m>[39m
            [0mOnly variants used by Mutant are submitted[0m
            [0m (2 markers in the Mutant panel)[0m
            [0m. Your file is never uploaded or stored by Mutant.[0m
          [36m</p>[39m
        [36m</div>[39m
        [36m<p[39m
          [33mstyle[39m=[32m"margin: 0px 0px 12px; font-size: 13px; color: var(--color-text-secondary, 
#5f6368);"[39m
        [36m>[39m
          [0mGenerating your analysis usually takes about 2ΓÇô3 minutes.[0m
        [36m</p>[39m
        [36m<input[39m
          [33maccept[39m=[32m".txt,.vcf,.gz,.bgz"[39m
          [33mstyle[39m=[32m"display: none;"[39m
          [33mtype[39m=[32m"file"[39m
        [36m/>[39m
      [36m</main>[39m
    [36m</div>[39m
  [36m</div>[39m
[36m</body>[39m

Ignored nodes: comments, script, style
[36m<body>[39m
  [36m<div>[39m
    [36m<div[39m
      [33mstyle[39m=[32m"font-family: ui-sans-serif, system-ui, -apple-system, \"Segoe UI\", Roboto, Helvetica, 
Arial, sans-serif; font-size: 14px; line-height: 1.5; color: var(--color-text-primary, #1a1a1a); background: 
var(--color-background-primary, #ffffff); padding: 20px 22px; width: 100%; max-width: none; min-width: 0px; 
box-sizing: border-box; --mutant-accent: #1f7a3f; --mutant-accent-text: #ffffff; --mutant-error-bg: #fdecea; 
--mutant-error-border: #f5c6cb; --mutant-error-text: #7f1d1d; --mutant-drop-active: #f0fff4;"[39m
    [36m>[39m
      [36m<main[39m
        [33mstyle[39m=[32m"display: grid; grid-template-columns: minmax(0, 1fr); width: 100%; max-width: none; 
min-width: 0px; box-sizing: border-box;"[39m
      [36m>[39m
        [36m<h1[39m
          [33mstyle[39m=[32m"font-size: 17px; font-weight: 600; margin: 0px 0px 4px;"[39m
        [36m>[39m
          [0mAdd your DNA data[0m
        [36m</h1>[39m
        [36m<div[39m
          [33mrole[39m=[32m"status"[39m
          [33mstyle[39m=[32m"background: var(--color-background-secondary, #f5f7f6); border: 1px solid 
var(--color-border-secondary, #ced4da); border-radius: 8px; padding: 12px 14px; margin: 0px 0px 14px; font-size: 13px; 
width: 100%; max-width: none; min-width: 0px; box-sizing: border-box;"[39m
        [36m>[39m
          [36m<p[39m
            [33mstyle[39m=[32m"margin: 0px 0px 4px; font-weight: 600;"[39m
          [36m>[39m
            [0mDNA data is already on file[0m
          [36m</p>[39m
          [36m<p[39m
            [33mstyle[39m=[32m"margin: 0px; color: var(--color-text-secondary, #5f6368);"[39m
          [36m>[39m
            [0mYou can ask ChatGPT about your Mutant analysis. Importing another file replaces it.[0m
          [36m</p>[39m
        [36m</div>[39m
        [36m<div[39m
          [33mstyle[39m=[32m"border-radius: 10px; padding: 26px 20px; text-align: center; background: 
var(--color-background-secondary, #fafbfc); width: 100%; max-width: none; min-width: 0px; box-sizing: border-box; 
border-color: var(--color-border-secondary, #ced4da);"[39m
        [36m>[39m
          [36m<p[39m
            [33mstyle[39m=[32m"margin: 0px 0px 4px; font-weight: 600;"[39m
          [36m>[39m
            [0mDrag and drop your DNA file here[0m
          [36m</p>[39m
          [36m<p[39m
            [33mstyle[39m=[32m"margin: 0px 0px 16px; font-size: 13px; color: var(--color-text-secondary, 
#5f6368);"[39m
          [36m>[39m
            [0mAccepted formats: .txt (23andMe, AncestryDNA), .vcf, and .vcf.gz[0m
          [36m</p>[39m
          [36m<button[39m
            [33mstyle[39m=[32m"display: inline-block; background: var(--mutant-accent, #1f7a3f); color: 
var(--mutant-accent-text, #ffffff); border: medium; border-radius: 8px; padding: 10px 18px; font-size: 14px; 
font-weight: 600; cursor: pointer;"[39m
            [33mtype[39m=[32m"button"[39m
          [36m>[39m
            [0mChoose DNA file[0m
          [36m</button>[39m
        [36m</div>[39m
        [36m<div[39m
          [33mstyle[39m=[32m"background: var(--color-background-secondary, #f0f9f0); border: 1px solid 
var(--color-border-secondary, #cdeacd); border-radius: 8px; padding: 12px 14px; margin: 16px 0px; font-size: 13px; 
width: 100%; max-width: none; min-width: 0px; box-sizing: border-box;"[39m
        [36m>[39m
          [36m<p[39m
            [33mstyle[39m=[32m"margin: 0px 0px 4px; font-weight: 600;"[39m
          [36m>[39m
            [0mYour raw DNA file is processed locally.[0m
          [36m</p>[39m
          [36m<p[39m
            [33mstyle[39m=[32m"margin: 0px; color: var(--color-text-secondary, #5f6368);"[39m
          [36m>[39m
            [0mOnly variants used by Mutant are submitted[0m
            [0m (2 markers in the Mutant panel)[0m
            [0m. Your file is never uploaded or stored by Mutant.[0m
          [36m</p>[39m
        [36m</div>[39m
        [36m<p[39m
          [33mstyle[39m=[32m"margin: 0px 0px 12px; font-size: 13px; color: var(--color-text-secondary, 
#5f6368);"[39m
        [36m>[39m
          [0mGenerating your analysis usually takes about 2ΓÇô3 minutes.[0m
        [36m</p>[39m
        [36m<input[39m
          [33maccept[39m=[32m".txt,.vcf,.gz,.bgz"[39m
          [33mstyle[39m=[32m"display: none;"[39m
          [33mtype[39m=[32m"file"[39m
        [36m/>[39m
      [36m</main>[39m
    [36m</div>[39m
  [36m</div>[39m
[36m</body>[39m
 Γ¥» waitForWrapper node_modules/@testing-library/dom/dist/wait-for.js:163:27
 Γ¥» node_modules/@testing-library/dom/dist/query-helpers.js:86:33
 Γ¥» tests/dna-import-ui.test.tsx:914:20
    912|       const bridge = renderWith({ get_analysis_status: statusResponse(ΓÇª
    913|
    914|       await screen.findByText(/Analysis ready/i);
       |                    ^
    915|       fireEvent.click(screen.getByRole("button", { name: /view my top ΓÇª
    916|       await screen.findByText(/Alpha finding/i);

ΓÄ»ΓÄ»ΓÄ»ΓÄ»ΓÄ»ΓÄ»ΓÄ»ΓÄ»ΓÄ»ΓÄ»ΓÄ»ΓÄ»ΓÄ»ΓÄ»ΓÄ»ΓÄ»ΓÄ»ΓÄ»ΓÄ»ΓÄ»ΓÄ»ΓÄ»[22/24]ΓÄ»

 FAIL  tests/dna-import-ui.test.tsx > DNA import component > shows a user-visible error when the host rejects the 
follow-up
TestingLibraryElementError: Unable to find an element with the text: /Analysis ready/i. This could be because the text 
is broken up by multiple elements. In this case, you can provide a function for your text matcher to make your matcher 
more flexible.

Ignored nodes: comments, script, style
[36m<body>[39m
  [36m<div>[39m
    [36m<div[39m
      [33mstyle[39m=[32m"font-family: ui-sans-serif, system-ui, -apple-system, \"Segoe UI\", Roboto, Helvetica, 
Arial, sans-serif; font-size: 14px; line-height: 1.5; color: var(--color-text-primary, #1a1a1a); background: 
var(--color-background-primary, #ffffff); padding: 20px 22px; width: 100%; max-width: none; min-width: 0px; 
box-sizing: border-box; --mutant-accent: #1f7a3f; --mutant-accent-text: #ffffff; --mutant-error-bg: #fdecea; 
--mutant-error-border: #f5c6cb; --mutant-error-text: #7f1d1d; --mutant-drop-active: #f0fff4;"[39m
    [36m>[39m
      [36m<main[39m
        [33mstyle[39m=[32m"display: grid; grid-template-columns: minmax(0, 1fr); width: 100%; max-width: none; 
min-width: 0px; box-sizing: border-box;"[39m
      [36m>[39m
        [36m<h1[39m
          [33mstyle[39m=[32m"font-size: 17px; font-weight: 600; margin: 0px 0px 4px;"[39m
        [36m>[39m
          [0mAdd your DNA data[0m
        [36m</h1>[39m
        [36m<div[39m
          [33mrole[39m=[32m"status"[39m
          [33mstyle[39m=[32m"background: var(--color-background-secondary, #f5f7f6); border: 1px solid 
var(--color-border-secondary, #ced4da); border-radius: 8px; padding: 12px 14px; margin: 0px 0px 14px; font-size: 13px; 
width: 100%; max-width: none; min-width: 0px; box-sizing: border-box;"[39m
        [36m>[39m
          [36m<p[39m
            [33mstyle[39m=[32m"margin: 0px 0px 4px; font-weight: 600;"[39m
          [36m>[39m
            [0mDNA data is already on file[0m
          [36m</p>[39m
          [36m<p[39m
            [33mstyle[39m=[32m"margin: 0px; color: var(--color-text-secondary, #5f6368);"[39m
          [36m>[39m
            [0mYou can ask ChatGPT about your Mutant analysis. Importing another file replaces it.[0m
          [36m</p>[39m
        [36m</div>[39m
        [36m<div[39m
          [33mstyle[39m=[32m"border-radius: 10px; padding: 26px 20px; text-align: center; background: 
var(--color-background-secondary, #fafbfc); width: 100%; max-width: none; min-width: 0px; box-sizing: border-box; 
border-color: var(--color-border-secondary, #ced4da);"[39m
        [36m>[39m
          [36m<p[39m
            [33mstyle[39m=[32m"margin: 0px 0px 4px; font-weight: 600;"[39m
          [36m>[39m
            [0mDrag and drop your DNA file here[0m
          [36m</p>[39m
          [36m<p[39m
            [33mstyle[39m=[32m"margin: 0px 0px 16px; font-size: 13px; color: var(--color-text-secondary, 
#5f6368);"[39m
          [36m>[39m
            [0mAccepted formats: .txt (23andMe, AncestryDNA), .vcf, and .vcf.gz[0m
          [36m</p>[39m
          [36m<button[39m
            [33mstyle[39m=[32m"display: inline-block; background: var(--mutant-accent, #1f7a3f); color: 
var(--mutant-accent-text, #ffffff); border: medium; border-radius: 8px; padding: 10px 18px; font-size: 14px; 
font-weight: 600; cursor: pointer;"[39m
            [33mtype[39m=[32m"button"[39m
          [36m>[39m
            [0mChoose DNA file[0m
          [36m</button>[39m
        [36m</div>[39m
        [36m<div[39m
          [33mstyle[39m=[32m"background: var(--color-background-secondary, #f0f9f0); border: 1px solid 
var(--color-border-secondary, #cdeacd); border-radius: 8px; padding: 12px 14px; margin: 16px 0px; font-size: 13px; 
width: 100%; max-width: none; min-width: 0px; box-sizing: border-box;"[39m
        [36m>[39m
          [36m<p[39m
            [33mstyle[39m=[32m"margin: 0px 0px 4px; font-weight: 600;"[39m
          [36m>[39m
            [0mYour raw DNA file is processed locally.[0m
          [36m</p>[39m
          [36m<p[39m
            [33mstyle[39m=[32m"margin: 0px; color: var(--color-text-secondary, #5f6368);"[39m
          [36m>[39m
            [0mOnly variants used by Mutant are submitted[0m
            [0m (2 markers in the Mutant panel)[0m
            [0m. Your file is never uploaded or stored by Mutant.[0m
          [36m</p>[39m
        [36m</div>[39m
        [36m<p[39m
          [33mstyle[39m=[32m"margin: 0px 0px 12px; font-size: 13px; color: var(--color-text-secondary, 
#5f6368);"[39m
        [36m>[39m
          [0mGenerating your analysis usually takes about 2ΓÇô3 minutes.[0m
        [36m</p>[39m
        [36m<input[39m
          [33maccept[39m=[32m".txt,.vcf,.gz,.bgz"[39m
          [33mstyle[39m=[32m"display: none;"[39m
          [33mtype[39m=[32m"file"[39m
        [36m/>[39m
      [36m</main>[39m
    [36m</div>[39m
  [36m</div>[39m
[36m</body>[39m

Ignored nodes: comments, script, style
[36m<body>[39m
  [36m<div>[39m
    [36m<div[39m
      [33mstyle[39m=[32m"font-family: ui-sans-serif, system-ui, -apple-system, \"Segoe UI\", Roboto, Helvetica, 
Arial, sans-serif; font-size: 14px; line-height: 1.5; color: var(--color-text-primary, #1a1a1a); background: 
var(--color-background-primary, #ffffff); padding: 20px 22px; width: 100%; max-width: none; min-width: 0px; 
box-sizing: border-box; --mutant-accent: #1f7a3f; --mutant-accent-text: #ffffff; --mutant-error-bg: #fdecea; 
--mutant-error-border: #f5c6cb; --mutant-error-text: #7f1d1d; --mutant-drop-active: #f0fff4;"[39m
    [36m>[39m
      [36m<main[39m
        [33mstyle[39m=[32m"display: grid; grid-template-columns: minmax(0, 1fr); width: 100%; max-width: none; 
min-width: 0px; box-sizing: border-box;"[39m
      [36m>[39m
        [36m<h1[39m
          [33mstyle[39m=[32m"font-size: 17px; font-weight: 600; margin: 0px 0px 4px;"[39m
        [36m>[39m
          [0mAdd your DNA data[0m
        [36m</h1>[39m
        [36m<div[39m
          [33mrole[39m=[32m"status"[39m
          [33mstyle[39m=[32m"background: var(--color-background-secondary, #f5f7f6); border: 1px solid 
var(--color-border-secondary, #ced4da); border-radius: 8px; padding: 12px 14px; margin: 0px 0px 14px; font-size: 13px; 
width: 100%; max-width: none; min-width: 0px; box-sizing: border-box;"[39m
        [36m>[39m
          [36m<p[39m
            [33mstyle[39m=[32m"margin: 0px 0px 4px; font-weight: 600;"[39m
          [36m>[39m
            [0mDNA data is already on file[0m
          [36m</p>[39m
          [36m<p[39m
            [33mstyle[39m=[32m"margin: 0px; color: var(--color-text-secondary, #5f6368);"[39m
          [36m>[39m
            [0mYou can ask ChatGPT about your Mutant analysis. Importing another file replaces it.[0m
          [36m</p>[39m
        [36m</div>[39m
        [36m<div[39m
          [33mstyle[39m=[32m"border-radius: 10px; padding: 26px 20px; text-align: center; background: 
var(--color-background-secondary, #fafbfc); width: 100%; max-width: none; min-width: 0px; box-sizing: border-box; 
border-color: var(--color-border-secondary, #ced4da);"[39m
        [36m>[39m
          [36m<p[39m
            [33mstyle[39m=[32m"margin: 0px 0px 4px; font-weight: 600;"[39m
          [36m>[39m
            [0mDrag and drop your DNA file here[0m
          [36m</p>[39m
          [36m<p[39m
            [33mstyle[39m=[32m"margin: 0px 0px 16px; font-size: 13px; color: var(--color-text-secondary, 
#5f6368);"[39m
          [36m>[39m
            [0mAccepted formats: .txt (23andMe, AncestryDNA), .vcf, and .vcf.gz[0m
          [36m</p>[39m
          [36m<button[39m
            [33mstyle[39m=[32m"display: inline-block; background: var(--mutant-accent, #1f7a3f); color: 
var(--mutant-accent-text, #ffffff); border: medium; border-radius: 8px; padding: 10px 18px; font-size: 14px; 
font-weight: 600; cursor: pointer;"[39m
            [33mtype[39m=[32m"button"[39m
          [36m>[39m
            [0mChoose DNA file[0m
          [36m</button>[39m
        [36m</div>[39m
        [36m<div[39m
          [33mstyle[39m=[32m"background: var(--color-background-secondary, #f0f9f0); border: 1px solid 
var(--color-border-secondary, #cdeacd); border-radius: 8px; padding: 12px 14px; margin: 16px 0px; font-size: 13px; 
width: 100%; max-width: none; min-width: 0px; box-sizing: border-box;"[39m
        [36m>[39m
          [36m<p[39m
            [33mstyle[39m=[32m"margin: 0px 0px 4px; font-weight: 600;"[39m
          [36m>[39m
            [0mYour raw DNA file is processed locally.[0m
          [36m</p>[39m
          [36m<p[39m
            [33mstyle[39m=[32m"margin: 0px; color: var(--color-text-secondary, #5f6368);"[39m
          [36m>[39m
            [0mOnly variants used by Mutant are submitted[0m
            [0m (2 markers in the Mutant panel)[0m
            [0m. Your file is never uploaded or stored by Mutant.[0m
          [36m</p>[39m
        [36m</div>[39m
        [36m<p[39m
          [33mstyle[39m=[32m"margin: 0px 0px 12px; font-size: 13px; color: var(--color-text-secondary, 
#5f6368);"[39m
        [36m>[39m
          [0mGenerating your analysis usually takes about 2ΓÇô3 minutes.[0m
        [36m</p>[39m
        [36m<input[39m
          [33maccept[39m=[32m".txt,.vcf,.gz,.bgz"[39m
          [33mstyle[39m=[32m"display: none;"[39m
          [33mtype[39m=[32m"file"[39m
        [36m/>[39m
      [36m</main>[39m
    [36m</div>[39m
  [36m</div>[39m
[36m</body>[39m
 Γ¥» waitForWrapper node_modules/@testing-library/dom/dist/wait-for.js:163:27
 Γ¥» node_modules/@testing-library/dom/dist/query-helpers.js:86:33
 Γ¥» tests/dna-import-ui.test.tsx:940:18
    938|     );
    939|
    940|     await screen.findByText(/Analysis ready/i);
       |                  ^
    941|     fireEvent.click(screen.getByRole("button", { name: /view my top 3 ΓÇª
    942|     await screen.findByText(/Alpha finding/i);

ΓÄ»ΓÄ»ΓÄ»ΓÄ»ΓÄ»ΓÄ»ΓÄ»ΓÄ»ΓÄ»ΓÄ»ΓÄ»ΓÄ»ΓÄ»ΓÄ»ΓÄ»ΓÄ»ΓÄ»ΓÄ»ΓÄ»ΓÄ»ΓÄ»ΓÄ»[23/24]ΓÄ»

 FAIL  tests/dna-import-ui.test.tsx > DNA import component > exposes a low-emphasis replace action once the analysis 
is ready
TestingLibraryElementError: Unable to find an element with the text: /Analysis ready/i. This could be because the text 
is broken up by multiple elements. In this case, you can provide a function for your text matcher to make your matcher 
more flexible.

Ignored nodes: comments, script, style
[36m<body>[39m
  [36m<div>[39m
    [36m<div[39m
      [33mstyle[39m=[32m"font-family: ui-sans-serif, system-ui, -apple-system, \"Segoe UI\", Roboto, Helvetica, 
Arial, sans-serif; font-size: 14px; line-height: 1.5; color: var(--color-text-primary, #1a1a1a); background: 
var(--color-background-primary, #ffffff); padding: 20px 22px; width: 100%; max-width: none; min-width: 0px; 
box-sizing: border-box; --mutant-accent: #1f7a3f; --mutant-accent-text: #ffffff; --mutant-error-bg: #fdecea; 
--mutant-error-border: #f5c6cb; --mutant-error-text: #7f1d1d; --mutant-drop-active: #f0fff4;"[39m
    [36m>[39m
      [36m<main[39m
        [33mstyle[39m=[32m"display: grid; grid-template-columns: minmax(0, 1fr); width: 100%; max-width: none; 
min-width: 0px; box-sizing: border-box;"[39m
      [36m>[39m
        [36m<h1[39m
          [33mstyle[39m=[32m"font-size: 17px; font-weight: 600; margin: 0px 0px 4px;"[39m
        [36m>[39m
          [0mAdd your DNA data[0m
        [36m</h1>[39m
        [36m<div[39m
          [33mrole[39m=[32m"status"[39m
          [33mstyle[39m=[32m"background: var(--color-background-secondary, #f5f7f6); border: 1px solid 
var(--color-border-secondary, #ced4da); border-radius: 8px; padding: 12px 14px; margin: 0px 0px 14px; font-size: 13px; 
width: 100%; max-width: none; min-width: 0px; box-sizing: border-box;"[39m
        [36m>[39m
          [36m<p[39m
            [33mstyle[39m=[32m"margin: 0px 0px 4px; font-weight: 600;"[39m
          [36m>[39m
            [0mDNA data is already on file[0m
          [36m</p>[39m
          [36m<p[39m
            [33mstyle[39m=[32m"margin: 0px; color: var(--color-text-secondary, #5f6368);"[39m
          [36m>[39m
            [0mYou can ask ChatGPT about your Mutant analysis. Importing another file replaces it.[0m
          [36m</p>[39m
        [36m</div>[39m
        [36m<div[39m
          [33mstyle[39m=[32m"border-radius: 10px; padding: 26px 20px; text-align: center; background: 
var(--color-background-secondary, #fafbfc); width: 100%; max-width: none; min-width: 0px; box-sizing: border-box; 
border-color: var(--color-border-secondary, #ced4da);"[39m
        [36m>[39m
          [36m<p[39m
            [33mstyle[39m=[32m"margin: 0px 0px 4px; font-weight: 600;"[39m
          [36m>[39m
            [0mDrag and drop your DNA file here[0m
          [36m</p>[39m
          [36m<p[39m
            [33mstyle[39m=[32m"margin: 0px 0px 16px; font-size: 13px; color: var(--color-text-secondary, 
#5f6368);"[39m
          [36m>[39m
            [0mAccepted formats: .txt (23andMe, AncestryDNA), .vcf, and .vcf.gz[0m
          [36m</p>[39m
          [36m<button[39m
            [33mstyle[39m=[32m"display: inline-block; background: var(--mutant-accent, #1f7a3f); color: 
var(--mutant-accent-text, #ffffff); border: medium; border-radius: 8px; padding: 10px 18px; font-size: 14px; 
font-weight: 600; cursor: pointer;"[39m
            [33mtype[39m=[32m"button"[39m
          [36m>[39m
            [0mChoose DNA file[0m
          [36m</button>[39m
        [36m</div>[39m
        [36m<div[39m
          [33mstyle[39m=[32m"background: var(--color-background-secondary, #f0f9f0); border: 1px solid 
var(--color-border-secondary, #cdeacd); border-radius: 8px; padding: 12px 14px; margin: 16px 0px; font-size: 13px; 
width: 100%; max-width: none; min-width: 0px; box-sizing: border-box;"[39m
        [36m>[39m
          [36m<p[39m
            [33mstyle[39m=[32m"margin: 0px 0px 4px; font-weight: 600;"[39m
          [36m>[39m
            [0mYour raw DNA file is processed locally.[0m
          [36m</p>[39m
          [36m<p[39m
            [33mstyle[39m=[32m"margin: 0px; color: var(--color-text-secondary, #5f6368);"[39m
          [36m>[39m
            [0mOnly variants used by Mutant are submitted[0m
            [0m (2 markers in the Mutant panel)[0m
            [0m. Your file is never uploaded or stored by Mutant.[0m
          [36m</p>[39m
        [36m</div>[39m
        [36m<p[39m
          [33mstyle[39m=[32m"margin: 0px 0px 12px; font-size: 13px; color: var(--color-text-secondary, 
#5f6368);"[39m
        [36m>[39m
          [0mGenerating your analysis usually takes about 2ΓÇô3 minutes.[0m
        [36m</p>[39m
        [36m<input[39m
          [33maccept[39m=[32m".txt,.vcf,.gz,.bgz"[39m
          [33mstyle[39m=[32m"display: none;"[39m
          [33mtype[39m=[32m"file"[39m
        [36m/>[39m
      [36m</main>[39m
    [36m</div>[39m
  [36m</div>[39m
[36m</body>[39m

Ignored nodes: comments, script, style
[36m<body>[39m
  [36m<div>[39m
    [36m<div[39m
      [33mstyle[39m=[32m"font-family: ui-sans-serif, system-ui, -apple-system, \"Segoe UI\", Roboto, Helvetica, 
Arial, sans-serif; font-size: 14px; line-height: 1.5; color: var(--color-text-primary, #1a1a1a); background: 
var(--color-background-primary, #ffffff); padding: 20px 22px; width: 100%; max-width: none; min-width: 0px; 
box-sizing: border-box; --mutant-accent: #1f7a3f; --mutant-accent-text: #ffffff; --mutant-error-bg: #fdecea; 
--mutant-error-border: #f5c6cb; --mutant-error-text: #7f1d1d; --mutant-drop-active: #f0fff4;"[39m
    [36m>[39m
      [36m<main[39m
        [33mstyle[39m=[32m"display: grid; grid-template-columns: minmax(0, 1fr); width: 100%; max-width: none; 
min-width: 0px; box-sizing: border-box;"[39m
      [36m>[39m
        [36m<h1[39m
          [33mstyle[39m=[32m"font-size: 17px; font-weight: 600; margin: 0px 0px 4px;"[39m
        [36m>[39m
          [0mAdd your DNA data[0m
        [36m</h1>[39m
        [36m<div[39m
          [33mrole[39m=[32m"status"[39m
          [33mstyle[39m=[32m"background: var(--color-background-secondary, #f5f7f6); border: 1px solid 
var(--color-border-secondary, #ced4da); border-radius: 8px; padding: 12px 14px; margin: 0px 0px 14px; font-size: 13px; 
width: 100%; max-width: none; min-width: 0px; box-sizing: border-box;"[39m
        [36m>[39m
          [36m<p[39m
            [33mstyle[39m=[32m"margin: 0px 0px 4px; font-weight: 600;"[39m
          [36m>[39m
            [0mDNA data is already on file[0m
          [36m</p>[39m
          [36m<p[39m
            [33mstyle[39m=[32m"margin: 0px; color: var(--color-text-secondary, #5f6368);"[39m
          [36m>[39m
            [0mYou can ask ChatGPT about your Mutant analysis. Importing another file replaces it.[0m
          [36m</p>[39m
        [36m</div>[39m
        [36m<div[39m
          [33mstyle[39m=[32m"border-radius: 10px; padding: 26px 20px; text-align: center; background: 
var(--color-background-secondary, #fafbfc); width: 100%; max-width: none; min-width: 0px; box-sizing: border-box; 
border-color: var(--color-border-secondary, #ced4da);"[39m
        [36m>[39m
          [36m<p[39m
            [33mstyle[39m=[32m"margin: 0px 0px 4px; font-weight: 600;"[39m
          [36m>[39m
            [0mDrag and drop your DNA file here[0m
          [36m</p>[39m
          [36m<p[39m
            [33mstyle[39m=[32m"margin: 0px 0px 16px; font-size: 13px; color: var(--color-text-secondary, 
#5f6368);"[39m
          [36m>[39m
            [0mAccepted formats: .txt (23andMe, AncestryDNA), .vcf, and .vcf.gz[0m
          [36m</p>[39m

 Test Files  1 failed (1)
      Tests  24 failed | 20 passed (44)
   Start at  13:12:23
   Duration  26.77s (transform 139ms, setup 0ms, import 414ms, tests 25.43s, environment 776ms)

          [36m<button[39m
            [33mstyle[39m=[32m"display: inline-block; background: var(--mutant-accent, #1f7a3f); color: 
var(--mutant-accent-text, #ffffff); border: medium; border-radius: 8px; padding: 10px 18px; font-size: 14px; 
font-weight: 600; cursor: pointer;"[39m
            [33mtype[39m=[32m"button"[39m
          [36m>[39m
            [0mChoose DNA file[0m
          [36m</button>[39m
        [36m</div>[39m
        [36m<div[39m
          [33mstyle[39m=[32m"background: var(--color-background-secondary, #f0f9f0); border: 1px solid 
var(--color-border-secondary, #cdeacd); border-radius: 8px; padding: 12px 14px; margin: 16px 0px; font-size: 13px; 
width: 100%; max-width: none; min-width: 0px; box-sizing: border-box;"[39m
        [36m>[39m
          [36m<p[39m
            [33mstyle[39m=[32m"margin: 0px 0px 4px; font-weight: 600;"[39m
          [36m>[39m
            [0mYour raw DNA file is processed locally.[0m
          [36m</p>[39m
          [36m<p[39m
            [33mstyle[39m=[32m"margin: 0px; color: var(--color-text-secondary, #5f6368);"[39m
          [36m>[39m
            [0mOnly variants used by Mutant are submitted[0m
            [0m (2 markers in the Mutant panel)[0m
            [0m. Your file is never uploaded or stored by Mutant.[0m
          [36m</p>[39m
        [36m</div>[39m
        [36m<p[39m
          [33mstyle[39m=[32m"margin: 0px 0px 12px; font-size: 13px; color: var(--color-text-secondary, 
#5f6368);"[39m
        [36m>[39m
          [0mGenerating your analysis usually takes about 2ΓÇô3 minutes.[0m
        [36m</p>[39m
        [36m<input[39m
          [33maccept[39m=[32m".txt,.vcf,.gz,.bgz"[39m
          [33mstyle[39m=[32m"display: none;"[39m
          [33mtype[39m=[32m"file"[39m
        [36m/>[39m
      [36m</main>[39m
    [36m</div>[39m
  [36m</div>[39m
[36m</body>[39m
 Γ¥» waitForWrapper node_modules/@testing-library/dom/dist/wait-for.js:163:27
 Γ¥» node_modules/@testing-library/dom/dist/query-helpers.js:86:33
 Γ¥» tests/dna-import-ui.test.tsx:962:18
    960|     const bridge = renderWith({ get_analysis_status: statusResponse("rΓÇª
    961|
    962|     await screen.findByText(/Analysis ready/i);
       |                  ^
    963|     // No re-import control while processing; a quiet one when ready.
    964|     expect(screen.queryByRole("button", { name: /import another file/iΓÇª

ΓÄ»ΓÄ»ΓÄ»ΓÄ»ΓÄ»ΓÄ»ΓÄ»ΓÄ»ΓÄ»ΓÄ»ΓÄ»ΓÄ»ΓÄ»ΓÄ»ΓÄ»ΓÄ»ΓÄ»ΓÄ»ΓÄ»ΓÄ»ΓÄ»ΓÄ»[24/24]ΓÄ»

